CustomerID,FirstName,LastName,Email,City,Country,RegistrationDate
1,Danielle,Johnson,danielle.johnson1@example.com,Giza,Egypt,2023-01-31
2,Joshua,Walker,joshua.walker2@example.com,Dubai,Jordan,2021-07-25
3,Jill,Rhodes,jill.rhodes3@example.com,Giza,United Kingdom,2020-12-22
4,Patricia,Miller,patricia.miller4@example.com,London,Germany,2020-05-10
5,Robert,Johnson,robert.johnson5@example.com,Cairo,Saudi Arabia,2022-06-14
6,Jeffery,Wagner,jeffery.wagner6@example.com,Dubai,United Kingdom,2020-04-18
7,Anthony,Gonzalez,anthony.gonzalez7@example.com,Berlin,Jordan,2026-02-10
8,Debra,Gardner,debra.gardner8@example.com,Jeddah,Jordan,2025-01-13
9,Jeffrey,Lawrence,jeffrey.lawrence9@example.com,London,Kuwait,2020-01-27
10,Lisa,Smith,lisa.smith10@example.com,Alexandria,Germany,2023-10-25
11,Linda,Wolfe,linda.wolfe11@example.com,Abu Dhabi,UAE,2022-05-31
12,Matthew,Moore,matthew.moore12@example.com,Riyadh,Saudi Arabia,2021-01-14
13,Susan,Rogers,susan.rogers13@example.com,Jeddah,Saudi Arabia,2024-01-10
14,Christopher,Davis,christopher.davis14@example.com,Riyadh,United States,2022-12-19
15,Melanie,Munoz,melanie.munoz15@example.com,Cairo,France,2026-01-05
16,Lindsay,Blair,lindsay.blair16@example.com,Giza,Germany,2020-11-18
17,Amanda,Dudley,amanda.dudley17@example.com,Berlin,Kuwait,2024-01-21
18,Nicholas,Arnold,nicholas.arnold18@example.com,London,Jordan,2020-10-11
19,Maria,Montgomery,maria.montgomery19@example.com,Cairo,Jordan,2023-03-31
20,Michelle,Ray,michelle.ray20@example.com,Giza,Jordan,2021-02-17
21,Janet,Williams,janet.williams21@example.com,Jeddah,Kuwait,2025-01-31
22,Jeremy,Roberts,jeremy.roberts22@example.com,Riyadh,UAE,2024-02-25
23,Christopher,Hall,christopher.hall23@example.com,Riyadh,Jordan,2022-12-29
24,Craig,Ramirez,craig.ramirez24@example.com,Giza,United States,2021-12-01
25,Cynthia,Diaz,cynthia.diaz25@example.com,Berlin,Jordan,2021-10-31
26,Mitchell,Clark,mitchell.clark26@example.com,Amman,Germany,2023-01-10
27,Joseph,Zuniga,joseph.zuniga27@example.com,Berlin,Jordan,2023-08-21
28,Deborah,Lynch,deborah.lynch28@example.com,Cairo,Jordan,2020-05-11
29,George,Daniel,george.daniel29@example.com,Riyadh,Germany,2023-01-01
30,Frank,Gray,frank.gray30@example.com,Giza,Jordan,2026-05-12
31,Veronica,Bowman,veronica.bowman31@example.com,Riyadh,Jordan,2025-08-06
32,Angela,Cohen,angela.cohen32@example.com,Jeddah,France,2021-08-08
33,Megan,Parsons,megan.parsons33@example.com,Abu Dhabi,UAE,2022-10-07
34,Jeremy,Johnson,jeremy.johnson34@example.com,Berlin,United Kingdom,2022-12-12
35,Leslie,Adams,leslie.adams35@example.com,London,Germany,2026-07-18
36,Jason,Hahn,jason.hahn36@example.com,Jeddah,Qatar,2022-06-17
37,Nancy,Edwards,nancy.edwards37@example.com,Alexandria,United Kingdom,2025-07-14
38,Diana,Foster,diana.foster38@example.com,Giza,Egypt,2021-03-25
39,Robin,Ellis,robin.ellis39@example.com,Alexandria,UAE,2024-09-25
40,Joseph,Wright,joseph.wright40@example.com,London,Saudi Arabia,2024-04-25
41,Anna,Baker,anna.baker41@example.com,Jeddah,United States,2025-04-01
42,Brenda,Hurst,brenda.hurst42@example.com,Berlin,Kuwait,2026-03-16
43,Reginald,Robinson,reginald.robinson43@example.com,Cairo,Saudi Arabia,2026-01-08
44,Whitney,Hicks,whitney.hicks44@example.com,Abu Dhabi,Qatar,2021-04-01
45,Christopher,Williams,christopher.williams45@example.com,Abu Dhabi,Germany,2021-10-09
46,Daniel,Burton,daniel.burton46@example.com,Amman,Egypt,2022-12-14
47,Laura,Henderson,laura.henderson47@example.com,Berlin,UAE,2025-09-10
48,Bryan,James,bryan.james48@example.com,Giza,Kuwait,2025-09-10
49,Wendy,Rice,wendy.rice49@example.com,London,Jordan,2021-09-18
50,Tasha,Valencia,tasha.valencia50@example.com,Riyadh,UAE,2026-01-18
51,Alexander,Le,alexander.le51@example.com,Berlin,Egypt,2023-08-20
52,Erin,Herrera,erin.herrera52@example.com,Amman,Egypt,2021-04-03
53,Joseph,Davidson,joseph.davidson53@example.com,Riyadh,Kuwait,2022-09-07
54,Daniel,Graham,daniel.graham54@example.com,Cairo,Jordan,2026-05-12
55,Shawn,Mckay,shawn.mckay55@example.com,Giza,Saudi Arabia,2025-06-13
56,Nancy,Baker,nancy.baker56@example.com,Giza,United Kingdom,2021-05-30
57,Vincent,White,vincent.white57@example.com,Alexandria,France,2026-03-01
58,Rita,Harrell,rita.harrell58@example.com,Alexandria,Kuwait,2025-12-01
59,Kenneth,Fowler,kenneth.fowler59@example.com,London,Germany,2022-05-17
60,Chelsea,Hernandez,chelsea.hernandez60@example.com,Berlin,Jordan,2023-06-30
61,Kathryn,Ryan,kathryn.ryan61@example.com,Jeddah,Qatar,2024-11-29
62,Kimberly,Moreno,kimberly.moreno62@example.com,Berlin,France,2021-05-10
63,Aaron,Nguyen,aaron.nguyen63@example.com,Dubai,Jordan,2020-09-19
64,Andrew,Hickman,andrew.hickman64@example.com,Riyadh,Egypt,2026-08-06
65,Natasha,Decker,natasha.decker65@example.com,Berlin,Jordan,2026-08-07
66,Kyle,Brown,kyle.brown66@example.com,Dubai,Egypt,2020-10-17
67,Natalie,Arroyo,natalie.arroyo67@example.com,Cairo,Jordan,2020-10-03
68,Christopher,Tucker,christopher.tucker68@example.com,Cairo,Qatar,2020-10-17
69,Chad,Hodges,chad.hodges69@example.com,Berlin,Jordan,2023-02-14
70,Katie,Anderson,katie.anderson70@example.com,Amman,Jordan,2026-01-17
71,Thomas,Pierce,thomas.pierce71@example.com,Alexandria,United States,2026-06-18
72,Joseph,Brennan,joseph.brennan72@example.com,Amman,Jordan,2025-04-21
73,Rodney,Lewis,rodney.lewis73@example.com,Jeddah,Jordan,2021-01-21
74,Amber,Blair,amber.blair74@example.com,Giza,Germany,2023-12-22
75,James,Collins,james.collins75@example.com,Jeddah,Germany,2025-03-27
76,Wanda,Santos,wanda.santos76@example.com,Cairo,Saudi Arabia,2020-09-05
77,Samuel,Holmes,samuel.holmes77@example.com,Jeddah,Qatar,2021-03-23
78,David,Walker,david.walker78@example.com,Dubai,Jordan,2022-02-18
79,Matthew,Chapman,matthew.chapman79@example.com,Berlin,France,2021-07-28
80,Jerry,Robinson,jerry.robinson80@example.com,Jeddah,UAE,2023-02-14
81,Chad,Welch,chad.welch81@example.com,Amman,Jordan,2020-11-04
82,Jeremy,Whitehead,jeremy.whitehead82@example.com,Amman,United Kingdom,2021-02-05
83,Michele,Jones,michele.jones83@example.com,Cairo,United Kingdom,2020-03-01
84,John,Caldwell,john.caldwell84@example.com,Giza,Jordan,2021-11-12
85,Jason,Anderson,jason.anderson85@example.com,Jeddah,France,2025-05-25
86,Selena,Duncan,selena.duncan86@example.com,Dubai,Germany,2020-08-28
87,Thomas,Mueller,thomas.mueller87@example.com,Alexandria,Germany,2020-01-09
88,Lindsey,Lee,lindsey.lee88@example.com,Jeddah,Kuwait,2025-02-06
89,Collin,Jordan,collin.jordan89@example.com,Abu Dhabi,Germany,2026-03-26
90,Rodney,Owens,rodney.owens90@example.com,Amman,UAE,2022-02-16
91,Jessica,Nunez,jessica.nunez91@example.com,Abu Dhabi,Jordan,2020-08-27
92,Tracey,Garcia,tracey.garcia92@example.com,London,United Kingdom,2020-09-06
93,Richard,Morgan,richard.morgan93@example.com,Riyadh,Egypt,2020-07-24
94,Michelle,Wright,michelle.wright94@example.com,London,France,2025-08-21
95,James,West,james.west95@example.com,Berlin,UAE,2020-08-20
96,Robert,Ramirez,robert.ramirez96@example.com,Berlin,Saudi Arabia,2022-01-31
97,John,Leblanc,john.leblanc97@example.com,Giza,United States,2020-10-05
98,Scott,Callahan,scott.callahan98@example.com,Dubai,Germany,2021-05-06
99,Andrea,Williams,andrea.williams99@example.com,London,Jordan,2026-06-29
100,Yvette,Huff,yvette.huff100@example.com,London,Egypt,2020-12-01
101,Tanya,House,tanya.house101@example.com,Jeddah,United States,2026-05-04
102,Melinda,Martin,melinda.martin102@example.com,Berlin,Qatar,2022-12-04
103,Todd,Lewis,todd.lewis103@example.com,Dubai,Qatar,2022-09-04
104,Richard,Brown,richard.brown104@example.com,Abu Dhabi,Germany,2021-06-20
105,Nicholas,Galloway,nicholas.galloway105@example.com,Abu Dhabi,France,2023-07-19
106,Joseph,Bowers,joseph.bowers106@example.com,Giza,Egypt,2025-02-20
107,Spencer,Henderson,spencer.henderson107@example.com,London,United States,2021-02-13
108,Susan,Cowan,susan.cowan108@example.com,Giza,United Kingdom,2022-05-23
109,Angela,Higgins,angela.higgins109@example.com,Berlin,Kuwait,2021-06-26
110,Eric,Phillips,eric.phillips110@example.com,Riyadh,Saudi Arabia,2022-09-27
111,Tanya,Riley,tanya.riley111@example.com,Riyadh,Kuwait,2021-10-08
112,Amy,Adkins,amy.adkins112@example.com,Amman,United Kingdom,2023-05-24
113,Brian,Silva,brian.silva113@example.com,London,United Kingdom,2020-02-02
114,Wesley,Farrell,wesley.farrell114@example.com,Berlin,Kuwait,2021-02-28
115,Eric,Yu,eric.yu115@example.com,Alexandria,Kuwait,2021-04-17
116,Christopher,Lopez,christopher.lopez116@example.com,Giza,United Kingdom,2021-09-28
117,Brooke,Leonard,brooke.leonard117@example.com,Abu Dhabi,Kuwait,2022-05-12
118,Joe,Wilson,joe.wilson118@example.com,Riyadh,Jordan,2022-12-17
119,Pamela,Sanchez,pamela.sanchez119@example.com,Berlin,France,2022-10-25
120,Brooke,Harvey,brooke.harvey120@example.com,Cairo,Saudi Arabia,2024-09-30
121,Robert,Silva,robert.silva121@example.com,Abu Dhabi,Egypt,2020-01-15
122,Alexandra,Donovan,alexandra.donovan122@example.com,Riyadh,UAE,2022-12-08
123,James,Moran,james.moran123@example.com,Alexandria,France,2026-03-09
124,John,Foster,john.foster124@example.com,Jeddah,United Kingdom,2020-02-09
125,Emily,Evans,emily.evans125@example.com,Giza,Saudi Arabia,2021-09-02
126,Leslie,Walton,leslie.walton126@example.com,Berlin,Egypt,2024-02-21
127,Charles,Ellis,charles.ellis127@example.com,London,United Kingdom,2021-08-29
128,Yolanda,Ferrell,yolanda.ferrell128@example.com,Jeddah,UAE,2020-06-20
129,Charles,Lewis,charles.lewis129@example.com,Abu Dhabi,Qatar,2020-06-12
130,Joseph,Mahoney,joseph.mahoney130@example.com,Riyadh,Jordan,2022-10-19
131,Nicole,Suarez,nicole.suarez131@example.com,Giza,Qatar,2026-04-12
132,Mike,Moore,mike.moore132@example.com,Jeddah,United States,2021-09-25
133,Martha,Warner,martha.warner133@example.com,Dubai,UAE,2021-12-26
134,Cheryl,Archer,cheryl.archer134@example.com,Jeddah,Egypt,2022-01-04
135,Destiny,Smith,destiny.smith135@example.com,Riyadh,Germany,2022-10-13
136,Lisa,Evans,lisa.evans136@example.com,Abu Dhabi,UAE,2021-03-18
137,Elizabeth,Mcmillan,elizabeth.mcmillan137@example.com,Jeddah,Egypt,2025-04-11
138,Dennis,Wilson,dennis.wilson138@example.com,Dubai,Jordan,2025-02-28
139,Daniel,Tran,daniel.tran139@example.com,Riyadh,Kuwait,2022-07-21
140,Joseph,Jacobs,joseph.jacobs140@example.com,Dubai,Egypt,2022-03-02
141,Jennifer,Harris,jennifer.harris141@example.com,Jeddah,Qatar,2023-02-15
142,Cynthia,Baker,cynthia.baker142@example.com,Giza,Kuwait,2023-12-09
143,Tracy,Whitehead,tracy.whitehead143@example.com,Berlin,Germany,2026-01-05
144,Meghan,Davis,meghan.davis144@example.com,Riyadh,Egypt,2021-04-17
145,Rodney,Hill,rodney.hill145@example.com,Abu Dhabi,UAE,2026-07-06
146,Adam,Wise,adam.wise146@example.com,Abu Dhabi,Egypt,2021-03-20
147,Dana,Green,dana.green147@example.com,London,Germany,2023-11-16
148,Joyce,Arnold,joyce.arnold148@example.com,Riyadh,Germany,2025-09-25
149,Ronald,Smith,ronald.smith149@example.com,Giza,Germany,2026-06-19
150,Charles,Ware,charles.ware150@example.com,Dubai,Kuwait,2020-06-30
151,Rebecca,Gardner,rebecca.gardner151@example.com,Jeddah,Egypt,2025-10-30
152,Mary,Aguilar,mary.aguilar152@example.com,Berlin,Jordan,2024-01-31
153,Earl,Anderson,earl.anderson153@example.com,Jeddah,Saudi Arabia,2023-09-14
154,Kyle,Nolan,kyle.nolan154@example.com,London,Qatar,2021-05-25
155,Laura,Valencia,laura.valencia155@example.com,Abu Dhabi,United Kingdom,2023-06-20
156,Rachel,Clark,rachel.clark156@example.com,Jeddah,Qatar,2024-07-06
157,John,Garcia,john.garcia157@example.com,Abu Dhabi,United Kingdom,2021-06-05
158,Kimberly,Henson,kimberly.henson158@example.com,Dubai,Germany,2024-04-01
159,Richard,Oliver,richard.oliver159@example.com,Alexandria,United States,2026-05-20
160,Eric,Spears,eric.spears160@example.com,Abu Dhabi,Germany,2026-02-22
161,Michelle,Cherry,michelle.cherry161@example.com,Cairo,Kuwait,2023-03-21
162,Lisa,Keith,lisa.keith162@example.com,Dubai,Germany,2026-07-03
163,Angel,Doyle,angel.doyle163@example.com,London,Qatar,2025-03-19
164,Martin,Galvan,martin.galvan164@example.com,Amman,France,2022-05-25
165,Leah,Shields,leah.shields165@example.com,Berlin,France,2021-11-26
166,Lisa,Adams,lisa.adams166@example.com,Giza,Kuwait,2025-10-12
167,Kristin,Rodriguez,kristin.rodriguez167@example.com,London,Qatar,2021-01-17
168,Monica,Garrison,monica.garrison168@example.com,Dubai,Kuwait,2022-07-09
169,Jeffrey,Velasquez,jeffrey.velasquez169@example.com,Dubai,UAE,2020-04-10
170,Steven,Torres,steven.torres170@example.com,Cairo,Jordan,2025-04-30
171,Laura,Perez,laura.perez171@example.com,London,Saudi Arabia,2025-02-08
172,Andrew,Lee,andrew.lee172@example.com,Jeddah,United States,2022-03-07
173,Mark,Lin,mark.lin173@example.com,Jeddah,France,2024-06-24
174,Tammy,Ramirez,tammy.ramirez174@example.com,Dubai,UAE,2020-01-23
175,Darlene,Ross,darlene.ross175@example.com,Giza,Germany,2022-06-15
176,Tina,Herrera,tina.herrera176@example.com,Alexandria,United Kingdom,2025-03-17
177,Sheila,Wilson,sheila.wilson177@example.com,Cairo,United Kingdom,2022-10-17
178,Tara,White,tara.white178@example.com,Giza,France,2021-06-30
179,Sydney,Baker,sydney.baker179@example.com,Amman,United Kingdom,2026-04-08
180,Daniel,Hamilton,daniel.hamilton180@example.com,London,Qatar,2024-12-17
181,Jessica,Edwards,jessica.edwards181@example.com,London,United Kingdom,2024-10-13
182,Catherine,Dixon,catherine.dixon182@example.com,Berlin,France,2021-10-13
183,Paul,Ray,paul.ray183@example.com,Amman,France,2022-11-27
184,Jonathan,Fletcher,jonathan.fletcher184@example.com,Dubai,Kuwait,2025-11-05
185,Aaron,Frost,aaron.frost185@example.com,Amman,Jordan,2023-01-29
186,Amanda,Ball,amanda.ball186@example.com,Amman,Saudi Arabia,2023-03-16
187,Judy,Lambert,judy.lambert187@example.com,Dubai,Kuwait,2023-10-07
188,Michael,Jones,michael.jones188@example.com,Riyadh,United Kingdom,2020-11-26
189,Elizabeth,Rivera,elizabeth.rivera189@example.com,Alexandria,UAE,2022-08-05
190,Lee,Charles,lee.charles190@example.com,Jeddah,UAE,2022-05-26
191,Jennifer,Evans,jennifer.evans191@example.com,Giza,Germany,2024-07-27
192,Kyle,Ortiz,kyle.ortiz192@example.com,Riyadh,United Kingdom,2025-03-23
193,Richard,Phillips,richard.phillips193@example.com,Jeddah,Egypt,2022-04-27
194,David,Fisher,david.fisher194@example.com,Jeddah,Germany,2026-07-20
195,Shelby,Byrd,shelby.byrd195@example.com,Cairo,United States,2024-04-07
196,Raven,Gilbert,raven.gilbert196@example.com,Amman,Egypt,2023-12-11
197,Kevin,Kelley,kevin.kelley197@example.com,Abu Dhabi,Germany,2024-09-12
198,Aaron,Mitchell,aaron.mitchell198@example.com,Berlin,United Kingdom,2022-06-22
199,Russell,Carpenter,russell.carpenter199@example.com,Amman,Jordan,2023-01-22
200,Diana,Marshall,diana.marshall200@example.com,Jeddah,France,2020-04-28
201,Scott,Lewis,scott.lewis201@example.com,Jeddah,Qatar,2024-07-14
202,Thomas,Santana,thomas.santana202@example.com,Alexandria,France,2021-06-06
203,Laura,Jackson,laura.jackson203@example.com,London,United Kingdom,2020-04-20
204,Christopher,Robertson,christopher.robertson204@example.com,Jeddah,United States,2026-04-30
205,Cynthia,Rogers,cynthia.rogers205@example.com,Cairo,Saudi Arabia,2024-10-21
206,Loretta,Potter,loretta.potter206@example.com,Alexandria,France,2022-01-14
207,Emily,Walker,emily.walker207@example.com,Cairo,Kuwait,2024-04-01
208,James,Johnson,james.johnson208@example.com,Riyadh,Jordan,2025-02-05
209,John,Alvarez,john.alvarez209@example.com,Riyadh,Qatar,2024-04-01
210,Melissa,Jones,melissa.jones210@example.com,Abu Dhabi,Germany,2022-10-30
211,Robert,Soto,robert.soto211@example.com,Giza,France,2020-03-20
212,James,Horton,james.horton212@example.com,Berlin,Egypt,2023-12-04
213,Troy,Sanchez,troy.sanchez213@example.com,Dubai,Saudi Arabia,2020-06-13
214,Diana,Smith,diana.smith214@example.com,Cairo,Jordan,2022-03-27
215,Karen,Carrillo,karen.carrillo215@example.com,Cairo,United States,2021-09-16
216,Daniel,Coleman,daniel.coleman216@example.com,Dubai,UAE,2025-04-23
217,Gregory,Rubio,gregory.rubio217@example.com,Giza,United States,2022-06-11
218,April,Williams,april.williams218@example.com,Amman,Kuwait,2024-02-19
219,John,Charles,john.charles219@example.com,Alexandria,United States,2021-04-14
220,Stephen,Solis,stephen.solis220@example.com,Alexandria,Kuwait,2021-03-18
221,Elizabeth,Travis,elizabeth.travis221@example.com,London,Egypt,2023-07-01
222,Caitlin,Dodson,caitlin.dodson222@example.com,London,Germany,2024-06-12
223,Patricia,Salazar,patricia.salazar223@example.com,Dubai,Saudi Arabia,2026-08-22
224,Jennifer,Wagner,jennifer.wagner224@example.com,Dubai,Saudi Arabia,2023-05-20
225,Maria,Kelley,maria.kelley225@example.com,London,Saudi Arabia,2026-05-07
226,Phyllis,Manning,phyllis.manning226@example.com,Cairo,Qatar,2025-12-22
227,Thomas,Green,thomas.green227@example.com,Jeddah,Qatar,2020-10-09
228,John,Walsh,john.walsh228@example.com,Berlin,Qatar,2020-02-21
229,Katie,Boyd,katie.boyd229@example.com,Jeddah,France,2021-03-08
230,Courtney,Hill,courtney.hill230@example.com,Jeddah,Qatar,2025-02-26
231,Chris,Mitchell,chris.mitchell231@example.com,Alexandria,Germany,2021-12-22
232,Joseph,Flores,joseph.flores232@example.com,Berlin,Kuwait,2026-01-13
233,Amber,Taylor,amber.taylor233@example.com,Amman,France,2024-11-19
234,Jesse,Benson,jesse.benson234@example.com,London,Kuwait,2023-08-13
235,Jasmine,Brown,jasmine.brown235@example.com,Dubai,Saudi Arabia,2023-02-16
236,Rick,Daniels,rick.daniels236@example.com,Amman,Jordan,2025-03-18
237,Robert,Clark,robert.clark237@example.com,London,United States,2024-04-01
238,Robert,Stein,robert.stein238@example.com,Riyadh,Egypt,2025-07-17
239,Brandy,Dominguez,brandy.dominguez239@example.com,Riyadh,UAE,2025-06-20
240,Melissa,Cannon,melissa.cannon240@example.com,Dubai,Qatar,2022-11-24
241,Omar,Smith,omar.smith241@example.com,Riyadh,Kuwait,2026-09-07
242,Michael,Molina,michael.molina242@example.com,Abu Dhabi,United Kingdom,2020-02-11
243,Melissa,Ashley,melissa.ashley243@example.com,Berlin,Jordan,2020-12-16
244,Robert,Adkins,robert.adkins244@example.com,Dubai,Germany,2025-06-24
245,Amy,Morrison,amy.morrison245@example.com,Berlin,Jordan,2025-05-04
246,Jeffrey,Robinson,jeffrey.robinson246@example.com,Amman,France,2020-03-11
247,Ryan,Johnson,ryan.johnson247@example.com,Giza,Kuwait,2022-06-26
248,Matthew,Shelton,matthew.shelton248@example.com,Jeddah,Jordan,2023-06-08
249,Richard,Martin,richard.martin249@example.com,London,Qatar,2025-04-22
250,Tanner,Anderson,tanner.anderson250@example.com,Berlin,United Kingdom,2023-11-09
251,Cindy,Johnson,cindy.johnson251@example.com,Jeddah,United Kingdom,2023-09-16
252,Phillip,Elliott,phillip.elliott252@example.com,Riyadh,France,2023-01-14
253,Anthony,Day,anthony.day253@example.com,Abu Dhabi,Kuwait,2022-08-02
254,Derek,Murray,derek.murray254@example.com,Giza,Jordan,2023-07-16
255,Brent,Gray,brent.gray255@example.com,Giza,United Kingdom,2022-01-28
256,Jason,Murphy,jason.murphy256@example.com,Dubai,Jordan,2025-06-06
257,Kathleen,Gray,kathleen.gray257@example.com,Abu Dhabi,United States,2025-11-18
258,Karen,Decker,karen.decker258@example.com,London,Kuwait,2021-02-15
259,Johnny,Miller,johnny.miller259@example.com,Dubai,Kuwait,2022-07-20
260,Andrew,Ryan,andrew.ryan260@example.com,Riyadh,UAE,2023-05-23
261,Zoe,Bell,zoe.bell261@example.com,Cairo,United Kingdom,2021-06-02
262,Debra,Harrington,debra.harrington262@example.com,Abu Dhabi,Egypt,2020-08-11
263,Denise,Webster,denise.webster263@example.com,Berlin,Kuwait,2021-06-01
264,Stefanie,Gonzalez,stefanie.gonzalez264@example.com,Amman,Saudi Arabia,2020-02-20
265,Andrew,Hernandez,andrew.hernandez265@example.com,London,Kuwait,2025-04-06
266,David,Caldwell,david.caldwell266@example.com,Amman,France,2023-10-27
267,Anne,Robinson,anne.robinson267@example.com,Alexandria,Egypt,2022-10-31
268,Holly,Wang,holly.wang268@example.com,Amman,Saudi Arabia,2020-09-24
269,Gary,Lawson,gary.lawson269@example.com,Jeddah,France,2020-10-30
270,Julie,Wilson,julie.wilson270@example.com,London,Egypt,2021-09-13
271,Lori,Oconnell,lori.oconnell271@example.com,Alexandria,United States,2023-05-29
272,Daniel,Johnson,daniel.johnson272@example.com,Giza,Jordan,2021-04-30
273,Larry,Byrd,larry.byrd273@example.com,Berlin,Germany,2026-09-07
274,Susan,Sanders,susan.sanders274@example.com,London,Jordan,2025-11-10
275,Jennifer,Jones,jennifer.jones275@example.com,Jeddah,France,2024-12-18
276,Hannah,Burton,hannah.burton276@example.com,Abu Dhabi,United States,2024-10-22
277,Curtis,Barton,curtis.barton277@example.com,Abu Dhabi,United States,2020-09-03
278,Melissa,Burke,melissa.burke278@example.com,London,Saudi Arabia,2022-05-01
279,David,Riggs,david.riggs279@example.com,Dubai,Kuwait,2020-11-28
280,Kimberly,Reed,kimberly.reed280@example.com,Alexandria,Jordan,2021-12-12
281,Ross,Wood,ross.wood281@example.com,Berlin,Saudi Arabia,2021-10-03
282,William,Peterson,william.peterson282@example.com,Cairo,Germany,2025-01-19
283,Melissa,Short,melissa.short283@example.com,London,France,2023-04-07
284,Daniel,Yu,daniel.yu284@example.com,Cairo,Jordan,2023-03-26
285,Cynthia,Poole,cynthia.poole285@example.com,Abu Dhabi,France,2020-10-18
286,Jasmine,Graham,jasmine.graham286@example.com,Dubai,Kuwait,2026-08-12
287,Jessica,Sheppard,jessica.sheppard287@example.com,Dubai,Germany,2021-04-15
288,Joseph,Morton,joseph.morton288@example.com,Berlin,Jordan,2021-09-02
289,Amanda,Webb,amanda.webb289@example.com,Abu Dhabi,UAE,2020-10-19
290,Ryan,Simon,ryan.simon290@example.com,Cairo,UAE,2023-06-13
291,Joseph,Christian,joseph.christian291@example.com,London,United States,2023-03-28
292,Mariah,Miller,mariah.miller292@example.com,Amman,Saudi Arabia,2025-04-03
293,Nicole,Sanchez,nicole.sanchez293@example.com,Abu Dhabi,Germany,2023-01-20
294,Steven,Bishop,steven.bishop294@example.com,Berlin,United Kingdom,2025-07-15
295,Nicholas,Johnson,nicholas.johnson295@example.com,Amman,Saudi Arabia,2026-09-15
296,Melissa,White,melissa.white296@example.com,Cairo,Germany,2023-08-13
297,Jason,Salinas,jason.salinas297@example.com,London,Kuwait,2020-04-15
298,Matthew,Beard,matthew.beard298@example.com,Giza,Jordan,2026-06-14
299,Jacqueline,Hill,jacqueline.hill299@example.com,London,Egypt,2023-01-08
300,Alejandro,Vaughan,alejandro.vaughan300@example.com,London,Egypt,2021-12-18
301,Christopher,Cortez,christopher.cortez301@example.com,Amman,United Kingdom,2024-12-16
302,Tracy,Chang,tracy.chang302@example.com,Abu Dhabi,UAE,2026-07-25
303,Hannah,Brewer,hannah.brewer303@example.com,Jeddah,France,2021-01-08
304,Travis,Mcguire,travis.mcguire304@example.com,Amman,Qatar,2024-07-30
305,Christopher,Walker,christopher.walker305@example.com,Riyadh,Qatar,2021-03-04
306,Heather,Torres,heather.torres306@example.com,Alexandria,Qatar,2024-08-13
307,Bonnie,Kennedy,bonnie.kennedy307@example.com,Amman,Kuwait,2024-06-28
308,Alyssa,Coleman,alyssa.coleman308@example.com,Berlin,Egypt,2025-02-05
309,Julie,Rivera,julie.rivera309@example.com,Giza,Qatar,2022-10-30
310,Jacqueline,Nelson,jacqueline.nelson310@example.com,Riyadh,Saudi Arabia,2024-07-13
311,John,Martinez,john.martinez311@example.com,Berlin,Egypt,2026-01-31
312,James,Wilson,james.wilson312@example.com,Amman,Germany,2020-08-10
313,Amanda,Gill,amanda.gill313@example.com,Dubai,United Kingdom,2024-01-21
314,Jacob,Robinson,jacob.robinson314@example.com,London,France,2024-12-15
315,Todd,Hardy,todd.hardy315@example.com,Cairo,Jordan,2022-12-29
316,Tiffany,Warren,tiffany.warren316@example.com,Berlin,UAE,2023-03-25
317,Justin,Garcia,justin.garcia317@example.com,Amman,France,2021-05-12
318,James,Perez,james.perez318@example.com,Cairo,United States,2022-09-07
319,Harry,Smith,harry.smith319@example.com,Alexandria,Kuwait,2026-03-06
320,Amanda,Hill,amanda.hill320@example.com,Cairo,United Kingdom,2024-07-29
321,Terri,Tran,terri.tran321@example.com,Giza,Jordan,2021-04-09
322,Heidi,Martinez,heidi.martinez322@example.com,Amman,Saudi Arabia,2021-09-22
323,Miranda,Henry,miranda.henry323@example.com,Amman,Kuwait,2025-09-15
324,Monique,Andrews,monique.andrews324@example.com,Abu Dhabi,Germany,2025-05-30
325,Taylor,Alexander,taylor.alexander325@example.com,Amman,Jordan,2025-02-13
326,Jack,Williams,jack.williams326@example.com,Berlin,UAE,2024-04-20
327,Shelley,Woods,shelley.woods327@example.com,Dubai,United States,2025-09-12
328,Lynn,Morales,lynn.morales328@example.com,Alexandria,Saudi Arabia,2023-02-05
329,Charles,Soto,charles.soto329@example.com,Jeddah,Qatar,2025-09-10
330,Brian,Hernandez,brian.hernandez330@example.com,Abu Dhabi,Egypt,2023-03-04
331,Anna,Torres,anna.torres331@example.com,Abu Dhabi,United States,2026-07-03
332,Victoria,Wilson,victoria.wilson332@example.com,Amman,UAE,2025-01-03
333,Kathy,Obrien,kathy.obrien333@example.com,Berlin,France,2023-11-14
334,Krystal,Perez,krystal.perez334@example.com,Riyadh,United Kingdom,2026-02-03
335,Alexandra,Hayes,alexandra.hayes335@example.com,Jeddah,France,2023-08-11
336,Scott,Dalton,scott.dalton336@example.com,Dubai,Jordan,2026-05-31
337,Veronica,Torres,veronica.torres337@example.com,Jeddah,Jordan,2024-08-09
338,Christine,Lynch,christine.lynch338@example.com,Cairo,Qatar,2025-04-21
339,Jody,Meza,jody.meza339@example.com,Jeddah,Germany,2021-09-15
340,Jared,Clark,jared.clark340@example.com,Amman,Egypt,2021-06-01
341,Donna,Moore,donna.moore341@example.com,Berlin,United States,2023-09-21
342,Glenn,Jones,glenn.jones342@example.com,Giza,France,2021-02-12
343,Aaron,Hayes,aaron.hayes343@example.com,Berlin,France,2020-03-03
344,Brittney,Carter,brittney.carter344@example.com,Alexandria,Germany,2021-09-24
345,Jesse,Mann,jesse.mann345@example.com,Giza,France,2022-12-21
346,Jacqueline,Gibson,jacqueline.gibson346@example.com,Riyadh,United States,2024-06-16
347,Grace,Bradshaw,grace.bradshaw347@example.com,Giza,Qatar,2025-12-25
348,Kristin,Weber,kristin.weber348@example.com,Jeddah,Qatar,2025-06-21
349,Donna,Peck,donna.peck349@example.com,Berlin,Egypt,2020-10-07
350,Ronald,Stephens,ronald.stephens350@example.com,Dubai,Kuwait,2022-07-20
351,Deborah,Kerr,deborah.kerr351@example.com,Giza,Germany,2021-02-07
352,Margaret,Jones,margaret.jones352@example.com,Giza,France,2021-11-12
353,Gabriel,Parker,gabriel.parker353@example.com,Abu Dhabi,Egypt,2020-07-07
354,Kaitlyn,Carroll,kaitlyn.carroll354@example.com,Riyadh,Egypt,2023-04-16
355,Keith,Martinez,keith.martinez355@example.com,Riyadh,Qatar,2024-10-30
356,Haley,Lyons,haley.lyons356@example.com,Alexandria,Jordan,2025-12-15
357,Sherri,Mason,sherri.mason357@example.com,Jeddah,United States,2022-01-07
358,Troy,Miller,troy.miller358@example.com,Alexandria,UAE,2020-11-19
359,Bill,Reynolds,bill.reynolds359@example.com,London,Germany,2022-09-13
360,Marcus,Wright,marcus.wright360@example.com,Amman,United States,2021-08-09
361,Christopher,Hayden,christopher.hayden361@example.com,Dubai,France,2022-11-06
362,Mary,Johnston,mary.johnston362@example.com,Amman,Kuwait,2020-02-08
363,Stephanie,Key,stephanie.key363@example.com,Amman,Kuwait,2026-02-16
364,Emily,Adams,emily.adams364@example.com,Alexandria,Saudi Arabia,2024-12-14
365,Billy,Avila,billy.avila365@example.com,Riyadh,United States,2023-05-10
366,Thomas,Pearson,thomas.pearson366@example.com,Jeddah,Kuwait,2025-02-14
367,Sabrina,White,sabrina.white367@example.com,Abu Dhabi,Jordan,2024-04-24
368,Brenda,Walters,brenda.walters368@example.com,Amman,Saudi Arabia,2022-08-29
369,Travis,Davis,travis.davis369@example.com,Jeddah,United States,2024-01-10
370,Michael,Cook,michael.cook370@example.com,London,Kuwait,2023-04-24
371,Elizabeth,Hodge,elizabeth.hodge371@example.com,Cairo,Germany,2023-01-29
372,Mark,Steele,mark.steele372@example.com,Cairo,United States,2020-07-19
373,Keith,Landry,keith.landry373@example.com,London,France,2023-03-18
374,Lisa,Pierce,lisa.pierce374@example.com,Dubai,United States,2023-12-14
375,Shawn,Edwards,shawn.edwards375@example.com,Dubai,Jordan,2022-10-23
376,Marcus,Cordova,marcus.cordova376@example.com,Alexandria,Saudi Arabia,2020-06-10
377,Richard,Robertson,richard.robertson377@example.com,Abu Dhabi,France,2020-05-16
378,Vanessa,Sandoval,vanessa.sandoval378@example.com,London,Qatar,2021-06-22
379,Amy,Gutierrez,amy.gutierrez379@example.com,Giza,Kuwait,2023-08-31
380,Jacob,Cox,jacob.cox380@example.com,Jeddah,UAE,2022-04-02
381,Katherine,Garrett,katherine.garrett381@example.com,Alexandria,United Kingdom,2024-02-07
382,Kathleen,Harris,kathleen.harris382@example.com,Berlin,United Kingdom,2023-01-21
383,Andrea,Pennington,andrea.pennington383@example.com,Alexandria,Kuwait,2025-05-27
384,Samuel,Wolfe,samuel.wolfe384@example.com,Abu Dhabi,Qatar,2021-04-16
385,David,Dudley,david.dudley385@example.com,Amman,Saudi Arabia,2021-07-30
386,Chelsea,Allen,chelsea.allen386@example.com,Dubai,Germany,2026-04-01
387,Eric,Pierce,eric.pierce387@example.com,Riyadh,Saudi Arabia,2024-06-04
388,Andrea,Davis,andrea.davis388@example.com,Cairo,Kuwait,2026-01-06
389,Victoria,Durham,victoria.durham389@example.com,Giza,France,2024-02-18
390,Steven,Wilson,steven.wilson390@example.com,Abu Dhabi,United States,2024-04-09
391,Marilyn,Jimenez,marilyn.jimenez391@example.com,Riyadh,Saudi Arabia,2022-08-15
392,Jennifer,Hicks,jennifer.hicks392@example.com,Amman,Egypt,2026-04-18
393,Joshua,Davenport,joshua.davenport393@example.com,Riyadh,United States,2022-06-25
394,Tina,Sanchez,tina.sanchez394@example.com,Giza,France,2023-05-22
395,Andrea,Reyes,andrea.reyes395@example.com,Jeddah,Saudi Arabia,2021-07-26
396,Sandra,Romero,sandra.romero396@example.com,Cairo,Egypt,2023-05-31
397,Natasha,Shields,natasha.shields397@example.com,Amman,Saudi Arabia,2021-02-02
398,Joshua,Tyler,joshua.tyler398@example.com,Dubai,United Kingdom,2021-07-09
399,Robert,Villa,robert.villa399@example.com,Jeddah,France,2024-02-28
400,William,Hoover,william.hoover400@example.com,Berlin,Germany,2026-08-02
401,Justin,Evans,justin.evans401@example.com,Alexandria,Germany,2021-02-09
402,Brenda,Duarte,brenda.duarte402@example.com,Amman,United States,2024-07-29
403,Tracy,Hernandez,tracy.hernandez403@example.com,Abu Dhabi,Egypt,2024-02-26
404,Amanda,Reed,amanda.reed404@example.com,Dubai,France,2024-12-26
405,Andrea,Daniels,andrea.daniels405@example.com,Dubai,Qatar,2021-02-10
406,Stanley,Morris,stanley.morris406@example.com,Riyadh,United Kingdom,2024-01-09
407,Jacob,Terry,jacob.terry407@example.com,Cairo,Germany,2023-02-04
408,Ashley,Hall,ashley.hall408@example.com,Dubai,Saudi Arabia,2025-02-05
409,Kimberly,Williams,kimberly.williams409@example.com,Giza,Jordan,2026-09-11
410,Julie,Thornton,julie.thornton410@example.com,Cairo,Egypt,2023-09-28
411,Lisa,Hughes,lisa.hughes411@example.com,Dubai,UAE,2026-05-01
412,Elizabeth,Hoover,elizabeth.hoover412@example.com,Dubai,Saudi Arabia,2026-03-20
413,Tina,Simpson,tina.simpson413@example.com,Dubai,United States,2022-06-03
414,Benjamin,Shaw,benjamin.shaw414@example.com,Dubai,Qatar,2021-08-27
415,Brittany,Kane,brittany.kane415@example.com,London,Egypt,2023-02-09
416,Morgan,Alexander,morgan.alexander416@example.com,Alexandria,UAE,2026-01-21
417,Alicia,Bryant,alicia.bryant417@example.com,Abu Dhabi,UAE,2021-03-26
418,Jennifer,Ortiz,jennifer.ortiz418@example.com,Cairo,UAE,2020-03-01
419,Diana,Moore,diana.moore419@example.com,Riyadh,Jordan,2026-08-08
420,Terrance,Costa,terrance.costa420@example.com,Riyadh,Egypt,2021-12-14
421,Matthew,Schwartz,matthew.schwartz421@example.com,Abu Dhabi,Egypt,2021-06-03
422,Debra,Christian,debra.christian422@example.com,Jeddah,United Kingdom,2021-04-10
423,Melissa,Villarreal,melissa.villarreal423@example.com,Giza,France,2025-01-10
424,Norman,Stewart,norman.stewart424@example.com,Riyadh,United Kingdom,2026-08-28
425,Jennifer,Malone,jennifer.malone425@example.com,Giza,France,2025-08-25
426,Monique,Johnson,monique.johnson426@example.com,Dubai,United States,2020-06-26
427,Casey,Welch,casey.welch427@example.com,Berlin,Kuwait,2025-02-19
428,Samantha,Bright,samantha.bright428@example.com,Cairo,Egypt,2025-05-15
429,Julie,Hamilton,julie.hamilton429@example.com,Jeddah,Germany,2021-03-18
430,Corey,Schultz,corey.schultz430@example.com,Amman,France,2020-10-28
431,Monique,Wallace,monique.wallace431@example.com,Giza,Qatar,2021-08-30
432,Heather,Berger,heather.berger432@example.com,Giza,UAE,2023-01-31
433,Brandon,Flynn,brandon.flynn433@example.com,London,United States,2026-02-24
434,Kelly,Brooks,kelly.brooks434@example.com,Riyadh,Germany,2026-09-12
435,Dustin,Schmidt,dustin.schmidt435@example.com,Berlin,Kuwait,2025-02-01
436,Ashlee,Sparks,ashlee.sparks436@example.com,Berlin,United States,2024-10-28
437,George,Miller,george.miller437@example.com,Giza,Saudi Arabia,2026-03-08
438,Monica,Harvey,monica.harvey438@example.com,Dubai,Germany,2025-01-23
439,John,Durham,john.durham439@example.com,Dubai,Germany,2023-10-20
440,Douglas,Murray,douglas.murray440@example.com,Amman,Germany,2024-08-30
441,Jonathan,Scott,jonathan.scott441@example.com,Giza,Qatar,2024-10-14
442,Albert,Ballard,albert.ballard442@example.com,Riyadh,Kuwait,2024-03-13
443,Rachel,Byrd,rachel.byrd443@example.com,Alexandria,France,2020-10-01
444,Eric,Alexander,eric.alexander444@example.com,Giza,Saudi Arabia,2021-01-16
445,Michael,Matthews,michael.matthews445@example.com,Jeddah,Saudi Arabia,2024-03-06
446,Danielle,Coleman,danielle.coleman446@example.com,Alexandria,United Kingdom,2020-09-02
447,John,Bruce,john.bruce447@example.com,London,United Kingdom,2026-04-19
448,James,Cruz,james.cruz448@example.com,Riyadh,Saudi Arabia,2024-08-09
449,Timothy,Young,timothy.young449@example.com,Riyadh,Germany,2020-07-29
450,Ashley,Andrews,ashley.andrews450@example.com,Abu Dhabi,United States,2023-07-03
451,Victoria,Phillips,victoria.phillips451@example.com,Riyadh,Saudi Arabia,2026-06-25
452,Tiffany,Barrett,tiffany.barrett452@example.com,Berlin,Jordan,2021-09-25
453,Joshua,Knight,joshua.knight453@example.com,Amman,Jordan,2021-03-19
454,Gina,Garner,gina.garner454@example.com,Riyadh,United Kingdom,2024-02-14
455,Brandon,Obrien,brandon.obrien455@example.com,Giza,Kuwait,2026-06-09
456,Tyler,Strong,tyler.strong456@example.com,Dubai,Germany,2026-04-16
457,Justin,Lindsey,justin.lindsey457@example.com,London,United States,2026-03-30
458,Catherine,Gomez,catherine.gomez458@example.com,Cairo,United States,2022-12-31
459,Dana,Oliver,dana.oliver459@example.com,Cairo,UAE,2023-01-24
460,Erica,Le,erica.le460@example.com,Abu Dhabi,Qatar,2023-12-08
461,Donna,Massey,donna.massey461@example.com,Cairo,UAE,2021-08-09
462,Courtney,Berger,courtney.berger462@example.com,London,Germany,2020-10-12
463,Debbie,Parker,debbie.parker463@example.com,Alexandria,Egypt,2021-01-10
464,Scott,Riley,scott.riley464@example.com,Berlin,Jordan,2024-03-20
465,Jessica,Davis,jessica.davis465@example.com,Jeddah,France,2023-10-28
466,Kenneth,Burgess,kenneth.burgess466@example.com,Alexandria,Qatar,2023-06-30
467,Gregory,Anderson,gregory.anderson467@example.com,Riyadh,United States,2026-09-08
468,Amber,Mata,amber.mata468@example.com,Giza,Egypt,2021-09-29
469,Alyssa,Mcintyre,alyssa.mcintyre469@example.com,Alexandria,United States,2020-07-22
470,Maria,Scott,maria.scott470@example.com,Giza,Kuwait,2024-12-19
471,Makayla,Olson,makayla.olson471@example.com,Jeddah,France,2024-12-15
472,Lindsay,Francis,lindsay.francis472@example.com,Jeddah,Kuwait,2022-06-01
473,Matthew,Wilson,matthew.wilson473@example.com,Berlin,Saudi Arabia,2023-11-14
474,Sydney,Taylor,sydney.taylor474@example.com,Jeddah,Saudi Arabia,2023-03-06
475,Tammy,Dalton,tammy.dalton475@example.com,London,France,2025-11-28
476,Jennifer,Whitney,jennifer.whitney476@example.com,Abu Dhabi,Egypt,2022-06-22
477,Tammy,Ballard,tammy.ballard477@example.com,Jeddah,United States,2020-08-12
478,Michael,Gibbs,michael.gibbs478@example.com,Cairo,Jordan,2023-05-19
479,Alexander,Herrera,alexander.herrera479@example.com,Dubai,UAE,2022-11-12
480,Shawn,Chambers,shawn.chambers480@example.com,Abu Dhabi,Qatar,2021-05-06
481,Emily,Richards,emily.richards481@example.com,Cairo,France,2024-10-29
482,Lynn,Bentley,lynn.bentley482@example.com,Alexandria,UAE,2024-04-06
483,Daniel,Hall,daniel.hall483@example.com,Berlin,Jordan,2025-08-11
484,Angel,Henson,angel.henson484@example.com,Berlin,Qatar,2020-10-22
485,Anna,Herman,anna.herman485@example.com,Jeddah,Egypt,2024-11-21
486,Jeffrey,Brown,jeffrey.brown486@example.com,Cairo,France,2020-11-14
487,Madison,Blankenship,madison.blankenship487@example.com,Riyadh,United States,2024-10-24
488,Kevin,Ortiz,kevin.ortiz488@example.com,London,Germany,2024-09-06
489,Donald,Shah,donald.shah489@example.com,Abu Dhabi,Saudi Arabia,2024-07-17
490,Kevin,Vasquez,kevin.vasquez490@example.com,Cairo,Qatar,2021-12-04
491,Colton,Clay,colton.clay491@example.com,London,France,2024-01-22
492,Derek,Chavez,derek.chavez492@example.com,Giza,Germany,2021-03-09
493,Ellen,Paul,ellen.paul493@example.com,Dubai,Germany,2026-08-09
494,Sonya,Barnes,sonya.barnes494@example.com,Jeddah,United Kingdom,2020-11-18
495,Julia,Moore,julia.moore495@example.com,Jeddah,Kuwait,2023-10-22
496,Robert,Garcia,robert.garcia496@example.com,Dubai,Qatar,2021-11-19
497,Tracy,Russell,tracy.russell497@example.com,Giza,United Kingdom,2021-04-12
498,Stephanie,Johnson,stephanie.johnson498@example.com,Berlin,United Kingdom,2022-03-05
499,Mitchell,Ramos,mitchell.ramos499@example.com,Riyadh,Qatar,2021-08-27
500,Stephanie,Foley,stephanie.foley500@example.com,Dubai,Saudi Arabia,2021-08-22
501,Cory,Jennings,cory.jennings501@example.com,Abu Dhabi,Jordan,2021-12-11
502,Amy,Levine,amy.levine502@example.com,London,UAE,2020-11-04
503,Michael,Sanders,michael.sanders503@example.com,Alexandria,France,2025-03-15
504,James,Martinez,james.martinez504@example.com,London,United States,2025-01-12
505,Melanie,Gibson,melanie.gibson505@example.com,London,United States,2023-08-16
506,Elizabeth,May,elizabeth.may506@example.com,Riyadh,UAE,2024-12-06
507,Carla,Smith,carla.smith507@example.com,Giza,France,2024-12-16
508,Kristin,Sanchez,kristin.sanchez508@example.com,Abu Dhabi,Kuwait,2026-08-19
509,David,Cunningham,david.cunningham509@example.com,Cairo,Qatar,2025-09-09
510,Casey,Hubbard,casey.hubbard510@example.com,Giza,Kuwait,2025-03-06
511,Jamie,Robinson,jamie.robinson511@example.com,Amman,Egypt,2020-08-21
512,Molly,Murphy,molly.murphy512@example.com,Riyadh,Kuwait,2020-11-10
513,Dylan,Lester,dylan.lester513@example.com,Giza,United States,2026-08-30
514,Aaron,Garrison,aaron.garrison514@example.com,Berlin,Germany,2025-03-10
515,Duane,Anderson,duane.anderson515@example.com,London,United Kingdom,2020-06-17
516,John,Thompson,john.thompson516@example.com,Amman,United States,2022-02-10
517,Donna,Johnson,donna.johnson517@example.com,Riyadh,United States,2025-05-02
518,Alexis,Tyler,alexis.tyler518@example.com,Berlin,UAE,2020-09-10
519,John,Morris,john.morris519@example.com,Amman,Saudi Arabia,2023-11-07
520,Grant,Williams,grant.williams520@example.com,Giza,United Kingdom,2021-12-07
521,Judy,Fox,judy.fox521@example.com,Cairo,Jordan,2024-11-28
522,Julie,Alvarez,julie.alvarez522@example.com,Amman,United Kingdom,2025-11-11
523,Kimberly,Palmer,kimberly.palmer523@example.com,London,UAE,2024-01-30
524,Daniel,Gordon,daniel.gordon524@example.com,Riyadh,Kuwait,2024-05-05
525,Sonia,Williams,sonia.williams525@example.com,Jeddah,Qatar,2026-09-14
526,Krista,Camacho,krista.camacho526@example.com,Cairo,Qatar,2020-09-26
527,Adrienne,Ellis,adrienne.ellis527@example.com,Riyadh,Saudi Arabia,2026-04-04
528,Tamara,Brown,tamara.brown528@example.com,Jeddah,Kuwait,2022-10-29
529,Timothy,Morales,timothy.morales529@example.com,London,UAE,2023-09-27
530,Gina,Henry,gina.henry530@example.com,Giza,United States,2021-08-02
531,Renee,Jones,renee.jones531@example.com,Riyadh,Kuwait,2024-05-24
532,Christopher,Franklin,christopher.franklin532@example.com,Alexandria,United States,2020-12-13
533,Cameron,Hill,cameron.hill533@example.com,Abu Dhabi,United Kingdom,2024-03-22
534,Cynthia,Kelley,cynthia.kelley534@example.com,Riyadh,UAE,2025-11-26
535,Mark,Vang,mark.vang535@example.com,Giza,Germany,2025-09-13
536,Alyssa,Chavez,alyssa.chavez536@example.com,Riyadh,Egypt,2024-01-25
537,Catherine,Garcia,catherine.garcia537@example.com,Abu Dhabi,UAE,2022-05-27
538,Jacqueline,Farrell,jacqueline.farrell538@example.com,Riyadh,France,2022-02-25
539,Debra,Mack,debra.mack539@example.com,Dubai,UAE,2021-09-26
540,Jennifer,Lewis,jennifer.lewis540@example.com,Giza,Kuwait,2021-02-18
541,Shannon,Perez,shannon.perez541@example.com,Berlin,United Kingdom,2025-11-26
542,Matthew,Chavez,matthew.chavez542@example.com,Cairo,Qatar,2021-06-20
543,Robert,Davis,robert.davis543@example.com,London,Germany,2021-09-23
544,Ronald,Ortega,ronald.ortega544@example.com,Alexandria,UAE,2021-11-09
545,Nicholas,Hernandez,nicholas.hernandez545@example.com,Amman,Egypt,2024-08-09
546,Sandra,Jones,sandra.jones546@example.com,Riyadh,Jordan,2024-12-24
547,Marie,Davis,marie.davis547@example.com,London,Kuwait,2025-01-12
548,Colin,Rodgers,colin.rodgers548@example.com,Dubai,United Kingdom,2022-09-06
549,Lisa,Hawkins,lisa.hawkins549@example.com,Abu Dhabi,France,2022-03-05
550,Brenda,Hoffman,brenda.hoffman550@example.com,Riyadh,United States,2024-12-09
551,Mark,Martinez,mark.martinez551@example.com,Amman,Kuwait,2024-04-13
552,Michael,Ortega,michael.ortega552@example.com,Berlin,United Kingdom,2024-09-10
553,Karen,Parrish,karen.parrish553@example.com,Alexandria,Jordan,2021-07-20
554,Jennifer,Schmitt,jennifer.schmitt554@example.com,Abu Dhabi,Egypt,2025-05-22
555,Caroline,Bell,caroline.bell555@example.com,Riyadh,United Kingdom,2021-02-24
556,Becky,Lewis,becky.lewis556@example.com,Berlin,Saudi Arabia,2023-03-13
557,Diane,Walker,diane.walker557@example.com,Giza,UAE,2023-01-22
558,Daniel,Bruce,daniel.bruce558@example.com,Amman,United Kingdom,2021-08-26
559,Michael,Farmer,michael.farmer559@example.com,Jeddah,Saudi Arabia,2022-06-28
560,Audrey,Aguirre,audrey.aguirre560@example.com,Amman,Qatar,2020-04-19
561,Megan,Villegas,megan.villegas561@example.com,Jeddah,Egypt,2024-06-11
562,Loretta,Austin,loretta.austin562@example.com,Berlin,Qatar,2022-08-23
563,Dawn,Johnson,dawn.johnson563@example.com,Jeddah,Saudi Arabia,2024-03-15
564,Sarah,Gallegos,sarah.gallegos564@example.com,Dubai,Egypt,2023-07-29
565,Joseph,White,joseph.white565@example.com,Giza,Qatar,2021-08-21
566,Jacqueline,Parker,jacqueline.parker566@example.com,Alexandria,Egypt,2023-03-21
567,Matthew,Smith,matthew.smith567@example.com,Amman,UAE,2025-04-05
568,Molly,Knight,molly.knight568@example.com,Amman,United States,2020-01-22
569,Richard,Thomas,richard.thomas569@example.com,Giza,Egypt,2022-11-14
570,Cynthia,Johnson,cynthia.johnson570@example.com,Dubai,UAE,2026-02-25
571,Julie,Lewis,julie.lewis571@example.com,London,United Kingdom,2024-09-29
572,Robert,Peterson,robert.peterson572@example.com,Giza,Kuwait,2022-08-31
573,Mitchell,Griffith,mitchell.griffith573@example.com,Abu Dhabi,Saudi Arabia,2020-07-14
574,Kimberly,Bradley,kimberly.bradley574@example.com,Dubai,Germany,2025-02-15
575,Christopher,Williams,christopher.williams575@example.com,Giza,Saudi Arabia,2025-08-09
576,Eric,Williamson,eric.williamson576@example.com,London,United Kingdom,2020-03-08
577,Emily,Nelson,emily.nelson577@example.com,Berlin,United States,2022-09-17
578,Ebony,Tucker,ebony.tucker578@example.com,Alexandria,Kuwait,2024-10-24
579,Scott,Nelson,scott.nelson579@example.com,Cairo,United States,2023-12-16
580,Kari,Wilson,kari.wilson580@example.com,Dubai,United States,2024-09-02
581,Russell,Campbell,russell.campbell581@example.com,Alexandria,Saudi Arabia,2025-11-14
582,Erika,Tucker,erika.tucker582@example.com,Riyadh,Saudi Arabia,2025-11-24
583,Elizabeth,Williams,elizabeth.williams583@example.com,Berlin,United Kingdom,2025-09-10
584,Randall,Greene,randall.greene584@example.com,Berlin,Egypt,2024-05-18
585,Adrian,Turner,adrian.turner585@example.com,Amman,Egypt,2024-05-03
586,Jason,Taylor,jason.taylor586@example.com,Riyadh,Kuwait,2020-03-07
587,Jonathan,Murphy,jonathan.murphy587@example.com,Riyadh,Saudi Arabia,2023-11-13
588,Adrian,Burgess,adrian.burgess588@example.com,Dubai,Saudi Arabia,2026-07-11
589,Gregory,James,gregory.james589@example.com,Riyadh,UAE,2020-06-30
590,Jane,Mason,jane.mason590@example.com,Riyadh,United Kingdom,2023-10-18
591,Martha,Drake,martha.drake591@example.com,Alexandria,France,2025-05-14
592,Charles,Hensley,charles.hensley592@example.com,Alexandria,UAE,2020-09-15
593,Bobby,Smith,bobby.smith593@example.com,Amman,Egypt,2023-04-16
594,Samantha,Atkins,samantha.atkins594@example.com,Dubai,Egypt,2022-03-28
595,Barbara,Berry,barbara.berry595@example.com,Cairo,Qatar,2023-06-24
596,Jenna,Butler,jenna.butler596@example.com,Berlin,Germany,2026-02-02
597,Darius,Smith,darius.smith597@example.com,Amman,Kuwait,2020-05-29
598,Mark,Solis,mark.solis598@example.com,Dubai,Kuwait,2024-01-02
599,Christine,Collier,christine.collier599@example.com,Cairo,Qatar,2023-01-24
600,Samantha,Davis,samantha.davis600@example.com,Giza,Qatar,2024-11-24
601,Megan,Sanchez,megan.sanchez601@example.com,Jeddah,France,2024-05-02
602,Brianna,Warren,brianna.warren602@example.com,Riyadh,UAE,2025-07-25
603,Randy,Collins,randy.collins603@example.com,Amman,Qatar,2025-10-27
604,Matthew,Cook,matthew.cook604@example.com,Abu Dhabi,Saudi Arabia,2024-10-04
605,Gary,Dixon,gary.dixon605@example.com,Giza,Germany,2022-01-09
606,Daniel,Hicks,daniel.hicks606@example.com,Berlin,Kuwait,2023-08-08
607,Rebecca,Bailey,rebecca.bailey607@example.com,Giza,Saudi Arabia,2023-09-05
608,Jessica,Fuentes,jessica.fuentes608@example.com,Abu Dhabi,Kuwait,2024-12-31
609,Lisa,Young,lisa.young609@example.com,London,Germany,2021-11-13
610,Dwayne,Gonzalez,dwayne.gonzalez610@example.com,Amman,Qatar,2025-01-05
611,Carrie,Wolf,carrie.wolf611@example.com,Cairo,Qatar,2024-11-16
612,Diana,Thompson,diana.thompson612@example.com,Abu Dhabi,Egypt,2020-11-03
613,Kendra,Snyder,kendra.snyder613@example.com,Jeddah,Qatar,2025-10-02
614,Karen,Wolf,karen.wolf614@example.com,Alexandria,Egypt,2021-08-07
615,Shane,Glass,shane.glass615@example.com,London,France,2020-05-22
616,Anne,Reid,anne.reid616@example.com,Alexandria,Saudi Arabia,2022-08-24
617,Claudia,Lin,claudia.lin617@example.com,Riyadh,Qatar,2024-04-17
618,Courtney,Hernandez,courtney.hernandez618@example.com,London,Egypt,2021-09-20
619,Carlos,Ramos,carlos.ramos619@example.com,Amman,Qatar,2024-03-03
620,Kevin,Hill,kevin.hill620@example.com,Amman,Saudi Arabia,2026-06-08
621,Brian,Romero,brian.romero621@example.com,Alexandria,United Kingdom,2024-02-12
622,Lance,Hayes,lance.hayes622@example.com,Jeddah,Qatar,2023-02-15
623,Brian,Decker,brian.decker623@example.com,Dubai,Saudi Arabia,2020-04-16
624,Chase,Lin,chase.lin624@example.com,Alexandria,France,2025-10-21
625,Melissa,Gilbert,melissa.gilbert625@example.com,Jeddah,United Kingdom,2021-04-27
626,William,Ford,william.ford626@example.com,Abu Dhabi,Kuwait,2025-01-01
627,Angela,Conner,angela.conner627@example.com,Dubai,United States,2023-03-15
628,Paula,Cole,paula.cole628@example.com,Amman,Jordan,2021-05-17
629,Lisa,Pearson,lisa.pearson629@example.com,Alexandria,Saudi Arabia,2025-01-25
630,Marc,Alvarez,marc.alvarez630@example.com,Alexandria,France,2020-12-25
631,Edward,Brown,edward.brown631@example.com,Riyadh,Qatar,2020-09-22
632,Dale,Nolan,dale.nolan632@example.com,Berlin,United Kingdom,2023-04-04
633,Matthew,Klein,matthew.klein633@example.com,Abu Dhabi,UAE,2021-12-14
634,William,Thompson,william.thompson634@example.com,Riyadh,United Kingdom,2022-07-07
635,John,Kim,john.kim635@example.com,Giza,Jordan,2021-07-22
636,Scott,Mills,scott.mills636@example.com,Dubai,France,2020-04-17
637,Erik,Watson,erik.watson637@example.com,Riyadh,United Kingdom,2026-06-02
638,Justin,Ortiz,justin.ortiz638@example.com,Riyadh,France,2026-03-09
639,Matthew,Harper,matthew.harper639@example.com,Alexandria,United States,2020-12-19
640,Kristina,Holland,kristina.holland640@example.com,Giza,Kuwait,2024-06-18
641,Cameron,Davis,cameron.davis641@example.com,Amman,United Kingdom,2024-08-09
642,Erika,Mitchell,erika.mitchell642@example.com,Jeddah,United States,2020-10-29
643,Jennifer,Douglas,jennifer.douglas643@example.com,Alexandria,Qatar,2020-10-30
644,Rebecca,Marks,rebecca.marks644@example.com,Amman,France,2025-10-20
645,Mathew,Aguilar,mathew.aguilar645@example.com,Riyadh,UAE,2026-03-08
646,Donald,Bailey,donald.bailey646@example.com,London,UAE,2021-06-12
647,Tammy,Hale,tammy.hale647@example.com,Jeddah,United Kingdom,2020-08-14
648,Philip,Larson,philip.larson648@example.com,Giza,United Kingdom,2021-09-18
649,Sharon,Collins,sharon.collins649@example.com,Abu Dhabi,UAE,2021-10-25
650,Nicholas,Conner,nicholas.conner650@example.com,Riyadh,Jordan,2023-11-18
651,Lisa,Santiago,lisa.santiago651@example.com,Berlin,Kuwait,2020-11-19
652,Maria,Rodgers,maria.rodgers652@example.com,Abu Dhabi,Jordan,2026-03-06
653,Gina,Fox,gina.fox653@example.com,Abu Dhabi,UAE,2023-05-25
654,Debbie,Henderson,debbie.henderson654@example.com,London,United Kingdom,2021-01-17
655,Michael,Cox,michael.cox655@example.com,Berlin,UAE,2026-08-21
656,Henry,Lewis,henry.lewis656@example.com,London,UAE,2021-12-02
657,Stacey,Tucker,stacey.tucker657@example.com,London,United States,2023-10-14
658,Jeremy,Taylor,jeremy.taylor658@example.com,London,Egypt,2020-04-26
659,Chris,Richard,chris.richard659@example.com,Giza,Egypt,2026-06-20
660,Craig,Wise,craig.wise660@example.com,Abu Dhabi,Jordan,2026-06-01
661,Mary,Stephenson,mary.stephenson661@example.com,Jeddah,United States,2020-05-04
662,Benjamin,Rogers,benjamin.rogers662@example.com,Amman,United Kingdom,2023-04-01
663,Katie,Anderson,katie.anderson663@example.com,Abu Dhabi,France,2022-09-30
664,Nicholas,Martin,nicholas.martin664@example.com,Jeddah,Kuwait,2025-01-31
665,Marie,Wise,marie.wise665@example.com,Giza,Egypt,2021-10-09
666,Lisa,Martin,lisa.martin666@example.com,Amman,Germany,2025-06-06
667,Samuel,Jenkins,samuel.jenkins667@example.com,Amman,Jordan,2023-10-25
668,Erica,Young,erica.young668@example.com,London,UAE,2023-07-04
669,Sean,Mitchell,sean.mitchell669@example.com,Riyadh,Qatar,2024-06-21
670,Kaitlyn,Cole,kaitlyn.cole670@example.com,Alexandria,Qatar,2025-10-10
671,Amanda,Collins,amanda.collins671@example.com,Berlin,Saudi Arabia,2023-07-31
672,Lindsey,Harrison,lindsey.harrison672@example.com,Dubai,France,2021-05-16
673,Mary,Richardson,mary.richardson673@example.com,Abu Dhabi,France,2022-10-12
674,Stacey,Joyce,stacey.joyce674@example.com,Alexandria,Saudi Arabia,2020-07-26
675,Steven,Campbell,steven.campbell675@example.com,Abu Dhabi,Germany,2024-09-08
676,Patrick,Rose,patrick.rose676@example.com,Dubai,UAE,2023-09-03
677,Tammy,Montoya,tammy.montoya677@example.com,London,Qatar,2022-02-16
678,Laurie,Taylor,laurie.taylor678@example.com,Alexandria,France,2025-10-09
679,John,Davidson,john.davidson679@example.com,Amman,France,2023-06-17
680,Morgan,Spencer,morgan.spencer680@example.com,Amman,Egypt,2021-01-03
681,Curtis,Singleton,curtis.singleton681@example.com,Jeddah,United Kingdom,2025-02-15
682,Melissa,Mitchell,melissa.mitchell682@example.com,Dubai,Jordan,2026-07-17
683,Kathryn,Nelson,kathryn.nelson683@example.com,Riyadh,Egypt,2020-07-26
684,Rebecca,Hernandez,rebecca.hernandez684@example.com,Abu Dhabi,France,2026-09-13
685,Samuel,Potts,samuel.potts685@example.com,Amman,Kuwait,2026-01-07
686,Jeffrey,Hayes,jeffrey.hayes686@example.com,Cairo,Saudi Arabia,2024-10-31
687,Michael,Johnson,michael.johnson687@example.com,Alexandria,Kuwait,2024-02-07
688,Brian,Shaw,brian.shaw688@example.com,Jeddah,Qatar,2020-07-04
689,Joe,Vang,joe.vang689@example.com,Jeddah,Egypt,2026-05-24
690,Nicholas,Johnson,nicholas.johnson690@example.com,Berlin,Jordan,2024-01-24
691,Sarah,Combs,sarah.combs691@example.com,Berlin,Kuwait,2020-10-28
692,Debra,Moody,debra.moody692@example.com,Jeddah,United Kingdom,2025-01-18
693,Devin,Mitchell,devin.mitchell693@example.com,Berlin,Kuwait,2021-05-01
694,Maria,Horton,maria.horton694@example.com,Alexandria,Saudi Arabia,2024-06-01
695,Dominic,Thornton,dominic.thornton695@example.com,Riyadh,Qatar,2026-04-03
696,Shane,Smith,shane.smith696@example.com,Riyadh,UAE,2022-03-26
697,Christian,Scott,christian.scott697@example.com,London,United Kingdom,2024-07-02
698,Mary,Dunn,mary.dunn698@example.com,Berlin,Egypt,2020-07-04
699,Jessica,Rose,jessica.rose699@example.com,Cairo,UAE,2023-09-26
700,Daniel,Roberts,daniel.roberts700@example.com,Amman,United Kingdom,2025-02-14
701,Kevin,Williams,kevin.williams701@example.com,Alexandria,United States,2025-10-12
702,Robert,Bauer,robert.bauer702@example.com,Alexandria,Qatar,2023-07-28
703,Stephen,Rodriguez,stephen.rodriguez703@example.com,Alexandria,Germany,2023-05-10
704,Rebecca,Carlson,rebecca.carlson704@example.com,London,Qatar,2025-09-08
705,Allen,Robertson,allen.robertson705@example.com,Berlin,United Kingdom,2025-06-29
706,John,Thomas,john.thomas706@example.com,London,Kuwait,2025-04-29
707,Ruben,Mendez,ruben.mendez707@example.com,Cairo,Qatar,2023-09-18
708,John,Butler,john.butler708@example.com,Giza,Germany,2026-07-18
709,Elizabeth,Miller,elizabeth.miller709@example.com,Abu Dhabi,Egypt,2026-09-10
710,Theresa,Jones,theresa.jones710@example.com,Amman,Kuwait,2026-06-27
711,Alicia,Romero,alicia.romero711@example.com,London,Jordan,2020-07-29
712,Vanessa,Spencer,vanessa.spencer712@example.com,London,France,2021-11-29
713,Peter,Harrison,peter.harrison713@example.com,Berlin,United States,2024-04-06
714,Cynthia,Zavala,cynthia.zavala714@example.com,Alexandria,Jordan,2020-05-09
715,Jon,Smith,jon.smith715@example.com,London,Saudi Arabia,2022-02-20
716,Kristina,Cooper,kristina.cooper716@example.com,Cairo,France,2023-07-08
717,Jessica,Fuller,jessica.fuller717@example.com,Jeddah,UAE,2024-08-18
718,Kelsey,Moss,kelsey.moss718@example.com,Dubai,Germany,2025-08-17
719,Marvin,Williams,marvin.williams719@example.com,London,France,2020-09-12
720,Amy,Li,amy.li720@example.com,Alexandria,United Kingdom,2022-04-29
721,Gregory,Maxwell,gregory.maxwell721@example.com,Berlin,Qatar,2025-05-13
722,Steven,Dominguez,steven.dominguez722@example.com,Berlin,Germany,2023-07-09
723,Crystal,Cain,crystal.cain723@example.com,Alexandria,France,2025-12-23
724,Bryan,Parsons,bryan.parsons724@example.com,Riyadh,United Kingdom,2023-12-22
725,Stephen,Carter,stephen.carter725@example.com,Abu Dhabi,United States,2025-06-06
726,Bradley,Gonzalez,bradley.gonzalez726@example.com,Dubai,Jordan,2023-02-16
727,Bobby,Mahoney,bobby.mahoney727@example.com,Berlin,Kuwait,2022-07-10
728,Zachary,Hays,zachary.hays728@example.com,Abu Dhabi,Kuwait,2022-04-29
729,Amy,King,amy.king729@example.com,Amman,Qatar,2025-05-19
730,Karen,Lee,karen.lee730@example.com,Riyadh,United Kingdom,2023-01-25
731,Michael,Norman,michael.norman731@example.com,Abu Dhabi,Saudi Arabia,2026-06-06
732,Michelle,Rivera,michelle.rivera732@example.com,Berlin,Germany,2024-06-04
733,David,Richardson,david.richardson733@example.com,Riyadh,UAE,2023-04-04
734,Pamela,Paul,pamela.paul734@example.com,Cairo,Kuwait,2020-11-19
735,Patricia,Hughes,patricia.hughes735@example.com,Riyadh,France,2022-11-16
736,Terri,Crawford,terri.crawford736@example.com,Amman,Jordan,2022-04-07
737,Tyler,Glass,tyler.glass737@example.com,Berlin,Kuwait,2026-04-21
738,April,Owen,april.owen738@example.com,Abu Dhabi,UAE,2021-03-23
739,Jessica,Miller,jessica.miller739@example.com,London,United States,2022-09-07
740,Carrie,Short,carrie.short740@example.com,Dubai,Egypt,2025-12-15
741,Amy,Morris,amy.morris741@example.com,Dubai,Jordan,2020-08-03
742,Christopher,Guerrero,christopher.guerrero742@example.com,Giza,Germany,2023-09-14
743,Kirk,Morrison,kirk.morrison743@example.com,Amman,Saudi Arabia,2021-07-17
744,Ronald,Norris,ronald.norris744@example.com,Cairo,United Kingdom,2021-10-08
745,Michael,Williams,michael.williams745@example.com,Jeddah,France,2025-05-09
746,Molly,Gomez,molly.gomez746@example.com,Dubai,Kuwait,2023-08-08
747,Whitney,Hill,whitney.hill747@example.com,Abu Dhabi,Egypt,2021-01-01
748,Tina,Gould,tina.gould748@example.com,London,Jordan,2025-12-31
749,Charles,Walsh,charles.walsh749@example.com,Cairo,UAE,2024-09-07
750,Michael,Owen,michael.owen750@example.com,Alexandria,Egypt,2024-06-14
751,Erin,Cisneros,erin.cisneros751@example.com,Amman,UAE,2023-03-31
752,Douglas,Lawson,douglas.lawson752@example.com,Cairo,Egypt,2023-05-07
753,Kimberly,Johnson,kimberly.johnson753@example.com,London,United States,2021-03-15
754,Carlos,Osborne,carlos.osborne754@example.com,Riyadh,Kuwait,2025-02-04
755,Michael,Reyes,michael.reyes755@example.com,Berlin,United Kingdom,2025-07-16
756,Ashley,Jacobs,ashley.jacobs756@example.com,Alexandria,United Kingdom,2025-04-01
757,Erika,Rush,erika.rush757@example.com,Abu Dhabi,Jordan,2021-04-06
758,Nathan,Hines,nathan.hines758@example.com,Riyadh,UAE,2025-02-22
759,Audrey,Moreno,audrey.moreno759@example.com,Abu Dhabi,UAE,2020-02-27
760,Raymond,Banks,raymond.banks760@example.com,Riyadh,Kuwait,2026-05-14
761,John,Wilson,john.wilson761@example.com,Dubai,UAE,2024-07-18
762,Jill,Porter,jill.porter762@example.com,Jeddah,United Kingdom,2023-09-05
763,Paul,Hoffman,paul.hoffman763@example.com,Giza,Germany,2021-01-25
764,Jose,Green,jose.green764@example.com,Alexandria,UAE,2025-05-09
765,Sean,Davies,sean.davies765@example.com,Riyadh,Jordan,2020-01-28
766,Justin,Hendricks,justin.hendricks766@example.com,Abu Dhabi,Germany,2022-08-22
767,Travis,Martinez,travis.martinez767@example.com,Amman,Kuwait,2023-09-12
768,Melissa,Hayes,melissa.hayes768@example.com,Abu Dhabi,United States,2026-06-04
769,Rachel,Wallace,rachel.wallace769@example.com,Cairo,Kuwait,2024-01-12
770,Christopher,Fleming,christopher.fleming770@example.com,Dubai,Egypt,2021-04-29
771,Megan,Flores,megan.flores771@example.com,Amman,Kuwait,2021-10-16
772,Michael,Brown,michael.brown772@example.com,Jeddah,United Kingdom,2023-06-27
773,Amber,Vance,amber.vance773@example.com,Giza,Kuwait,2024-02-14
774,Melissa,Joseph,melissa.joseph774@example.com,London,Jordan,2022-06-16
775,Sara,Little,sara.little775@example.com,Alexandria,France,2021-09-19
776,Laura,Hicks,laura.hicks776@example.com,Amman,United States,2024-03-10
777,David,Harris,david.harris777@example.com,Jeddah,United Kingdom,2025-04-12
778,Dominic,Tyler,dominic.tyler778@example.com,Berlin,Jordan,2022-10-10
779,Anthony,Spencer,anthony.spencer779@example.com,London,Saudi Arabia,2025-11-22
780,Miguel,Lara,miguel.lara780@example.com,Amman,United Kingdom,2024-01-21
781,Andrea,Salazar,andrea.salazar781@example.com,Giza,United States,2021-04-04
782,Christopher,Parker,christopher.parker782@example.com,Cairo,United Kingdom,2025-09-01
783,Yvonne,Higgins,yvonne.higgins783@example.com,Dubai,United States,2026-01-07
784,Alicia,Hammond,alicia.hammond784@example.com,Alexandria,UAE,2023-09-05
785,Madeline,Jones,madeline.jones785@example.com,Berlin,France,2021-04-21
786,Teresa,Day,teresa.day786@example.com,Dubai,United States,2025-06-25
787,Shannon,Frazier,shannon.frazier787@example.com,Giza,United Kingdom,2024-12-29
788,Melvin,Humphrey,melvin.humphrey788@example.com,Cairo,France,2021-06-24
789,Kimberly,Bowman,kimberly.bowman789@example.com,Berlin,Germany,2025-02-14
790,Hunter,Burch,hunter.burch790@example.com,London,Egypt,2026-04-07
791,Ryan,Bartlett,ryan.bartlett791@example.com,Amman,Kuwait,2020-03-30
792,Brian,Martinez,brian.martinez792@example.com,Jeddah,Kuwait,2020-01-13
793,Eric,Martin,eric.martin793@example.com,Dubai,United States,2020-10-26
794,Marcus,Fletcher,marcus.fletcher794@example.com,Cairo,Germany,2023-11-12
795,Michael,Everett,michael.everett795@example.com,Giza,United Kingdom,2020-09-03
796,Patty,Singleton,patty.singleton796@example.com,Giza,France,2020-05-09
797,John,Reid,john.reid797@example.com,Abu Dhabi,Germany,2022-01-07
798,Andrea,Martinez,andrea.martinez798@example.com,Alexandria,Germany,2024-03-13
799,Kevin,Ferguson,kevin.ferguson799@example.com,Jeddah,France,2024-03-26
800,Wayne,Jackson,wayne.jackson800@example.com,Jeddah,Saudi Arabia,2026-01-17
801,Shelly,Moore,shelly.moore801@example.com,Alexandria,Qatar,2021-04-30
802,Donna,Le,donna.le802@example.com,Alexandria,United Kingdom,2024-05-28
803,Cassie,Kirby,cassie.kirby803@example.com,Berlin,UAE,2022-07-01
804,Anne,Bryan,anne.bryan804@example.com,Cairo,Egypt,2023-05-07
805,Anthony,Williams,anthony.williams805@example.com,Amman,United Kingdom,2024-10-03
806,Darlene,Ray,darlene.ray806@example.com,Berlin,Germany,2022-07-29
807,Debra,Wang,debra.wang807@example.com,Dubai,France,2023-11-18
808,Robert,Fowler,robert.fowler808@example.com,Alexandria,Kuwait,2022-02-11
809,Tyler,Burton,tyler.burton809@example.com,Giza,Egypt,2024-09-13
810,Keith,Frye,keith.frye810@example.com,London,Egypt,2022-09-12
811,Timothy,Ballard,timothy.ballard811@example.com,Dubai,Saudi Arabia,2021-02-17
812,Gail,Evans,gail.evans812@example.com,London,Egypt,2025-01-02
813,Charles,Brown,charles.brown813@example.com,London,Egypt,2022-09-29
814,Scott,Washington,scott.washington814@example.com,Cairo,Germany,2024-12-02
815,James,Lawson,james.lawson815@example.com,Dubai,United Kingdom,2022-06-08
816,Larry,Higgins,larry.higgins816@example.com,Cairo,UAE,2025-08-25
817,Jessica,Valencia,jessica.valencia817@example.com,Abu Dhabi,Jordan,2026-06-17
818,Theresa,Anderson,theresa.anderson818@example.com,Riyadh,United States,2026-09-15
819,Mitchell,Hoffman,mitchell.hoffman819@example.com,Riyadh,Jordan,2023-05-21
820,Luis,Owens,luis.owens820@example.com,Alexandria,United Kingdom,2022-06-24
821,Joseph,Wright,joseph.wright821@example.com,Jeddah,Kuwait,2023-02-01
822,Colin,Roberts,colin.roberts822@example.com,Cairo,United Kingdom,2026-08-20
823,Patrick,Gilbert,patrick.gilbert823@example.com,Alexandria,Germany,2026-03-26
824,John,Grimes,john.grimes824@example.com,Amman,Egypt,2023-11-11
825,Erik,Murphy,erik.murphy825@example.com,Jeddah,United Kingdom,2023-07-29
826,Becky,Edwards,becky.edwards826@example.com,Jeddah,Germany,2021-09-03
827,Kathryn,Jimenez,kathryn.jimenez827@example.com,Abu Dhabi,Germany,2022-01-23
828,Xavier,Jimenez,xavier.jimenez828@example.com,Berlin,France,2022-09-14
829,Kyle,Johnson,kyle.johnson829@example.com,Dubai,Kuwait,2021-08-14
830,Sierra,Wagner,sierra.wagner830@example.com,Amman,Egypt,2026-04-22
831,Tammy,Lewis,tammy.lewis831@example.com,Jeddah,Germany,2026-04-01
832,Michael,Williams,michael.williams832@example.com,Berlin,UAE,2024-05-09
833,Troy,Khan,troy.khan833@example.com,Dubai,Kuwait,2022-04-12
834,Destiny,Ruiz,destiny.ruiz834@example.com,Riyadh,Saudi Arabia,2025-01-16
835,Amanda,Boone,amanda.boone835@example.com,Riyadh,Saudi Arabia,2026-01-02
836,Ryan,Khan,ryan.khan836@example.com,Dubai,Egypt,2023-01-04
837,Jessica,Gallagher,jessica.gallagher837@example.com,Jeddah,United States,2020-06-10
838,Michael,Morales,michael.morales838@example.com,Giza,Jordan,2026-08-03
839,Ashley,Lee,ashley.lee839@example.com,Berlin,Jordan,2025-05-17
840,Angela,Jones,angela.jones840@example.com,Dubai,Qatar,2023-05-26
841,William,Duran,william.duran841@example.com,Cairo,Jordan,2022-02-17
842,Joshua,Hays,joshua.hays842@example.com,Giza,France,2022-09-20
843,Erin,Wilson,erin.wilson843@example.com,London,Jordan,2024-06-12
844,Theresa,Long,theresa.long844@example.com,Dubai,United Kingdom,2023-08-10
845,Laura,Morgan,laura.morgan845@example.com,Abu Dhabi,Germany,2025-03-24
846,Sheila,Fischer,sheila.fischer846@example.com,Berlin,Qatar,2023-06-17
847,James,Hicks,james.hicks847@example.com,Abu Dhabi,Qatar,2025-10-01
848,Vincent,Williams,vincent.williams848@example.com,Amman,France,2021-02-07
849,Derrick,Cook,derrick.cook849@example.com,Amman,Qatar,2022-04-12
850,Thomas,Bryant,thomas.bryant850@example.com,Riyadh,Qatar,2024-08-22
851,Catherine,Robertson,catherine.robertson851@example.com,Cairo,United States,2022-06-25
852,Mark,Austin,mark.austin852@example.com,Alexandria,Egypt,2022-12-04
853,Francisco,Ewing,francisco.ewing853@example.com,Berlin,United States,2026-06-30
854,Jodi,Evans,jodi.evans854@example.com,Jeddah,Kuwait,2021-09-16
855,Matthew,Clayton,matthew.clayton855@example.com,Dubai,Qatar,2022-07-31
856,Amanda,Erickson,amanda.erickson856@example.com,Jeddah,United States,2022-10-03
857,Kevin,Cabrera,kevin.cabrera857@example.com,Amman,United Kingdom,2023-10-14
858,Micheal,Nunez,micheal.nunez858@example.com,Abu Dhabi,France,2025-07-02
859,Tina,Silva,tina.silva859@example.com,Amman,UAE,2023-12-13
860,Laura,Swanson,laura.swanson860@example.com,Alexandria,UAE,2026-02-16
861,Hailey,Johnson,hailey.johnson861@example.com,Amman,UAE,2026-01-29
862,Thomas,Coffey,thomas.coffey862@example.com,Cairo,United Kingdom,2020-05-18
863,Krista,Parsons,krista.parsons863@example.com,Giza,Egypt,2020-01-27
864,Becky,Griffith,becky.griffith864@example.com,Jeddah,UAE,2022-08-05
865,Brandy,Jackson,brandy.jackson865@example.com,Giza,UAE,2020-02-07
866,Cristina,Harvey,cristina.harvey866@example.com,Dubai,United Kingdom,2025-02-10
867,Maureen,Hernandez,maureen.hernandez867@example.com,Riyadh,Egypt,2025-06-02
868,Erin,Johnson,erin.johnson868@example.com,Amman,Egypt,2020-01-28
869,Stacy,Rodriguez,stacy.rodriguez869@example.com,Berlin,United Kingdom,2024-08-11
870,Andrew,Edwards,andrew.edwards870@example.com,Cairo,Egypt,2025-12-08
871,Edward,Vaughn,edward.vaughn871@example.com,Abu Dhabi,United Kingdom,2023-03-20
872,Robert,Hampton,robert.hampton872@example.com,Cairo,United Kingdom,2024-10-29
873,Samantha,Salas,samantha.salas873@example.com,Alexandria,Saudi Arabia,2021-01-29
874,Jill,Brown,jill.brown874@example.com,Berlin,UAE,2022-09-14
875,Devin,Clark,devin.clark875@example.com,Dubai,United States,2025-11-26
876,Mark,Bates,mark.bates876@example.com,Abu Dhabi,Qatar,2022-12-30
877,Alicia,Edwards,alicia.edwards877@example.com,Jeddah,Saudi Arabia,2024-03-08
878,Glen,Barr,glen.barr878@example.com,Jeddah,France,2026-05-03
879,Matthew,Gomez,matthew.gomez879@example.com,Dubai,Jordan,2023-05-13
880,Kelsey,Le,kelsey.le880@example.com,Giza,Egypt,2021-01-17
881,Dawn,Steele,dawn.steele881@example.com,Jeddah,Germany,2024-03-24
882,Chelsea,Lee,chelsea.lee882@example.com,Berlin,France,2020-08-17
883,John,Grant,john.grant883@example.com,Cairo,UAE,2020-12-04
884,Jeffrey,Dudley,jeffrey.dudley884@example.com,Amman,Germany,2023-09-18
885,Kenneth,Roberts,kenneth.roberts885@example.com,London,Saudi Arabia,2025-12-03
886,Jared,Bush,jared.bush886@example.com,Cairo,Jordan,2022-05-15
887,Logan,Bailey,logan.bailey887@example.com,London,France,2023-01-15
888,Sarah,Pope,sarah.pope888@example.com,Cairo,Saudi Arabia,2023-02-22
889,Joshua,Martinez,joshua.martinez889@example.com,Berlin,United States,2020-05-14
890,Erica,James,erica.james890@example.com,Alexandria,Qatar,2020-03-05
891,Tina,Cardenas,tina.cardenas891@example.com,Dubai,United States,2021-08-13
892,Stephanie,Ballard,stephanie.ballard892@example.com,Jeddah,Saudi Arabia,2023-05-10
893,Kelly,Roberts,kelly.roberts893@example.com,Alexandria,United States,2022-09-11
894,Jennifer,Reed,jennifer.reed894@example.com,London,Germany,2026-01-23
895,Scott,Scott,scott.scott895@example.com,Riyadh,Germany,2021-07-27
896,Timothy,Harris,timothy.harris896@example.com,Giza,United Kingdom,2023-11-17
897,Amanda,Fitzpatrick,amanda.fitzpatrick897@example.com,Cairo,Saudi Arabia,2024-11-25
898,Heather,Taylor,heather.taylor898@example.com,Dubai,Saudi Arabia,2023-10-27
899,Christina,Matthews,christina.matthews899@example.com,London,United States,2026-09-05
900,John,Santiago,john.santiago900@example.com,Jeddah,Qatar,2020-05-01
901,Amanda,Little,amanda.little901@example.com,Abu Dhabi,France,2025-07-02
902,Brian,Gutierrez,brian.gutierrez902@example.com,Dubai,Qatar,2026-03-15
903,Jennifer,Garcia,jennifer.garcia903@example.com,Jeddah,Germany,2022-01-30
904,Kelli,Smith,kelli.smith904@example.com,London,Germany,2020-12-17
905,Andrea,Hickman,andrea.hickman905@example.com,London,Kuwait,2022-10-06
906,Richard,Donovan,richard.donovan906@example.com,Giza,Saudi Arabia,2023-01-02
907,Natalie,Woods,natalie.woods907@example.com,Alexandria,Germany,2021-09-23
908,James,Maynard,james.maynard908@example.com,Jeddah,Qatar,2024-01-17
909,Manuel,Brewer,manuel.brewer909@example.com,Giza,Saudi Arabia,2020-01-22
910,Rebecca,Davis,rebecca.davis910@example.com,Abu Dhabi,France,2024-01-14
911,Audrey,Nichols,audrey.nichols911@example.com,Abu Dhabi,Saudi Arabia,2021-06-26
912,Jennifer,Zuniga,jennifer.zuniga912@example.com,Giza,UAE,2024-10-31
913,Robin,Thompson,robin.thompson913@example.com,Amman,United Kingdom,2026-03-22
914,Nicole,Thompson,nicole.thompson914@example.com,Berlin,Germany,2021-02-27
915,Samantha,Osborn,samantha.osborn915@example.com,Cairo,Saudi Arabia,2023-12-20
916,Randy,Simpson,randy.simpson916@example.com,Berlin,Saudi Arabia,2026-09-11
917,Sharon,Hayden,sharon.hayden917@example.com,London,Qatar,2024-04-26
918,Sara,Mcdowell,sara.mcdowell918@example.com,Cairo,Kuwait,2024-08-21
919,Albert,Bradley,albert.bradley919@example.com,Jeddah,Saudi Arabia,2026-04-10
920,Daniel,Bird,daniel.bird920@example.com,Dubai,United States,2025-11-04
921,Justin,Hays,justin.hays921@example.com,Alexandria,Germany,2021-11-25
922,Amy,Snyder,amy.snyder922@example.com,Alexandria,Kuwait,2023-05-18
923,Sheena,Rosales,sheena.rosales923@example.com,Abu Dhabi,France,2021-08-20
924,Taylor,Lee,taylor.lee924@example.com,Giza,UAE,2024-11-15
925,Daniel,Martin,daniel.martin925@example.com,Abu Dhabi,Germany,2023-05-12
926,Stephen,Scott,stephen.scott926@example.com,Amman,Saudi Arabia,2024-01-19
927,Jacob,Doyle,jacob.doyle927@example.com,Abu Dhabi,Jordan,2025-07-23
928,Krystal,Bradley,krystal.bradley928@example.com,London,United States,2022-03-11
929,Katherine,Thompson,katherine.thompson929@example.com,Amman,Saudi Arabia,2021-07-08
930,Melissa,Prince,melissa.prince930@example.com,Abu Dhabi,Egypt,2024-06-08
931,Margaret,Robertson,margaret.robertson931@example.com,Riyadh,United States,2024-04-05
932,Christopher,Caldwell,christopher.caldwell932@example.com,Riyadh,France,2023-10-03
933,Jack,Taylor,jack.taylor933@example.com,Jeddah,United States,2021-07-11
934,Marcus,Wright,marcus.wright934@example.com,Abu Dhabi,Qatar,2022-04-02
935,Jose,Young,jose.young935@example.com,Amman,Qatar,2021-12-28
936,Karen,Finley,karen.finley936@example.com,Jeddah,Qatar,2023-04-08
937,Kevin,Sharp,kevin.sharp937@example.com,Amman,United States,2022-09-19
938,Alexander,Valdez,alexander.valdez938@example.com,Riyadh,Germany,2023-02-22
939,Heather,Brown,heather.brown939@example.com,Jeddah,Qatar,2021-04-11
940,David,Parker,david.parker940@example.com,London,Jordan,2026-08-22
941,Richard,Shaw,richard.shaw941@example.com,Berlin,UAE,2026-03-03
942,Paula,Padilla,paula.padilla942@example.com,Cairo,France,2022-05-08
943,Larry,Wilson,larry.wilson943@example.com,Amman,Kuwait,2020-10-10
944,Sabrina,Phillips,sabrina.phillips944@example.com,Jeddah,France,2021-07-24
945,Christina,Robinson,christina.robinson945@example.com,Abu Dhabi,Jordan,2022-10-31
946,Dennis,Hernandez,dennis.hernandez946@example.com,Alexandria,Germany,2024-03-24
947,Julie,Obrien,julie.obrien947@example.com,Giza,France,2026-09-15
948,Robert,Dunn,robert.dunn948@example.com,Amman,United States,2024-06-29
949,Thomas,Medina,thomas.medina949@example.com,Berlin,United Kingdom,2024-09-09
950,Elizabeth,Robinson,elizabeth.robinson950@example.com,Berlin,Egypt,2024-01-12
951,John,Fischer,john.fischer951@example.com,Berlin,United States,2020-12-14
952,Morgan,Miller,morgan.miller952@example.com,Giza,Jordan,2023-12-25
953,Sean,Padilla,sean.padilla953@example.com,Alexandria,United States,2020-06-30
954,Christian,Elliott,christian.elliott954@example.com,London,Germany,2023-09-20
955,Bryan,Kelley,bryan.kelley955@example.com,Jeddah,Saudi Arabia,2020-02-13
956,William,Armstrong,william.armstrong956@example.com,Giza,Kuwait,2022-06-28
957,Edward,Murphy,edward.murphy957@example.com,Berlin,United Kingdom,2026-04-04
958,Abigail,Wilson,abigail.wilson958@example.com,London,United States,2022-06-24
959,Jamie,Aguilar,jamie.aguilar959@example.com,Amman,Qatar,2024-05-21
960,Christopher,Dixon,christopher.dixon960@example.com,Amman,United States,2025-08-11
961,Lindsey,Chavez,lindsey.chavez961@example.com,Alexandria,Qatar,2020-04-10
962,William,Bryant,william.bryant962@example.com,Amman,Saudi Arabia,2023-04-25
963,Brian,Ford,brian.ford963@example.com,Jeddah,Saudi Arabia,2021-04-20
964,Lindsay,Cummings,lindsay.cummings964@example.com,Alexandria,Qatar,2023-07-01
965,Randy,Velasquez,randy.velasquez965@example.com,Riyadh,France,2022-04-27
966,Julie,Lane,julie.lane966@example.com,Berlin,France,2023-11-27
967,Brandon,Cooper,brandon.cooper967@example.com,Amman,Saudi Arabia,2024-11-29
968,Bryce,Mcknight,bryce.mcknight968@example.com,Amman,Qatar,2020-10-02
969,Sarah,Jones,sarah.jones969@example.com,Abu Dhabi,Egypt,2021-04-16
970,Sarah,Johnson,sarah.johnson970@example.com,Cairo,Qatar,2021-03-23
971,Robert,Mack,robert.mack971@example.com,Alexandria,Jordan,2025-10-14
972,Katie,Good,katie.good972@example.com,Alexandria,United Kingdom,2021-10-17
973,Debbie,Fisher,debbie.fisher973@example.com,Riyadh,United Kingdom,2024-10-12
974,Victoria,Reyes,victoria.reyes974@example.com,Amman,Jordan,2024-07-17
975,Molly,Knox,molly.knox975@example.com,Alexandria,UAE,2024-11-05
976,Nicholas,Vega,nicholas.vega976@example.com,Jeddah,Egypt,2022-03-19
977,Dorothy,Ryan,dorothy.ryan977@example.com,Amman,United States,2024-10-25
978,Desiree,Bailey,desiree.bailey978@example.com,Jeddah,Egypt,2022-05-29
979,Gregory,Medina,gregory.medina979@example.com,Dubai,Kuwait,2020-09-13
980,Allison,Luna,allison.luna980@example.com,London,Saudi Arabia,2026-01-08
981,Jeffrey,Smith,jeffrey.smith981@example.com,Alexandria,Qatar,2023-08-28
982,Andrew,Evans,andrew.evans982@example.com,Dubai,France,2021-04-11
983,Emily,Stephens,emily.stephens983@example.com,Abu Dhabi,France,2025-12-01
984,Amanda,Morrow,amanda.morrow984@example.com,Riyadh,United States,2024-05-10
985,John,Reed,john.reed985@example.com,London,Germany,2026-08-01
986,Joshua,Pineda,joshua.pineda986@example.com,Giza,Qatar,2023-12-12
987,Jessica,Rodriguez,jessica.rodriguez987@example.com,Amman,United States,2021-12-07
988,Lisa,Barnes,lisa.barnes988@example.com,Abu Dhabi,United States,2026-08-14
989,Katie,Stephenson,katie.stephenson989@example.com,Giza,UAE,2023-07-06
990,Alexis,Harris,alexis.harris990@example.com,Giza,Jordan,2023-06-04
991,Craig,Johnson,craig.johnson991@example.com,Giza,UAE,2024-03-09
992,Carla,Warner,carla.warner992@example.com,Alexandria,United Kingdom,2024-05-10
993,Brandon,Yang,brandon.yang993@example.com,Jeddah,United States,2021-07-18
994,Richard,Young,richard.young994@example.com,London,Germany,2024-09-28
995,Jeff,Shields,jeff.shields995@example.com,Alexandria,France,2026-01-10
996,Brian,Gordon,brian.gordon996@example.com,Alexandria,United Kingdom,2021-11-14
997,Keith,Cabrera,keith.cabrera997@example.com,Amman,Kuwait,2021-07-28
998,Jessica,Flores,jessica.flores998@example.com,Alexandria,Qatar,2025-01-21
999,Carla,Chambers,carla.chambers999@example.com,London,Egypt,2024-01-10
1000,Malik,Turner,malik.turner1000@example.com,Cairo,France,2021-07-13
1001,Douglas,Keller,douglas.keller1001@example.com,Dubai,Germany,2026-04-19
1002,Jeffrey,Turner,jeffrey.turner1002@example.com,Berlin,France,2024-08-02
1003,Bruce,Fry,bruce.fry1003@example.com,Amman,Germany,2024-12-23
1004,Nichole,Buck,nichole.buck1004@example.com,Amman,UAE,2020-12-04
1005,Connie,Simmons,connie.simmons1005@example.com,London,Egypt,2022-06-22
1006,Tyler,Compton,tyler.compton1006@example.com,Abu Dhabi,Egypt,2023-01-30
1007,Shelly,Powers,shelly.powers1007@example.com,Dubai,United Kingdom,2023-03-28
1008,Kristi,Flores,kristi.flores1008@example.com,Alexandria,France,2026-05-05
1009,Robert,Hernandez,robert.hernandez1009@example.com,Amman,United Kingdom,2025-09-23
1010,Nicholas,Webster,nicholas.webster1010@example.com,Giza,United States,2021-04-12
1011,Thomas,Atkinson,thomas.atkinson1011@example.com,Abu Dhabi,United Kingdom,2024-02-11
1012,Kevin,Zimmerman,kevin.zimmerman1012@example.com,Berlin,Egypt,2024-12-12
1013,Linda,Melendez,linda.melendez1013@example.com,Berlin,Jordan,2024-10-07
1014,Anna,Faulkner,anna.faulkner1014@example.com,Giza,Jordan,2023-05-04
1015,Angela,Anderson,angela.anderson1015@example.com,Cairo,France,2022-12-12
1016,John,Harris,john.harris1016@example.com,Riyadh,Saudi Arabia,2024-12-03
1017,Deborah,Nielsen,deborah.nielsen1017@example.com,Giza,Jordan,2022-05-09
1018,Melanie,Davis,melanie.davis1018@example.com,London,Qatar,2024-10-19
1019,Jenny,Lee,jenny.lee1019@example.com,Alexandria,United States,2021-07-24
1020,Joseph,Nunez,joseph.nunez1020@example.com,Dubai,Jordan,2020-08-31
1021,Carrie,Russo,carrie.russo1021@example.com,London,Qatar,2025-12-20
1022,Jacob,Gill,jacob.gill1022@example.com,Abu Dhabi,United States,2026-01-15
1023,Jennifer,Hansen,jennifer.hansen1023@example.com,Alexandria,Qatar,2023-04-13
1024,Timothy,Booth,timothy.booth1024@example.com,Abu Dhabi,United States,2022-12-31
1025,Mason,Krueger,mason.krueger1025@example.com,Berlin,Saudi Arabia,2021-07-09
1026,Alexis,Giles,alexis.giles1026@example.com,Jeddah,Egypt,2023-02-09
1027,Suzanne,Wilson,suzanne.wilson1027@example.com,Alexandria,UAE,2022-10-19
1028,Yvonne,Mendoza,yvonne.mendoza1028@example.com,Alexandria,Qatar,2022-10-10
1029,John,Munoz,john.munoz1029@example.com,Jeddah,France,2021-08-05
1030,James,Herman,james.herman1030@example.com,London,Kuwait,2024-08-23
1031,Andrea,Rowe,andrea.rowe1031@example.com,Jeddah,France,2020-11-05
1032,Oscar,Ferguson,oscar.ferguson1032@example.com,Giza,Germany,2025-10-12
1033,Michael,Green,michael.green1033@example.com,Abu Dhabi,Qatar,2025-02-05
1034,William,Crawford,william.crawford1034@example.com,Amman,Qatar,2026-07-11
1035,Corey,Zavala,corey.zavala1035@example.com,Cairo,Saudi Arabia,2025-02-20
1036,Terrance,Franco,terrance.franco1036@example.com,Riyadh,Saudi Arabia,2025-12-29
1037,Robin,Wood,robin.wood1037@example.com,Jeddah,Jordan,2024-10-25
1038,Robert,Hart,robert.hart1038@example.com,Dubai,France,2023-01-04
1039,Jeffrey,Thomas,jeffrey.thomas1039@example.com,Riyadh,Kuwait,2023-10-15
1040,Jose,Donovan,jose.donovan1040@example.com,Berlin,United States,2021-06-18
1041,Beth,Butler,beth.butler1041@example.com,London,France,2023-11-08
1042,Elijah,Rivera,elijah.rivera1042@example.com,Cairo,Egypt,2021-02-11
1043,Noah,Whitaker,noah.whitaker1043@example.com,Amman,Egypt,2021-05-23
1044,Victor,Pena,victor.pena1044@example.com,Alexandria,France,2025-02-12
1045,Gail,Scott,gail.scott1045@example.com,Cairo,Germany,2022-04-08
1046,Lorraine,Levy,lorraine.levy1046@example.com,Alexandria,Kuwait,2021-10-13
1047,Darlene,Henry,darlene.henry1047@example.com,Abu Dhabi,Saudi Arabia,2024-01-16
1048,Gary,Norton,gary.norton1048@example.com,Abu Dhabi,Saudi Arabia,2024-03-03
1049,Gary,Cortez,gary.cortez1049@example.com,Alexandria,Egypt,2024-06-11
1050,Tracy,Stark,tracy.stark1050@example.com,Abu Dhabi,Jordan,2024-10-24
1051,Amber,May,amber.may1051@example.com,Giza,Saudi Arabia,2020-01-05
1052,Brian,Johnson,brian.johnson1052@example.com,Dubai,France,2020-11-15
1053,Melanie,Landry,melanie.landry1053@example.com,Alexandria,United States,2022-07-15
1054,Elizabeth,Duran,elizabeth.duran1054@example.com,Berlin,France,2020-02-08
1055,Robert,Kirby,robert.kirby1055@example.com,Cairo,Qatar,2021-05-08
1056,Jesse,Mann,jesse.mann1056@example.com,Jeddah,UAE,2025-05-10
1057,Albert,Wagner,albert.wagner1057@example.com,Giza,Jordan,2024-04-18
1058,Nathaniel,Williamson,nathaniel.williamson1058@example.com,Giza,Saudi Arabia,2021-02-26
1059,Elizabeth,Jensen,elizabeth.jensen1059@example.com,Riyadh,Qatar,2023-05-10
1060,Timothy,Freeman,timothy.freeman1060@example.com,Alexandria,Germany,2021-06-29
1061,Adam,Arnold,adam.arnold1061@example.com,Alexandria,Saudi Arabia,2025-12-12
1062,Alexander,Moreno,alexander.moreno1062@example.com,London,Egypt,2021-11-03
1063,Joshua,Madden,joshua.madden1063@example.com,Amman,Qatar,2022-05-22
1064,Andre,Li,andre.li1064@example.com,Alexandria,Germany,2024-12-17
1065,Emily,Drake,emily.drake1065@example.com,Dubai,Saudi Arabia,2021-02-15
1066,Renee,Rodriguez,renee.rodriguez1066@example.com,Alexandria,Saudi Arabia,2026-08-11
1067,Cole,Hernandez,cole.hernandez1067@example.com,Jeddah,Qatar,2024-10-24
1068,James,Fox,james.fox1068@example.com,Riyadh,UAE,2022-10-11
1069,Lisa,Adams,lisa.adams1069@example.com,Abu Dhabi,Saudi Arabia,2022-10-13
1070,Randy,Watson,randy.watson1070@example.com,Berlin,United States,2023-03-13
1071,Richard,Cunningham,richard.cunningham1071@example.com,Cairo,Kuwait,2022-04-21
1072,Veronica,Perez,veronica.perez1072@example.com,Berlin,United States,2025-09-18
1073,Gabriella,Abbott,gabriella.abbott1073@example.com,Dubai,Germany,2023-04-25
1074,Desiree,Garrison,desiree.garrison1074@example.com,Cairo,Jordan,2025-07-20
1075,Katherine,Davis,katherine.davis1075@example.com,Jeddah,Saudi Arabia,2022-09-14
1076,Nicholas,Tran,nicholas.tran1076@example.com,Amman,United States,2020-10-17
1077,Brian,Smith,brian.smith1077@example.com,Berlin,Egypt,2024-01-19
1078,George,Porter,george.porter1078@example.com,Riyadh,UAE,2024-05-03
1079,Ryan,Mueller,ryan.mueller1079@example.com,London,Germany,2024-02-05
1080,Ariel,Hodge,ariel.hodge1080@example.com,Berlin,UAE,2025-04-13
1081,Cody,Rice,cody.rice1081@example.com,Giza,Egypt,2026-08-02
1082,Brad,Lewis,brad.lewis1082@example.com,Giza,Egypt,2022-12-09
1083,Miranda,Clay,miranda.clay1083@example.com,Dubai,Egypt,2020-09-04
1084,Thomas,Williams,thomas.williams1084@example.com,Jeddah,United Kingdom,2023-03-19
1085,Charles,Frost,charles.frost1085@example.com,Berlin,Germany,2024-09-30
1086,Rachel,Elliott,rachel.elliott1086@example.com,Jeddah,Saudi Arabia,2026-01-06
1087,Antonio,Mcfarland,antonio.mcfarland1087@example.com,Berlin,United States,2021-09-17
1088,Leonard,Ali,leonard.ali1088@example.com,Abu Dhabi,Saudi Arabia,2023-06-23
1089,Brenda,Goodwin,brenda.goodwin1089@example.com,Giza,United Kingdom,2022-04-12
1090,Jennifer,Sanders,jennifer.sanders1090@example.com,Alexandria,United Kingdom,2023-08-31
1091,Chase,Martin,chase.martin1091@example.com,Jeddah,United States,2020-09-27
1092,John,Davenport,john.davenport1092@example.com,Abu Dhabi,Germany,2022-09-04
1093,Paul,Mosley,paul.mosley1093@example.com,Cairo,Jordan,2020-12-19
1094,Martin,Campos,martin.campos1094@example.com,Jeddah,Saudi Arabia,2025-01-31
1095,Donald,Hinton,donald.hinton1095@example.com,London,United States,2020-08-13
1096,Jennifer,Mason,jennifer.mason1096@example.com,Abu Dhabi,UAE,2021-05-04
1097,Terri,Brown,terri.brown1097@example.com,Cairo,UAE,2020-02-16
1098,Samuel,Roberson,samuel.roberson1098@example.com,Alexandria,France,2023-11-21
1099,Matthew,Mack,matthew.mack1099@example.com,Berlin,United Kingdom,2022-11-27
1100,Stephanie,Sanders,stephanie.sanders1100@example.com,Alexandria,Qatar,2021-06-03
1101,Kim,Johnson,kim.johnson1101@example.com,Abu Dhabi,Saudi Arabia,2020-04-30
1102,Joshua,Riddle,joshua.riddle1102@example.com,Riyadh,Germany,2023-01-19
1103,Tracy,Kelly,tracy.kelly1103@example.com,Berlin,Saudi Arabia,2022-12-13
1104,Shelley,Reynolds,shelley.reynolds1104@example.com,London,Saudi Arabia,2025-07-25
1105,Erin,Guerrero,erin.guerrero1105@example.com,Amman,United Kingdom,2024-01-15
1106,Christopher,Montgomery,christopher.montgomery1106@example.com,Cairo,France,2026-05-10
1107,Lauren,Marquez,lauren.marquez1107@example.com,Alexandria,Qatar,2021-10-06
1108,Christopher,Moore,christopher.moore1108@example.com,Abu Dhabi,Saudi Arabia,2026-06-08
1109,Jennifer,Walters,jennifer.walters1109@example.com,Giza,Jordan,2025-09-15
1110,Jodi,Stewart,jodi.stewart1110@example.com,Cairo,Egypt,2020-02-20
1111,Daniel,Smith,daniel.smith1111@example.com,Dubai,Egypt,2025-04-16
1112,Kyle,Ward,kyle.ward1112@example.com,Riyadh,Germany,2021-09-06
1113,Joseph,Anderson,joseph.anderson1113@example.com,Alexandria,Egypt,2026-03-14
1114,Jacob,Cole,jacob.cole1114@example.com,Jeddah,Jordan,2023-08-11
1115,Angela,Russell,angela.russell1115@example.com,Dubai,Germany,2023-08-03
1116,Anthony,Gomez,anthony.gomez1116@example.com,Abu Dhabi,Saudi Arabia,2026-05-30
1117,Christopher,George,christopher.george1117@example.com,Riyadh,Saudi Arabia,2025-08-18
1118,Mark,Cruz,mark.cruz1118@example.com,Cairo,UAE,2022-07-03
1119,Kelly,Hughes,kelly.hughes1119@example.com,Berlin,Egypt,2024-06-30
1120,Christopher,Santana,christopher.santana1120@example.com,Giza,France,2023-03-02
1121,Rebecca,Spence,rebecca.spence1121@example.com,Abu Dhabi,Qatar,2020-12-19
1122,Ashley,Jackson,ashley.jackson1122@example.com,Berlin,France,2020-02-02
1123,Oscar,Taylor,oscar.taylor1123@example.com,Riyadh,Jordan,2023-04-09
1124,Kevin,Snyder,kevin.snyder1124@example.com,London,Kuwait,2022-09-20
1125,Bryan,Hamilton,bryan.hamilton1125@example.com,Amman,Qatar,2026-08-20
1126,Robert,Washington,robert.washington1126@example.com,Amman,Jordan,2026-02-16
1127,Chase,King,chase.king1127@example.com,Dubai,UAE,2020-01-27
1128,John,Weber,john.weber1128@example.com,Jeddah,Egypt,2022-08-12
1129,Brittney,Gonzalez,brittney.gonzalez1129@example.com,Berlin,Qatar,2020-02-09
1130,Daniel,Torres,daniel.torres1130@example.com,Riyadh,Egypt,2024-03-21
1131,Stacy,Cook,stacy.cook1131@example.com,Abu Dhabi,Saudi Arabia,2022-04-20
1132,Christine,Brock,christine.brock1132@example.com,Berlin,Jordan,2024-09-15
1133,Mark,Cook,mark.cook1133@example.com,Amman,Egypt,2021-08-06
1134,Lisa,Villarreal,lisa.villarreal1134@example.com,Abu Dhabi,Saudi Arabia,2020-06-28
1135,Terri,Taylor,terri.taylor1135@example.com,Dubai,United Kingdom,2024-08-18
1136,Malik,Valentine,malik.valentine1136@example.com,Riyadh,France,2020-12-13
1137,James,Edwards,james.edwards1137@example.com,London,Saudi Arabia,2025-09-01
1138,Tamara,Novak,tamara.novak1138@example.com,Alexandria,Germany,2020-11-02
1139,Kelly,Neal,kelly.neal1139@example.com,London,United States,2020-09-12
1140,Travis,Johnston,travis.johnston1140@example.com,Jeddah,UAE,2022-08-27
1141,John,Bennett,john.bennett1141@example.com,Abu Dhabi,Kuwait,2023-07-14
1142,Lisa,Long,lisa.long1142@example.com,Jeddah,Qatar,2023-07-26
1143,Daniel,Elliott,daniel.elliott1143@example.com,Amman,Kuwait,2022-08-14
1144,Brittany,Gardner,brittany.gardner1144@example.com,Giza,Jordan,2021-07-11
1145,Erin,Pierce,erin.pierce1145@example.com,London,Saudi Arabia,2021-09-28
1146,Stephanie,Murray,stephanie.murray1146@example.com,Giza,UAE,2025-01-15
1147,Jeanette,Gonzales,jeanette.gonzales1147@example.com,Amman,Qatar,2024-07-23
1148,Kelly,Schwartz,kelly.schwartz1148@example.com,Giza,United Kingdom,2024-01-07
1149,Lori,Flynn,lori.flynn1149@example.com,Dubai,France,2023-06-16
1150,Robert,Porter,robert.porter1150@example.com,Amman,Kuwait,2021-05-06
1151,Cynthia,Allen,cynthia.allen1151@example.com,Giza,UAE,2023-05-31
1152,Donna,Espinoza,donna.espinoza1152@example.com,London,Egypt,2022-05-30
1153,Kristina,Jones,kristina.jones1153@example.com,Riyadh,UAE,2021-01-08
1154,Vicki,Mendoza,vicki.mendoza1154@example.com,Dubai,Qatar,2024-06-11
1155,Richard,Hunter,richard.hunter1155@example.com,Berlin,Egypt,2023-05-09
1156,Samantha,Holt,samantha.holt1156@example.com,Abu Dhabi,UAE,2020-05-07
1157,Amy,Gibbs,amy.gibbs1157@example.com,Jeddah,France,2026-03-27
1158,Michael,Woodard,michael.woodard1158@example.com,Berlin,Jordan,2021-01-22
1159,Amanda,Little,amanda.little1159@example.com,Amman,Saudi Arabia,2021-07-26
1160,Christopher,Mack,christopher.mack1160@example.com,Giza,Egypt,2020-09-09
1161,Diane,Kelly,diane.kelly1161@example.com,Dubai,UAE,2022-03-22
1162,Deborah,Williams,deborah.williams1162@example.com,Jeddah,Qatar,2020-12-10
1163,Tonya,Byrd,tonya.byrd1163@example.com,London,United States,2022-11-26
1164,Reginald,Goodwin,reginald.goodwin1164@example.com,Giza,Egypt,2020-09-21
1165,Tammy,Jordan,tammy.jordan1165@example.com,Dubai,France,2021-06-11
1166,Alex,Green,alex.green1166@example.com,Giza,Qatar,2021-05-16
1167,William,Stone,william.stone1167@example.com,Cairo,France,2020-07-26
1168,Beverly,Johnston,beverly.johnston1168@example.com,Alexandria,United States,2024-11-09
1169,Sean,Myers,sean.myers1169@example.com,Jeddah,France,2020-04-30
1170,Kelsey,Chapman,kelsey.chapman1170@example.com,Jeddah,Germany,2021-12-08
1171,Vincent,Cooper,vincent.cooper1171@example.com,Riyadh,Jordan,2022-02-05
1172,Angel,Garcia,angel.garcia1172@example.com,Abu Dhabi,Kuwait,2024-12-31
1173,Robert,Nixon,robert.nixon1173@example.com,Alexandria,Egypt,2022-10-03
1174,Darren,Shepard,darren.shepard1174@example.com,Abu Dhabi,France,2024-08-14
1175,Donald,Collins,donald.collins1175@example.com,Berlin,France,2020-09-06
1176,Stanley,Clark,stanley.clark1176@example.com,Giza,Kuwait,2024-04-17
1177,Timothy,Alvarez,timothy.alvarez1177@example.com,Alexandria,Germany,2022-03-27
1178,Samuel,Horton,samuel.horton1178@example.com,Berlin,Jordan,2026-02-04
1179,Luis,Evans,luis.evans1179@example.com,Cairo,Germany,2024-01-10
1180,Lisa,Wilson,lisa.wilson1180@example.com,Amman,United Kingdom,2025-06-08
1181,Melinda,Wong,melinda.wong1181@example.com,Riyadh,United States,2025-08-19
1182,Erica,Martin,erica.martin1182@example.com,Riyadh,Germany,2023-01-12
1183,Tonya,Sanchez,tonya.sanchez1183@example.com,Alexandria,Egypt,2023-07-30
1184,Greg,Moore,greg.moore1184@example.com,London,Jordan,2020-04-30
1185,Anita,Mullen,anita.mullen1185@example.com,Abu Dhabi,Egypt,2025-04-16
1186,Jesse,Sullivan,jesse.sullivan1186@example.com,Berlin,Qatar,2026-07-20
1187,Jack,Davidson,jack.davidson1187@example.com,Dubai,UAE,2021-02-14
1188,Ryan,Johnson,ryan.johnson1188@example.com,Dubai,Jordan,2022-12-27
1189,Christina,Gonzalez,christina.gonzalez1189@example.com,Berlin,Egypt,2022-06-17
1190,Brittany,Price,brittany.price1190@example.com,London,Germany,2023-12-24
1191,Janet,Harris,janet.harris1191@example.com,Alexandria,UAE,2022-08-26
1192,Karen,Stokes,karen.stokes1192@example.com,London,Qatar,2024-01-09
1193,Bryan,Garcia,bryan.garcia1193@example.com,London,Egypt,2023-12-11
1194,Monica,Lopez,monica.lopez1194@example.com,London,United States,2021-08-05
1195,Mark,Ellis,mark.ellis1195@example.com,London,Jordan,2025-07-09
1196,Jose,Huffman,jose.huffman1196@example.com,Berlin,Kuwait,2021-12-20
1197,Allison,Fowler,allison.fowler1197@example.com,Amman,Egypt,2021-01-04
1198,Candice,Carr,candice.carr1198@example.com,Cairo,Jordan,2022-06-15
1199,Brenda,Bailey,brenda.bailey1199@example.com,Cairo,United Kingdom,2025-05-11
1200,Megan,Williamson,megan.williamson1200@example.com,Cairo,Qatar,2022-04-05
1201,Lisa,Mccarthy,lisa.mccarthy1201@example.com,Alexandria,Qatar,2021-12-27
1202,Kenneth,Mendez,kenneth.mendez1202@example.com,Riyadh,Egypt,2020-03-30
1203,Christopher,Anderson,christopher.anderson1203@example.com,Alexandria,United States,2021-08-03
1204,David,Torres,david.torres1204@example.com,Giza,United Kingdom,2024-02-03
1205,Isaac,Steele,isaac.steele1205@example.com,Giza,Qatar,2024-06-08
1206,William,Barnes,william.barnes1206@example.com,London,Saudi Arabia,2023-10-10
1207,Devin,Reyes,devin.reyes1207@example.com,Abu Dhabi,Qatar,2021-07-12
1208,Jacob,Reid,jacob.reid1208@example.com,Alexandria,Germany,2025-06-18
1209,Heather,Brewer,heather.brewer1209@example.com,Riyadh,UAE,2026-04-20
1210,Zoe,Peters,zoe.peters1210@example.com,London,Qatar,2022-07-03
1211,Tracy,Taylor,tracy.taylor1211@example.com,London,UAE,2024-03-29
1212,Leonard,Hayes,leonard.hayes1212@example.com,Abu Dhabi,Kuwait,2021-06-05
1213,Brian,Howard,brian.howard1213@example.com,Alexandria,Egypt,2026-06-04
1214,Albert,Taylor,albert.taylor1214@example.com,Jeddah,United States,2020-05-12
1215,Lisa,Maynard,lisa.maynard1215@example.com,Alexandria,United States,2023-07-27
1216,William,Simpson,william.simpson1216@example.com,London,Jordan,2026-05-05
1217,Gail,Perry,gail.perry1217@example.com,Giza,France,2021-07-30
1218,Mary,Burns,mary.burns1218@example.com,Riyadh,Saudi Arabia,2022-09-01
1219,Christopher,Johnson,christopher.johnson1219@example.com,Riyadh,Qatar,2021-11-18
1220,Kathleen,Carter,kathleen.carter1220@example.com,Giza,Qatar,2025-01-03
1221,Joshua,Medina,joshua.medina1221@example.com,Cairo,Kuwait,2022-05-08
1222,Gary,Ellis,gary.ellis1222@example.com,Dubai,Saudi Arabia,2023-12-06
1223,Julia,Cannon,julia.cannon1223@example.com,Abu Dhabi,Saudi Arabia,2020-01-06
1224,Andrea,Wilson,andrea.wilson1224@example.com,Cairo,Germany,2024-11-29
1225,Danny,Hampton,danny.hampton1225@example.com,Jeddah,UAE,2024-08-22
1226,Madeline,Richardson,madeline.richardson1226@example.com,Amman,Germany,2023-12-09
1227,Lynn,Williams,lynn.williams1227@example.com,Berlin,Germany,2021-02-19
1228,Jennifer,Payne,jennifer.payne1228@example.com,Amman,United States,2022-07-12
1229,Veronica,Garcia,veronica.garcia1229@example.com,Alexandria,France,2020-10-28
1230,Maria,Potter,maria.potter1230@example.com,Cairo,Kuwait,2020-03-23
1231,Kenneth,Kidd,kenneth.kidd1231@example.com,Riyadh,Kuwait,2021-03-04
1232,Shannon,Bailey,shannon.bailey1232@example.com,Giza,Qatar,2021-11-27
1233,Lisa,Gonzales,lisa.gonzales1233@example.com,Jeddah,UAE,2020-11-03
1234,Victoria,Rowe,victoria.rowe1234@example.com,Berlin,Saudi Arabia,2023-10-16
1235,Joel,Cochran,joel.cochran1235@example.com,London,United States,2025-05-31
1236,Brianna,Bell,brianna.bell1236@example.com,Cairo,Germany,2021-11-06
1237,Jennifer,Chen,jennifer.chen1237@example.com,London,Germany,2021-10-05
1238,Gabriel,Taylor,gabriel.taylor1238@example.com,Cairo,Saudi Arabia,2023-09-18
1239,Jamie,Clark,jamie.clark1239@example.com,Dubai,Jordan,2024-08-03
1240,Brian,Bell,brian.bell1240@example.com,Berlin,United Kingdom,2022-12-22
1241,Juan,Ryan,juan.ryan1241@example.com,Abu Dhabi,Kuwait,2022-08-30
1242,Mario,Padilla,mario.padilla1242@example.com,Giza,Egypt,2024-05-28
1243,Keith,Adams,keith.adams1243@example.com,London,United Kingdom,2025-07-03
1244,Michele,Duke,michele.duke1244@example.com,Alexandria,Egypt,2024-01-17
1245,Erin,Davis,erin.davis1245@example.com,Cairo,Germany,2020-12-24
1246,Sydney,Floyd,sydney.floyd1246@example.com,Abu Dhabi,United States,2025-05-21
1247,Samantha,Riddle,samantha.riddle1247@example.com,Dubai,Saudi Arabia,2020-04-15
1248,Michelle,Martinez,michelle.martinez1248@example.com,Dubai,UAE,2023-04-10
1249,Michelle,Wright,michelle.wright1249@example.com,Giza,France,2021-04-18
1250,Jennifer,Poole,jennifer.poole1250@example.com,Abu Dhabi,Germany,2025-04-12
1251,Kathleen,Lowe,kathleen.lowe1251@example.com,Amman,Kuwait,2021-01-08
1252,Tracy,Ray,tracy.ray1252@example.com,Berlin,Germany,2022-01-27
1253,Joseph,Perry,joseph.perry1253@example.com,Riyadh,Germany,2024-02-22
1254,Shannon,Schultz,shannon.schultz1254@example.com,Alexandria,France,2020-07-01
1255,Nicole,Davis,nicole.davis1255@example.com,Abu Dhabi,France,2025-03-19
1256,Zachary,Ramirez,zachary.ramirez1256@example.com,Abu Dhabi,Jordan,2023-01-05
1257,Sharon,Wood,sharon.wood1257@example.com,London,Egypt,2021-09-11
1258,Stephanie,Murphy,stephanie.murphy1258@example.com,Giza,Saudi Arabia,2023-11-09
1259,Aaron,Schroeder,aaron.schroeder1259@example.com,Berlin,Germany,2026-08-12
1260,Jessica,Simon,jessica.simon1260@example.com,Dubai,United Kingdom,2020-09-06
1261,Stephen,Beck,stephen.beck1261@example.com,Jeddah,United Kingdom,2024-09-10
1262,Michael,Brown,michael.brown1262@example.com,Berlin,France,2026-06-03
1263,Amanda,Robinson,amanda.robinson1263@example.com,Dubai,France,2023-05-09
1264,Russell,Lewis,russell.lewis1264@example.com,Giza,Germany,2020-05-22
1265,Joseph,Clayton,joseph.clayton1265@example.com,Berlin,United States,2025-10-17
1266,Matthew,Lane,matthew.lane1266@example.com,London,United States,2021-08-26
1267,Ashlee,Washington,ashlee.washington1267@example.com,Giza,France,2021-12-09
1268,Matthew,Fleming,matthew.fleming1268@example.com,Alexandria,Jordan,2022-02-28
1269,Brandon,Garcia,brandon.garcia1269@example.com,Alexandria,Egypt,2024-09-30
1270,Kristen,Stevens,kristen.stevens1270@example.com,Giza,Germany,2022-04-07
1271,David,Mathews,david.mathews1271@example.com,Alexandria,United States,2022-11-22
1272,Scott,Smith,scott.smith1272@example.com,Riyadh,Saudi Arabia,2020-12-22
1273,Susan,Harris,susan.harris1273@example.com,Jeddah,United Kingdom,2024-06-15
1274,Haley,Anderson,haley.anderson1274@example.com,Berlin,Qatar,2023-02-05
1275,Debra,Moore,debra.moore1275@example.com,Berlin,France,2020-02-20
1276,Sarah,Hill,sarah.hill1276@example.com,London,United States,2025-11-10
1277,Diamond,Wright,diamond.wright1277@example.com,Jeddah,Saudi Arabia,2024-08-24
1278,Nathan,Mckee,nathan.mckee1278@example.com,Alexandria,UAE,2026-05-09
1279,Gabriel,Sanders,gabriel.sanders1279@example.com,London,United States,2021-02-14
1280,Kevin,Lyons,kevin.lyons1280@example.com,Giza,United States,2021-02-17
1281,Jim,Rios,jim.rios1281@example.com,Abu Dhabi,United Kingdom,2023-11-09
1282,Jane,Smith,jane.smith1282@example.com,Jeddah,Kuwait,2024-04-17
1283,Thomas,Anderson,thomas.anderson1283@example.com,Amman,United States,2025-04-21
1284,Jeremy,Frazier,jeremy.frazier1284@example.com,Cairo,UAE,2023-02-02
1285,Albert,Dominguez,albert.dominguez1285@example.com,Jeddah,UAE,2024-07-03
1286,Lisa,Mcneil,lisa.mcneil1286@example.com,Cairo,Germany,2023-09-19
1287,Robert,Anderson,robert.anderson1287@example.com,Dubai,Egypt,2025-04-30
1288,Chad,Reyes,chad.reyes1288@example.com,Abu Dhabi,Qatar,2020-03-23
1289,Jessica,Garcia,jessica.garcia1289@example.com,Riyadh,Kuwait,2023-06-27
1290,Lawrence,Ibarra,lawrence.ibarra1290@example.com,Abu Dhabi,France,2021-02-06
1291,Derrick,Ayala,derrick.ayala1291@example.com,Dubai,UAE,2023-05-15
1292,Karen,Anderson,karen.anderson1292@example.com,Amman,Qatar,2023-01-08
1293,Victoria,Thomas,victoria.thomas1293@example.com,Jeddah,United States,2020-12-31
1294,Alyssa,Smith,alyssa.smith1294@example.com,Dubai,France,2022-05-15
1295,Debra,Alexander,debra.alexander1295@example.com,Jeddah,France,2025-10-16
1296,Jennifer,Fuller,jennifer.fuller1296@example.com,Riyadh,Egypt,2025-10-11
1297,Edward,Jenkins,edward.jenkins1297@example.com,Alexandria,Saudi Arabia,2023-06-28
1298,Glenda,Heath,glenda.heath1298@example.com,Berlin,Germany,2021-07-09
1299,Christopher,Garcia,christopher.garcia1299@example.com,Berlin,United States,2020-04-28
1300,Karen,Lawrence,karen.lawrence1300@example.com,Alexandria,Jordan,2022-04-02
1301,Patrick,Richmond,patrick.richmond1301@example.com,Cairo,Jordan,2020-05-15
1302,Leonard,Taylor,leonard.taylor1302@example.com,Amman,Egypt,2024-01-16
1303,Joshua,Miller,joshua.miller1303@example.com,Dubai,Kuwait,2024-02-17
1304,Angela,Greene,angela.greene1304@example.com,Amman,United Kingdom,2024-06-13
1305,Cathy,Maxwell,cathy.maxwell1305@example.com,Giza,Egypt,2022-09-17
1306,Hannah,Abbott,hannah.abbott1306@example.com,Riyadh,France,2026-08-30
1307,Dominique,Turner,dominique.turner1307@example.com,Amman,UAE,2025-04-27
1308,April,Hicks,april.hicks1308@example.com,London,United Kingdom,2023-12-03
1309,Julie,Phillips,julie.phillips1309@example.com,Riyadh,UAE,2022-11-25
1310,Brian,Hurst,brian.hurst1310@example.com,Giza,Kuwait,2020-04-22
1311,Stephanie,Simpson,stephanie.simpson1311@example.com,Jeddah,Egypt,2021-10-29
1312,Daniel,Porter,daniel.porter1312@example.com,London,Jordan,2022-06-25
1313,Brittney,Rice,brittney.rice1313@example.com,Dubai,Jordan,2023-01-07
1314,Tiffany,Hatfield,tiffany.hatfield1314@example.com,Jeddah,United Kingdom,2020-03-23
1315,Sarah,Anderson,sarah.anderson1315@example.com,Cairo,France,2021-06-25
1316,Michelle,Carroll,michelle.carroll1316@example.com,Alexandria,United States,2020-02-04
1317,Michael,Vega,michael.vega1317@example.com,Dubai,Kuwait,2023-06-05
1318,Kathryn,Best,kathryn.best1318@example.com,Abu Dhabi,Germany,2024-03-22
1319,Kaylee,Smith,kaylee.smith1319@example.com,Riyadh,France,2022-10-29
1320,Carlos,Baker,carlos.baker1320@example.com,Dubai,France,2023-05-22
1321,Bill,Brown,bill.brown1321@example.com,Berlin,United States,2024-06-14
1322,Kristina,Hunter,kristina.hunter1322@example.com,London,Saudi Arabia,2020-01-31
1323,Courtney,Mason,courtney.mason1323@example.com,Berlin,Qatar,2026-04-18
1324,Robert,Miles,robert.miles1324@example.com,London,United States,2023-03-03
1325,Christopher,Herrera,christopher.herrera1325@example.com,Abu Dhabi,Saudi Arabia,2025-05-27
1326,Christina,Ramirez,christina.ramirez1326@example.com,Giza,Qatar,2023-02-06
1327,Kyle,Dixon,kyle.dixon1327@example.com,Riyadh,Kuwait,2022-12-05
1328,James,Morton,james.morton1328@example.com,Abu Dhabi,Jordan,2021-09-06
1329,Amanda,Myers,amanda.myers1329@example.com,Berlin,Jordan,2020-08-20
1330,Cynthia,Davenport,cynthia.davenport1330@example.com,London,Germany,2023-08-02
1331,Erin,Jones,erin.jones1331@example.com,Alexandria,Egypt,2025-07-30
1332,Holly,Blair,holly.blair1332@example.com,Abu Dhabi,Kuwait,2024-09-10
1333,Meghan,Brown,meghan.brown1333@example.com,Jeddah,Germany,2020-05-24
1334,Christopher,Hamilton,christopher.hamilton1334@example.com,London,United States,2022-02-16
1335,Shawn,Lynch,shawn.lynch1335@example.com,Riyadh,Jordan,2025-12-29
1336,Kyle,Harmon,kyle.harmon1336@example.com,Amman,Qatar,2025-09-08
1337,Joy,Wilson,joy.wilson1337@example.com,Abu Dhabi,UAE,2026-04-05
1338,Jean,Miles,jean.miles1338@example.com,Alexandria,Kuwait,2021-02-03
1339,Frank,Benton,frank.benton1339@example.com,Amman,UAE,2022-11-25
1340,Alexandra,Logan,alexandra.logan1340@example.com,Berlin,UAE,2023-10-06
1341,Jennifer,Jackson,jennifer.jackson1341@example.com,Giza,Jordan,2023-12-26
1342,David,Norman,david.norman1342@example.com,Dubai,Kuwait,2024-09-18
1343,Joseph,Tanner,joseph.tanner1343@example.com,Riyadh,Qatar,2022-12-03
1344,Kelsey,Johnson,kelsey.johnson1344@example.com,London,Kuwait,2025-03-14
1345,Lindsay,Nelson,lindsay.nelson1345@example.com,Giza,France,2020-08-07
1346,Caleb,Joseph,caleb.joseph1346@example.com,London,United States,2020-10-18
1347,Barbara,Jones,barbara.jones1347@example.com,Amman,Jordan,2025-08-11
1348,Spencer,Ward,spencer.ward1348@example.com,Giza,Germany,2025-12-10
1349,Victor,Bradley,victor.bradley1349@example.com,Abu Dhabi,Germany,2020-08-09
1350,Michael,Scott,michael.scott1350@example.com,Alexandria,UAE,2022-03-31
1351,Dakota,Berry,dakota.berry1351@example.com,Riyadh,Germany,2026-05-21
1352,Jennifer,Perez,jennifer.perez1352@example.com,Amman,UAE,2023-07-19
1353,William,Williams,william.williams1353@example.com,Alexandria,Saudi Arabia,2025-06-20
1354,Michelle,Sanchez,michelle.sanchez1354@example.com,Riyadh,UAE,2023-07-07
1355,Thomas,Reyes,thomas.reyes1355@example.com,Cairo,Egypt,2025-01-25
1356,Edward,Velazquez,edward.velazquez1356@example.com,Abu Dhabi,Jordan,2021-11-21
1357,Meredith,Tran,meredith.tran1357@example.com,London,UAE,2025-06-28
1358,Robin,Yang,robin.yang1358@example.com,Giza,UAE,2024-11-11
1359,Robert,Morris,robert.morris1359@example.com,Jeddah,Germany,2024-10-23
1360,Robert,Cortez,robert.cortez1360@example.com,Amman,Germany,2020-01-20
1361,Joseph,Miller,joseph.miller1361@example.com,Cairo,United Kingdom,2022-03-27
1362,Nathan,Shaw,nathan.shaw1362@example.com,Riyadh,Egypt,2023-08-12
1363,Rachel,White,rachel.white1363@example.com,Berlin,Jordan,2020-03-14
1364,Linda,Jarvis,linda.jarvis1364@example.com,Cairo,Jordan,2022-07-15
1365,Stephanie,Jones,stephanie.jones1365@example.com,Riyadh,Kuwait,2021-06-12
1366,Steven,Campbell,steven.campbell1366@example.com,Giza,Germany,2025-08-23
1367,Megan,Murphy,megan.murphy1367@example.com,London,Kuwait,2021-11-15
1368,Angela,Smith,angela.smith1368@example.com,Giza,Egypt,2023-05-06
1369,James,Elliott,james.elliott1369@example.com,Abu Dhabi,France,2025-11-01
1370,Kevin,Dean,kevin.dean1370@example.com,London,United Kingdom,2023-10-15
1371,Steven,Vargas,steven.vargas1371@example.com,Jeddah,UAE,2023-11-04
1372,Trevor,Barton,trevor.barton1372@example.com,Amman,Qatar,2022-02-10
1373,James,Mccullough,james.mccullough1373@example.com,Alexandria,Germany,2020-03-19
1374,Kathleen,Sanchez,kathleen.sanchez1374@example.com,Dubai,Jordan,2021-06-21
1375,Adam,Ortiz,adam.ortiz1375@example.com,Dubai,Egypt,2026-08-12
1376,Jesse,Reed,jesse.reed1376@example.com,Berlin,UAE,2021-05-19
1377,Mary,Wiley,mary.wiley1377@example.com,Riyadh,Egypt,2024-03-16
1378,Stephanie,Smith,stephanie.smith1378@example.com,Abu Dhabi,United Kingdom,2020-07-18
1379,Diane,Sweeney,diane.sweeney1379@example.com,London,Egypt,2021-03-18
1380,Jessica,Garcia,jessica.garcia1380@example.com,Cairo,Egypt,2021-04-19
1381,Alyssa,Allen,alyssa.allen1381@example.com,Jeddah,France,2024-04-06
1382,Travis,Brown,travis.brown1382@example.com,Giza,United Kingdom,2022-11-01
1383,Wendy,Dawson,wendy.dawson1383@example.com,Amman,UAE,2022-04-21
1384,Christopher,Morse,christopher.morse1384@example.com,Cairo,Kuwait,2024-09-19
1385,Phyllis,Meyer,phyllis.meyer1385@example.com,Giza,United Kingdom,2023-01-10
1386,Jaclyn,Watson,jaclyn.watson1386@example.com,London,United States,2021-07-15
1387,Terri,Miller,terri.miller1387@example.com,Jeddah,Saudi Arabia,2025-09-26
1388,Cody,Anderson,cody.anderson1388@example.com,London,Saudi Arabia,2023-03-03
1389,Lori,Jones,lori.jones1389@example.com,Giza,Saudi Arabia,2025-07-31
1390,Ashley,Graham,ashley.graham1390@example.com,Dubai,United States,2022-03-29
1391,Tamara,Young,tamara.young1391@example.com,Abu Dhabi,United Kingdom,2022-04-06
1392,Jose,Edwards,jose.edwards1392@example.com,Riyadh,Germany,2023-04-24
1393,Lauren,Haynes,lauren.haynes1393@example.com,Alexandria,Egypt,2026-02-23
1394,Jill,Stewart,jill.stewart1394@example.com,Amman,Jordan,2025-05-22
1395,Joseph,Jones,joseph.jones1395@example.com,Riyadh,Jordan,2020-01-12
1396,James,Chan,james.chan1396@example.com,Cairo,Saudi Arabia,2021-03-28
1397,Brenda,Moore,brenda.moore1397@example.com,London,France,2021-09-02
1398,Frank,Owens,frank.owens1398@example.com,Giza,United Kingdom,2020-11-03
1399,Richard,Herrera,richard.herrera1399@example.com,Giza,Kuwait,2022-08-04
1400,Tami,Clark,tami.clark1400@example.com,Amman,Kuwait,2022-12-17
1401,Kyle,Baker,kyle.baker1401@example.com,Amman,Egypt,2021-02-12
1402,David,Moore,david.moore1402@example.com,Alexandria,Egypt,2023-04-05
1403,Gina,Mckenzie,gina.mckenzie1403@example.com,Riyadh,Qatar,2024-10-10
1404,Heidi,Williams,heidi.williams1404@example.com,Giza,Saudi Arabia,2020-07-06
1405,Mary,Murphy,mary.murphy1405@example.com,Cairo,UAE,2021-11-29
1406,Christopher,Wright,christopher.wright1406@example.com,Riyadh,Qatar,2024-11-27
1407,Michael,Palmer,michael.palmer1407@example.com,London,Kuwait,2021-01-15
1408,Erica,Green,erica.green1408@example.com,Riyadh,Qatar,2022-01-19
1409,Vicki,Johnson,vicki.johnson1409@example.com,Giza,Germany,2024-06-27
1410,Richard,Chavez,richard.chavez1410@example.com,Amman,Kuwait,2024-04-28
1411,Kaitlin,Wright,kaitlin.wright1411@example.com,Amman,Germany,2021-11-14
1412,Steven,Lara,steven.lara1412@example.com,Giza,UAE,2020-08-28
1413,Donald,Smith,donald.smith1413@example.com,Alexandria,Saudi Arabia,2024-08-31
1414,Maria,Haas,maria.haas1414@example.com,London,France,2026-05-19
1415,David,Colon,david.colon1415@example.com,Amman,UAE,2024-04-04
1416,Nathan,Mccoy,nathan.mccoy1416@example.com,Riyadh,United States,2020-04-28
1417,Deanna,Aguilar,deanna.aguilar1417@example.com,Alexandria,France,2025-06-22
1418,Jonathan,Hess,jonathan.hess1418@example.com,Giza,Germany,2024-12-10
1419,Andrew,Brown,andrew.brown1419@example.com,Cairo,Saudi Arabia,2022-12-07
1420,Rachel,Ramos,rachel.ramos1420@example.com,Riyadh,Egypt,2025-11-19
1421,David,Stein,david.stein1421@example.com,London,United States,2022-07-06
1422,Maria,Rivera,maria.rivera1422@example.com,Riyadh,United Kingdom,2025-11-12
1423,Brad,Murray,brad.murray1423@example.com,London,Saudi Arabia,2024-11-07
1424,Gary,Berry,gary.berry1424@example.com,Dubai,France,2023-11-17
1425,Lorraine,Foster,lorraine.foster1425@example.com,Jeddah,UAE,2026-04-05
1426,Anthony,Vega,anthony.vega1426@example.com,London,Egypt,2020-02-17
1427,Gerald,Lewis,gerald.lewis1427@example.com,Alexandria,United Kingdom,2025-04-06
1428,Jacob,Ramirez,jacob.ramirez1428@example.com,Amman,UAE,2020-11-02
1429,Nicole,Johnson,nicole.johnson1429@example.com,Amman,Qatar,2022-09-13
1430,Christine,Sanchez,christine.sanchez1430@example.com,Riyadh,Kuwait,2020-07-25
1431,Kenneth,Jenkins,kenneth.jenkins1431@example.com,Berlin,Jordan,2026-03-04
1432,Andrea,Brown,andrea.brown1432@example.com,Jeddah,Germany,2022-08-20
1433,Joshua,Taylor,joshua.taylor1433@example.com,Giza,France,2024-12-24
1434,James,Wilkerson,james.wilkerson1434@example.com,London,France,2020-12-26
1435,Alicia,Mccoy,alicia.mccoy1435@example.com,Amman,France,2023-07-18
1436,Leah,Norton,leah.norton1436@example.com,Giza,France,2020-03-13
1437,Veronica,Casey,veronica.casey1437@example.com,Giza,Germany,2024-08-15
1438,Michael,Stephens,michael.stephens1438@example.com,Cairo,United Kingdom,2026-02-27
1439,Todd,Durham,todd.durham1439@example.com,Cairo,Saudi Arabia,2023-06-01
1440,Wayne,Price,wayne.price1440@example.com,Berlin,United Kingdom,2022-04-27
1441,Hector,Flores,hector.flores1441@example.com,Amman,Qatar,2024-01-28
1442,Jeffery,Huang,jeffery.huang1442@example.com,Cairo,Jordan,2025-02-04
1443,Kimberly,Brown,kimberly.brown1443@example.com,Riyadh,United Kingdom,2025-04-21
1444,Victoria,Moreno,victoria.moreno1444@example.com,Riyadh,France,2021-04-12
1445,Katie,Key,katie.key1445@example.com,Giza,Jordan,2020-01-09
1446,Terri,Garcia,terri.garcia1446@example.com,Riyadh,Qatar,2023-04-10
1447,Diane,Adams,diane.adams1447@example.com,Berlin,United Kingdom,2024-03-11
1448,Lisa,Stark,lisa.stark1448@example.com,Giza,Egypt,2021-11-03
1449,Brian,Davies,brian.davies1449@example.com,Amman,UAE,2024-08-03
1450,Jeffrey,Bradford,jeffrey.bradford1450@example.com,Giza,Kuwait,2022-03-13
1451,Laura,Kelly,laura.kelly1451@example.com,Dubai,Saudi Arabia,2024-05-28
1452,Mary,Bruce,mary.bruce1452@example.com,Dubai,France,2022-02-19
1453,Gregory,Watkins,gregory.watkins1453@example.com,Riyadh,Saudi Arabia,2024-08-24
1454,Linda,Wolfe,linda.wolfe1454@example.com,Cairo,United States,2021-05-19
1455,Robin,Johnson,robin.johnson1455@example.com,Amman,France,2026-08-10
1456,Jackie,Meza,jackie.meza1456@example.com,Berlin,UAE,2025-08-05
1457,Anne,Hart,anne.hart1457@example.com,Cairo,United Kingdom,2020-07-17
1458,Jacob,Travis,jacob.travis1458@example.com,Berlin,Germany,2026-07-24
1459,Nicole,Vasquez,nicole.vasquez1459@example.com,Amman,United Kingdom,2021-12-26
1460,Kyle,Henry,kyle.henry1460@example.com,London,UAE,2021-06-09
1461,Christopher,Hall,christopher.hall1461@example.com,Giza,Germany,2023-08-11
1462,Jeffery,Fox,jeffery.fox1462@example.com,Berlin,Germany,2024-09-10
1463,Aaron,Hardin,aaron.hardin1463@example.com,London,Jordan,2023-01-25
1464,James,Anderson,james.anderson1464@example.com,Jeddah,Qatar,2023-04-19
1465,Jennifer,Sellers,jennifer.sellers1465@example.com,Amman,UAE,2021-07-19
1466,Megan,Morris,megan.morris1466@example.com,Jeddah,United States,2025-09-29
1467,Andrew,Willis,andrew.willis1467@example.com,Abu Dhabi,United Kingdom,2023-07-09
1468,Samantha,Schroeder,samantha.schroeder1468@example.com,Berlin,Jordan,2022-04-02
1469,Meghan,Valencia,meghan.valencia1469@example.com,Dubai,United States,2023-04-05
1470,Susan,Brooks,susan.brooks1470@example.com,Riyadh,UAE,2021-12-29
1471,Sheri,Foster,sheri.foster1471@example.com,Berlin,United Kingdom,2023-08-13
1472,Craig,Turner,craig.turner1472@example.com,Giza,Qatar,2026-04-22
1473,Derek,Moore,derek.moore1473@example.com,Amman,United States,2026-05-26
1474,Stacy,Conner,stacy.conner1474@example.com,Jeddah,United Kingdom,2023-03-17
1475,Susan,Banks,susan.banks1475@example.com,Jeddah,Egypt,2025-11-11
1476,Grant,Novak,grant.novak1476@example.com,Giza,Egypt,2024-04-09
1477,Heather,Mcfarland,heather.mcfarland1477@example.com,Alexandria,Egypt,2020-08-19
1478,Kristin,Walker,kristin.walker1478@example.com,Dubai,Kuwait,2021-10-21
1479,Brianna,Thompson,brianna.thompson1479@example.com,Abu Dhabi,Kuwait,2021-08-22
1480,Kurt,Barker,kurt.barker1480@example.com,Cairo,Kuwait,2022-04-15
1481,David,Daniel,david.daniel1481@example.com,Berlin,Egypt,2024-01-09
1482,Stacy,Fry,stacy.fry1482@example.com,Amman,Saudi Arabia,2026-04-20
1483,Peter,Gamble,peter.gamble1483@example.com,Dubai,United Kingdom,2024-05-11
1484,Tammy,Johnson,tammy.johnson1484@example.com,Dubai,United Kingdom,2023-03-24
1485,Carrie,Mccall,carrie.mccall1485@example.com,Cairo,Germany,2024-05-06
1486,Tammy,Walker,tammy.walker1486@example.com,Jeddah,Qatar,2026-03-11
1487,Ariana,Zuniga,ariana.zuniga1487@example.com,Cairo,Egypt,2022-10-26
1488,Donald,Mcgee,donald.mcgee1488@example.com,Dubai,United States,2024-12-19
1489,John,Haas,john.haas1489@example.com,Dubai,Qatar,2026-08-07
1490,Gary,Mcclure,gary.mcclure1490@example.com,Berlin,United States,2022-03-15
1491,Christopher,Fletcher,christopher.fletcher1491@example.com,Dubai,Kuwait,2025-01-12
1492,Danielle,Tanner,danielle.tanner1492@example.com,Alexandria,Saudi Arabia,2022-02-04
1493,Sean,Baker,sean.baker1493@example.com,Alexandria,United Kingdom,2021-05-03
1494,John,Jones,john.jones1494@example.com,Jeddah,Egypt,2024-10-21
1495,Jonathan,Rodriguez,jonathan.rodriguez1495@example.com,Abu Dhabi,United Kingdom,2022-12-18
1496,Aaron,Cruz,aaron.cruz1496@example.com,Alexandria,UAE,2026-07-20
1497,Jessica,Costa,jessica.costa1497@example.com,Abu Dhabi,Egypt,2023-09-15
1498,Nicole,Snyder,nicole.snyder1498@example.com,Amman,UAE,2020-06-12
1499,Nicholas,Payne,nicholas.payne1499@example.com,Alexandria,Qatar,2026-09-10
1500,Craig,Mendoza,craig.mendoza1500@example.com,Cairo,United States,2023-05-18
1501,Michelle,Curtis,michelle.curtis1501@example.com,Amman,United States,2026-03-03
1502,Gloria,Martin,gloria.martin1502@example.com,Riyadh,Saudi Arabia,2023-07-25
1503,Charles,Singleton,charles.singleton1503@example.com,Berlin,Jordan,2022-01-23
1504,Kenneth,Flores,kenneth.flores1504@example.com,Berlin,Saudi Arabia,2025-08-31
1505,Stephanie,Jones,stephanie.jones1505@example.com,Alexandria,Germany,2026-02-02
1506,George,Bennett,george.bennett1506@example.com,Berlin,Germany,2021-01-11
1507,Jessica,Payne,jessica.payne1507@example.com,Riyadh,Jordan,2022-05-23
1508,Rachael,Davis,rachael.davis1508@example.com,Riyadh,Qatar,2024-01-17
1509,Brooke,Austin,brooke.austin1509@example.com,Abu Dhabi,Jordan,2025-12-12
1510,Timothy,Johnson,timothy.johnson1510@example.com,Amman,United Kingdom,2020-02-06
1511,Sherri,Martin,sherri.martin1511@example.com,Giza,Qatar,2024-12-30
1512,Pamela,Moore,pamela.moore1512@example.com,Dubai,United States,2022-09-25
1513,Craig,Harris,craig.harris1513@example.com,Cairo,Qatar,2024-04-11
1514,James,Terry,james.terry1514@example.com,Giza,Germany,2022-11-16
1515,Jennifer,Blair,jennifer.blair1515@example.com,Berlin,Kuwait,2020-04-11
1516,Joseph,Campbell,joseph.campbell1516@example.com,Berlin,Qatar,2025-10-07
1517,John,Williams,john.williams1517@example.com,Berlin,France,2025-06-16
1518,Ashley,Larsen,ashley.larsen1518@example.com,Cairo,Kuwait,2022-02-27
1519,Eric,Ward,eric.ward1519@example.com,Riyadh,United Kingdom,2020-12-03
1520,Ronald,Phillips,ronald.phillips1520@example.com,Giza,UAE,2026-01-12
1521,Ebony,Greene,ebony.greene1521@example.com,Berlin,Egypt,2020-09-25
1522,James,Johnson,james.johnson1522@example.com,Dubai,Jordan,2024-10-03
1523,George,Carter,george.carter1523@example.com,Giza,Jordan,2026-01-11
1524,Christopher,Anthony,christopher.anthony1524@example.com,Jeddah,Saudi Arabia,2021-09-21
1525,Kyle,Sanders,kyle.sanders1525@example.com,Cairo,France,2023-09-20
1526,Tracy,Guerrero,tracy.guerrero1526@example.com,Cairo,Saudi Arabia,2020-10-27
1527,Christopher,Stephens,christopher.stephens1527@example.com,Cairo,UAE,2022-10-28
1528,Jackson,Mcclure,jackson.mcclure1528@example.com,Berlin,Saudi Arabia,2026-06-13
1529,Mike,Griffin,mike.griffin1529@example.com,Dubai,Kuwait,2024-07-27
1530,Jose,Marshall,jose.marshall1530@example.com,Jeddah,France,2024-07-14
1531,Jeremy,Adams,jeremy.adams1531@example.com,Jeddah,Qatar,2020-03-10
1532,Bryan,Goodwin,bryan.goodwin1532@example.com,Jeddah,Saudi Arabia,2025-12-30
1533,Elizabeth,Miller,elizabeth.miller1533@example.com,Cairo,United States,2020-09-16
1534,Maurice,Weaver,maurice.weaver1534@example.com,London,Egypt,2020-10-24
1535,Tara,Lawrence,tara.lawrence1535@example.com,Riyadh,United Kingdom,2021-03-10
1536,Angela,Randall,angela.randall1536@example.com,Abu Dhabi,Kuwait,2020-12-20
1537,Loretta,Barnes,loretta.barnes1537@example.com,Abu Dhabi,France,2024-04-11
1538,Amanda,Camacho,amanda.camacho1538@example.com,Jeddah,Egypt,2025-04-25
1539,Thomas,Keith,thomas.keith1539@example.com,Alexandria,United Kingdom,2022-06-19
1540,Thomas,Miller,thomas.miller1540@example.com,Alexandria,Germany,2026-02-13
1541,Raven,Klein,raven.klein1541@example.com,Abu Dhabi,UAE,2023-05-05
1542,Wayne,Lester,wayne.lester1542@example.com,Riyadh,Egypt,2026-03-17
1543,Lauren,Byrd,lauren.byrd1543@example.com,Berlin,UAE,2021-05-19
1544,Christine,Martinez,christine.martinez1544@example.com,Cairo,Egypt,2026-06-03
1545,Katherine,Thompson,katherine.thompson1545@example.com,London,Germany,2026-01-09
1546,Tracey,Stanton,tracey.stanton1546@example.com,Berlin,Saudi Arabia,2023-06-02
1547,Lindsey,Martinez,lindsey.martinez1547@example.com,Dubai,Qatar,2022-05-17
1548,Rodney,Mcneil,rodney.mcneil1548@example.com,Jeddah,United Kingdom,2021-08-06
1549,Ryan,Osborn,ryan.osborn1549@example.com,Alexandria,UAE,2022-06-23
1550,Courtney,Flowers,courtney.flowers1550@example.com,London,Kuwait,2022-03-06
1551,Jonathan,Bartlett,jonathan.bartlett1551@example.com,Giza,UAE,2026-05-12
1552,Robin,Jones,robin.jones1552@example.com,Cairo,United Kingdom,2025-03-04
1553,Paul,Sanders,paul.sanders1553@example.com,Berlin,Saudi Arabia,2023-04-05
1554,Mark,Hill,mark.hill1554@example.com,Giza,Kuwait,2021-02-06
1555,Stephen,Marks,stephen.marks1555@example.com,Dubai,United States,2025-06-18
1556,Kristin,Dean,kristin.dean1556@example.com,Riyadh,Qatar,2021-06-09
1557,Alexandra,Barnes,alexandra.barnes1557@example.com,Dubai,Saudi Arabia,2023-03-13
1558,Robert,Hernandez,robert.hernandez1558@example.com,London,Saudi Arabia,2022-03-03
1559,Brianna,Chang,brianna.chang1559@example.com,Riyadh,France,2025-01-19
1560,Sheila,Buckley,sheila.buckley1560@example.com,Riyadh,United States,2023-06-06
1561,Anna,Garcia,anna.garcia1561@example.com,London,UAE,2026-05-05
1562,Justin,Nichols,justin.nichols1562@example.com,London,Qatar,2023-07-19
1563,Maurice,Jenkins,maurice.jenkins1563@example.com,Jeddah,UAE,2020-01-20
1564,Patrick,Washington,patrick.washington1564@example.com,Riyadh,Jordan,2022-06-26
1565,Chelsea,Johnson,chelsea.johnson1565@example.com,Jeddah,Kuwait,2024-01-12
1566,Joshua,Thomas,joshua.thomas1566@example.com,Alexandria,Qatar,2025-05-19
1567,Charlotte,Steele,charlotte.steele1567@example.com,Amman,France,2024-01-09
1568,Benjamin,Preston,benjamin.preston1568@example.com,Abu Dhabi,France,2026-03-09
1569,Martin,Young,martin.young1569@example.com,Giza,UAE,2020-12-01
1570,Julie,Mccall,julie.mccall1570@example.com,Abu Dhabi,UAE,2026-01-15
1571,Penny,Smith,penny.smith1571@example.com,Dubai,Kuwait,2020-11-09
1572,Lisa,Turner,lisa.turner1572@example.com,Giza,Egypt,2025-09-08
1573,Juan,Vasquez,juan.vasquez1573@example.com,Cairo,United States,2026-06-29
1574,Heather,Garcia,heather.garcia1574@example.com,Jeddah,United States,2022-05-21
1575,Misty,Taylor,misty.taylor1575@example.com,Cairo,United Kingdom,2022-12-03
1576,Terri,Ramos,terri.ramos1576@example.com,Berlin,United Kingdom,2025-04-17
1577,Margaret,Adams,margaret.adams1577@example.com,Alexandria,Qatar,2024-05-26
1578,Robert,Brewer,robert.brewer1578@example.com,Dubai,United States,2023-04-06
1579,Jacob,Lewis,jacob.lewis1579@example.com,Alexandria,France,2025-08-14
1580,Madison,Figueroa,madison.figueroa1580@example.com,Berlin,Saudi Arabia,2024-06-13
1581,Katherine,Camacho,katherine.camacho1581@example.com,Riyadh,United Kingdom,2020-02-13
1582,Lori,Robertson,lori.robertson1582@example.com,Dubai,United States,2021-11-10
1583,Erik,Collins,erik.collins1583@example.com,Berlin,UAE,2025-01-01
1584,William,Taylor,william.taylor1584@example.com,Alexandria,UAE,2026-05-08
1585,Melissa,Suarez,melissa.suarez1585@example.com,London,UAE,2025-06-03
1586,Anthony,Lee,anthony.lee1586@example.com,Riyadh,Egypt,2022-06-15
1587,Marissa,Hood,marissa.hood1587@example.com,Amman,Jordan,2020-09-14
1588,John,Bryant,john.bryant1588@example.com,Abu Dhabi,Qatar,2022-08-16
1589,Samantha,Bush,samantha.bush1589@example.com,Cairo,Jordan,2025-10-22
1590,Joshua,Colon,joshua.colon1590@example.com,Riyadh,Germany,2025-04-07
1591,William,Reid,william.reid1591@example.com,Amman,Egypt,2020-06-12
1592,David,Johnson,david.johnson1592@example.com,Riyadh,Saudi Arabia,2025-11-05
1593,Nathan,Wheeler,nathan.wheeler1593@example.com,Abu Dhabi,Kuwait,2026-06-28
1594,Gregory,Harrell,gregory.harrell1594@example.com,Berlin,United States,2021-12-13
1595,Brenda,Bailey,brenda.bailey1595@example.com,Jeddah,Germany,2024-02-05
1596,Frank,Kline,frank.kline1596@example.com,London,Saudi Arabia,2025-10-17
1597,Kaitlyn,Barker,kaitlyn.barker1597@example.com,Abu Dhabi,Germany,2022-07-01
1598,Justin,Hughes,justin.hughes1598@example.com,Berlin,Germany,2023-12-16
1599,Frank,Armstrong,frank.armstrong1599@example.com,Riyadh,France,2025-05-28
1600,Tammie,Vincent,tammie.vincent1600@example.com,London,Egypt,2025-08-17
1601,Deborah,Byrd,deborah.byrd1601@example.com,Alexandria,France,2021-11-09
1602,Joseph,Ortiz,joseph.ortiz1602@example.com,Dubai,Saudi Arabia,2025-10-08
1603,Andrew,Deleon,andrew.deleon1603@example.com,Abu Dhabi,Jordan,2021-09-07
1604,Katrina,Smith,katrina.smith1604@example.com,Alexandria,UAE,2024-01-23
1605,Rhonda,Holland,rhonda.holland1605@example.com,London,Saudi Arabia,2022-08-01
1606,Carolyn,Smith,carolyn.smith1606@example.com,Jeddah,Qatar,2021-04-09
1607,Johnny,Trujillo,johnny.trujillo1607@example.com,Amman,France,2025-05-16
1608,Kevin,Rasmussen,kevin.rasmussen1608@example.com,Dubai,United States,2021-10-22
1609,Dawn,Coleman,dawn.coleman1609@example.com,Jeddah,Egypt,2022-09-25
1610,Nicholas,Bailey,nicholas.bailey1610@example.com,Cairo,UAE,2026-06-07
1611,Johnathan,Owens,johnathan.owens1611@example.com,London,UAE,2021-07-05
1612,Erica,Holloway,erica.holloway1612@example.com,Berlin,Egypt,2026-06-02
1613,Randy,Garcia,randy.garcia1613@example.com,Alexandria,Egypt,2021-11-12
1614,William,Bates,william.bates1614@example.com,Abu Dhabi,UAE,2025-10-17
1615,Megan,Brooks,megan.brooks1615@example.com,Jeddah,United States,2026-04-27
1616,Deborah,Lynch,deborah.lynch1616@example.com,Cairo,Kuwait,2020-12-17
1617,Kenneth,Rodriguez,kenneth.rodriguez1617@example.com,Dubai,France,2025-04-14
1618,Caleb,Mcneil,caleb.mcneil1618@example.com,Amman,UAE,2022-06-17
1619,Danielle,Hensley,danielle.hensley1619@example.com,Jeddah,United States,2021-08-07
1620,Jose,Dawson,jose.dawson1620@example.com,London,UAE,2025-09-23
1621,Patricia,Evans,patricia.evans1621@example.com,Abu Dhabi,UAE,2023-11-04
1622,Edward,Cannon,edward.cannon1622@example.com,Amman,United States,2026-08-16
1623,Rachel,Trujillo,rachel.trujillo1623@example.com,Giza,Jordan,2024-03-29
1624,Leah,Greene,leah.greene1624@example.com,Jeddah,UAE,2021-03-20
1625,Donna,Becker,donna.becker1625@example.com,Cairo,Jordan,2025-11-11
1626,Jennifer,Rios,jennifer.rios1626@example.com,Berlin,Germany,2021-09-04
1627,Whitney,Green,whitney.green1627@example.com,London,Saudi Arabia,2021-12-27
1628,Robert,Price,robert.price1628@example.com,Amman,United States,2020-06-08
1629,Austin,Erickson,austin.erickson1629@example.com,Berlin,United Kingdom,2021-04-26
1630,Ashley,Lee,ashley.lee1630@example.com,Giza,France,2021-06-17
1631,Jessica,Walker,jessica.walker1631@example.com,London,United Kingdom,2020-01-05
1632,Amanda,Glover,amanda.glover1632@example.com,Jeddah,United Kingdom,2024-09-19
1633,Rebecca,Powers,rebecca.powers1633@example.com,Riyadh,Egypt,2025-12-10
1634,William,Bruce,william.bruce1634@example.com,Jeddah,Jordan,2025-05-28
1635,Mary,Walter,mary.walter1635@example.com,Jeddah,Qatar,2026-08-09
1636,Howard,Davis,howard.davis1636@example.com,London,Saudi Arabia,2024-10-08
1637,David,Green,david.green1637@example.com,Alexandria,Kuwait,2025-05-08
1638,Lindsey,Hines,lindsey.hines1638@example.com,Dubai,Saudi Arabia,2023-03-06
1639,Isaac,Frazier,isaac.frazier1639@example.com,London,United Kingdom,2024-07-31
1640,Matthew,Davis,matthew.davis1640@example.com,Abu Dhabi,Jordan,2020-01-23
1641,Michael,Garner,michael.garner1641@example.com,Cairo,United States,2025-11-10
1642,Kurt,French,kurt.french1642@example.com,Giza,United Kingdom,2020-01-30
1643,Mark,Green,mark.green1643@example.com,Jeddah,Jordan,2023-07-17
1644,Kelly,York,kelly.york1644@example.com,Jeddah,Qatar,2021-03-12
1645,Thomas,Delacruz,thomas.delacruz1645@example.com,Alexandria,Germany,2026-07-25
1646,Brandy,Blackburn,brandy.blackburn1646@example.com,Abu Dhabi,Kuwait,2026-01-04
1647,Charles,Preston,charles.preston1647@example.com,Jeddah,United States,2024-02-06
1648,Vincent,Dillon,vincent.dillon1648@example.com,London,Kuwait,2024-06-15
1649,Patrick,Evans,patrick.evans1649@example.com,Dubai,Germany,2026-03-11
1650,Brian,Dickerson,brian.dickerson1650@example.com,Berlin,France,2022-01-02
1651,Derrick,Gonzalez,derrick.gonzalez1651@example.com,Riyadh,United Kingdom,2026-03-22
1652,Robert,Hudson,robert.hudson1652@example.com,Amman,Kuwait,2023-06-10
1653,Rebecca,Ellis,rebecca.ellis1653@example.com,London,Qatar,2024-06-18
1654,Leslie,Baldwin,leslie.baldwin1654@example.com,Alexandria,Saudi Arabia,2022-07-30
1655,Kimberly,Freeman,kimberly.freeman1655@example.com,Amman,UAE,2021-02-14
1656,Crystal,Thompson,crystal.thompson1656@example.com,Dubai,United Kingdom,2024-06-28
1657,Cynthia,Smith,cynthia.smith1657@example.com,Riyadh,United Kingdom,2020-08-01
1658,Joshua,Juarez,joshua.juarez1658@example.com,Alexandria,Germany,2020-01-22
1659,Gary,Duran,gary.duran1659@example.com,Giza,UAE,2025-04-15
1660,Tracy,Gallagher,tracy.gallagher1660@example.com,London,Germany,2020-12-27
1661,Christopher,Mendez,christopher.mendez1661@example.com,Giza,Kuwait,2022-06-27
1662,Cynthia,Powell,cynthia.powell1662@example.com,Riyadh,Saudi Arabia,2020-06-03
1663,Tammy,Reyes,tammy.reyes1663@example.com,Jeddah,Germany,2025-11-04
1664,Benjamin,Gonzalez,benjamin.gonzalez1664@example.com,Abu Dhabi,United States,2020-08-23
1665,Nathan,Smith,nathan.smith1665@example.com,Alexandria,France,2024-12-03
1666,Marco,Whitaker,marco.whitaker1666@example.com,Cairo,Jordan,2025-10-23
1667,James,Rhodes,james.rhodes1667@example.com,Abu Dhabi,Jordan,2020-05-17
1668,Courtney,Wright,courtney.wright1668@example.com,London,United Kingdom,2025-10-13
1669,Heather,Cooper,heather.cooper1669@example.com,Dubai,United States,2021-11-25
1670,David,Reyes,david.reyes1670@example.com,Cairo,Qatar,2022-09-06
1671,Brianna,Jackson,brianna.jackson1671@example.com,Cairo,UAE,2020-12-21
1672,Madison,Evans,madison.evans1672@example.com,Abu Dhabi,Germany,2023-12-17
1673,Kelly,Luna,kelly.luna1673@example.com,Jeddah,Germany,2026-07-28
1674,Caitlyn,Morgan,caitlyn.morgan1674@example.com,Dubai,United Kingdom,2020-03-03
1675,Pamela,Cowan,pamela.cowan1675@example.com,Giza,Saudi Arabia,2026-03-01
1676,Matthew,Valenzuela,matthew.valenzuela1676@example.com,Abu Dhabi,United Kingdom,2026-07-15
1677,Michael,Lopez,michael.lopez1677@example.com,Riyadh,Qatar,2023-02-06
1678,Stacy,Hull,stacy.hull1678@example.com,Dubai,United States,2022-03-07
1679,Richard,Perez,richard.perez1679@example.com,Amman,Germany,2026-06-12
1680,Jessica,Anderson,jessica.anderson1680@example.com,Cairo,Kuwait,2021-12-17
1681,Jessica,Lawrence,jessica.lawrence1681@example.com,Jeddah,United Kingdom,2021-03-12
1682,Gary,Richardson,gary.richardson1682@example.com,Berlin,Saudi Arabia,2025-08-22
1683,Debra,Johnson,debra.johnson1683@example.com,Abu Dhabi,Qatar,2021-04-24
1684,Nancy,Scott,nancy.scott1684@example.com,Berlin,Kuwait,2026-01-12
1685,Amanda,Williams,amanda.williams1685@example.com,London,Kuwait,2024-12-18
1686,Virginia,Stanley,virginia.stanley1686@example.com,Jeddah,United States,2025-06-03
1687,Desiree,Smith,desiree.smith1687@example.com,Dubai,Qatar,2025-02-22
1688,Hannah,Butler,hannah.butler1688@example.com,Amman,United States,2020-04-22
1689,Omar,Kelley,omar.kelley1689@example.com,Amman,Saudi Arabia,2022-11-22
1690,Thomas,Hernandez,thomas.hernandez1690@example.com,Giza,Germany,2022-06-21
1691,Heather,Mccoy,heather.mccoy1691@example.com,Dubai,Qatar,2024-08-16
1692,Kevin,Stanley,kevin.stanley1692@example.com,Riyadh,United Kingdom,2026-01-03
1693,Elaine,Nelson,elaine.nelson1693@example.com,Cairo,Kuwait,2022-10-13
1694,Catherine,Taylor,catherine.taylor1694@example.com,Abu Dhabi,Saudi Arabia,2024-06-22
1695,Maria,Garcia,maria.garcia1695@example.com,Riyadh,Saudi Arabia,2026-03-21
1696,Jennifer,Wilson,jennifer.wilson1696@example.com,Alexandria,France,2023-07-09
1697,Daniel,Rodriguez,daniel.rodriguez1697@example.com,Riyadh,Jordan,2026-06-07
1698,James,Gonzalez,james.gonzalez1698@example.com,Abu Dhabi,UAE,2022-02-17
1699,Jose,Mills,jose.mills1699@example.com,Amman,Jordan,2022-08-19
1700,James,Warner,james.warner1700@example.com,Dubai,Kuwait,2022-04-26
1701,Kenneth,Williams,kenneth.williams1701@example.com,Dubai,Jordan,2022-10-19
1702,Tyler,Clark,tyler.clark1702@example.com,London,Qatar,2021-09-30
1703,Sarah,Rivera,sarah.rivera1703@example.com,Giza,Saudi Arabia,2020-11-17
1704,Aaron,Powers,aaron.powers1704@example.com,Amman,United States,2020-01-28
1705,Rebecca,Conley,rebecca.conley1705@example.com,Berlin,Egypt,2025-05-29
1706,Elizabeth,Hernandez,elizabeth.hernandez1706@example.com,Riyadh,United States,2023-07-15
1707,Christopher,Hunt,christopher.hunt1707@example.com,Amman,United States,2023-01-30
1708,Jennifer,Garcia,jennifer.garcia1708@example.com,Amman,UAE,2025-09-24
1709,Jonathan,Hall,jonathan.hall1709@example.com,Abu Dhabi,Germany,2022-06-28
1710,Vanessa,Phillips,vanessa.phillips1710@example.com,London,UAE,2020-08-09
1711,Steven,Garcia,steven.garcia1711@example.com,Berlin,Germany,2025-05-13
1712,Gregg,Williams,gregg.williams1712@example.com,Berlin,Egypt,2025-08-20
1713,Kelly,Solis,kelly.solis1713@example.com,Riyadh,Germany,2021-12-16
1714,Larry,Rodgers,larry.rodgers1714@example.com,Amman,Saudi Arabia,2025-10-23
1715,Cody,Chang,cody.chang1715@example.com,Amman,Qatar,2020-02-04
1716,Brandon,Christian,brandon.christian1716@example.com,Cairo,Jordan,2024-04-03
1717,Elizabeth,Jackson,elizabeth.jackson1717@example.com,London,Saudi Arabia,2023-08-25
1718,Michael,Kim,michael.kim1718@example.com,Riyadh,United States,2022-11-29
1719,Christy,Johns,christy.johns1719@example.com,Alexandria,United Kingdom,2022-12-12
1720,Christopher,Briggs,christopher.briggs1720@example.com,Dubai,Kuwait,2025-04-14
1721,Ian,Morales,ian.morales1721@example.com,London,Qatar,2024-02-07
1722,Suzanne,Nelson,suzanne.nelson1722@example.com,Alexandria,France,2024-10-02
1723,Paul,Jefferson,paul.jefferson1723@example.com,Dubai,Germany,2024-03-04
1724,Lauren,Banks,lauren.banks1724@example.com,Riyadh,Germany,2023-02-19
1725,Laura,Wilson,laura.wilson1725@example.com,Amman,UAE,2026-05-29
1726,Heather,Brown,heather.brown1726@example.com,Alexandria,United States,2022-07-25
1727,Sherri,Moore,sherri.moore1727@example.com,Giza,Kuwait,2022-08-23
1728,Robert,Garza,robert.garza1728@example.com,Berlin,Germany,2024-04-09
1729,Leah,Gregory,leah.gregory1729@example.com,Dubai,UAE,2021-09-04
1730,Howard,James,howard.james1730@example.com,Amman,Egypt,2021-12-24
1731,Michael,Johnson,michael.johnson1731@example.com,Jeddah,France,2021-07-04
1732,Gabrielle,Roberson,gabrielle.roberson1732@example.com,Berlin,United Kingdom,2023-07-17
1733,Teresa,Anderson,teresa.anderson1733@example.com,Amman,Kuwait,2022-10-24
1734,Samantha,Rodriguez,samantha.rodriguez1734@example.com,Berlin,United States,2020-07-14
1735,Robert,Williams,robert.williams1735@example.com,Jeddah,Saudi Arabia,2021-10-31
1736,Jose,Edwards,jose.edwards1736@example.com,Cairo,Jordan,2022-11-07
1737,Janet,Gregory,janet.gregory1737@example.com,Amman,Saudi Arabia,2025-01-16
1738,Katrina,Ray,katrina.ray1738@example.com,Riyadh,Kuwait,2024-01-18
1739,Annette,Levine,annette.levine1739@example.com,Riyadh,United Kingdom,2026-04-02
1740,Elizabeth,Morgan,elizabeth.morgan1740@example.com,Abu Dhabi,Qatar,2020-03-22
1741,Alexandra,Haynes,alexandra.haynes1741@example.com,Jeddah,Saudi Arabia,2023-12-09
1742,Cody,Stanley,cody.stanley1742@example.com,London,Jordan,2026-06-20
1743,John,Reed,john.reed1743@example.com,London,United Kingdom,2021-12-15
1744,Erica,Cruz,erica.cruz1744@example.com,Abu Dhabi,Qatar,2023-08-24
1745,Mary,Grant,mary.grant1745@example.com,Berlin,France,2025-01-04
1746,Vanessa,Brown,vanessa.brown1746@example.com,Giza,Germany,2023-03-19
1747,Dawn,Moore,dawn.moore1747@example.com,Amman,UAE,2021-11-17
1748,Melinda,Christian,melinda.christian1748@example.com,Riyadh,Germany,2026-05-30
1749,Molly,Jones,molly.jones1749@example.com,Jeddah,Saudi Arabia,2020-11-20
1750,Travis,Allen,travis.allen1750@example.com,Alexandria,Qatar,2022-07-23
1751,Tara,Williams,tara.williams1751@example.com,Riyadh,Qatar,2023-04-08
1752,Jeffrey,Schneider,jeffrey.schneider1752@example.com,Abu Dhabi,United States,2024-06-07
1753,Richard,Young,richard.young1753@example.com,Abu Dhabi,France,2024-01-27
1754,Stephen,Solis,stephen.solis1754@example.com,London,United Kingdom,2025-01-18
1755,Shane,Gates,shane.gates1755@example.com,Jeddah,UAE,2022-01-23
1756,Sergio,Wilson,sergio.wilson1756@example.com,Cairo,UAE,2022-08-19
1757,Tyler,Valdez,tyler.valdez1757@example.com,Abu Dhabi,Saudi Arabia,2022-05-12
1758,Curtis,Gutierrez,curtis.gutierrez1758@example.com,Alexandria,Germany,2021-02-25
1759,Angela,Smith,angela.smith1759@example.com,Giza,Saudi Arabia,2025-04-22
1760,Christopher,Munoz,christopher.munoz1760@example.com,Berlin,Egypt,2020-04-17
1761,Christine,Torres,christine.torres1761@example.com,Jeddah,United Kingdom,2020-12-06
1762,William,Clark,william.clark1762@example.com,Giza,Kuwait,2021-09-28
1763,Emily,Clements,emily.clements1763@example.com,Giza,Germany,2023-06-21
1764,Michael,Brown,michael.brown1764@example.com,Dubai,Jordan,2023-03-09
1765,Jeffrey,Gibson,jeffrey.gibson1765@example.com,Amman,UAE,2021-06-21
1766,Ann,Harvey,ann.harvey1766@example.com,Berlin,UAE,2020-04-27
1767,Thomas,Sandoval,thomas.sandoval1767@example.com,Cairo,Qatar,2023-08-25
1768,Jennifer,Wilson,jennifer.wilson1768@example.com,Amman,France,2026-01-23
1769,Katherine,Walker,katherine.walker1769@example.com,Abu Dhabi,United Kingdom,2024-12-27
1770,Matthew,Gallegos,matthew.gallegos1770@example.com,Alexandria,United Kingdom,2021-12-26
1771,Tamara,Carter,tamara.carter1771@example.com,London,United States,2025-02-13
1772,Alejandra,Park,alejandra.park1772@example.com,London,Germany,2025-11-14
1773,Brandon,Martin,brandon.martin1773@example.com,Berlin,Kuwait,2023-11-23
1774,Donald,Love,donald.love1774@example.com,Amman,United Kingdom,2022-07-19
1775,Jennifer,Rodriguez,jennifer.rodriguez1775@example.com,Giza,France,2023-06-15
1776,Cheryl,Lopez,cheryl.lopez1776@example.com,Riyadh,Germany,2022-11-30
1777,Sarah,Long,sarah.long1777@example.com,Alexandria,Kuwait,2020-02-13
1778,Stephen,Harrington,stephen.harrington1778@example.com,Cairo,United Kingdom,2021-07-12
1779,Jennifer,Rodriguez,jennifer.rodriguez1779@example.com,Riyadh,Kuwait,2025-04-05
1780,Robert,House,robert.house1780@example.com,Berlin,Egypt,2025-07-07
1781,Mary,Chapman,mary.chapman1781@example.com,Amman,Kuwait,2020-02-07
1782,Kelsey,Hayes,kelsey.hayes1782@example.com,Jeddah,Kuwait,2026-09-11
1783,Dominique,Blanchard,dominique.blanchard1783@example.com,Dubai,Egypt,2026-02-23
1784,Dennis,Porter,dennis.porter1784@example.com,Riyadh,Jordan,2024-08-13
1785,Alyssa,Williams,alyssa.williams1785@example.com,Berlin,Germany,2024-06-04
1786,Savannah,Roberson,savannah.roberson1786@example.com,Dubai,UAE,2024-05-15
1787,Timothy,Romero,timothy.romero1787@example.com,Jeddah,Jordan,2022-12-13
1788,Samantha,Thompson,samantha.thompson1788@example.com,Giza,Germany,2022-09-08
1789,Beth,Cross,beth.cross1789@example.com,Berlin,United States,2023-01-18
1790,David,Hughes,david.hughes1790@example.com,Abu Dhabi,United Kingdom,2023-01-06
1791,Caroline,Andrade,caroline.andrade1791@example.com,Jeddah,Jordan,2020-10-07
1792,William,Cruz,william.cruz1792@example.com,Alexandria,UAE,2023-04-01
1793,Tiffany,Moon,tiffany.moon1793@example.com,Giza,France,2025-01-28
1794,Kathryn,Hill,kathryn.hill1794@example.com,Abu Dhabi,United States,2025-07-08
1795,Tamara,Waller,tamara.waller1795@example.com,Dubai,Qatar,2020-03-20
1796,Shawn,Anderson,shawn.anderson1796@example.com,Alexandria,Egypt,2025-12-31
1797,Robert,Graves,robert.graves1797@example.com,Cairo,UAE,2021-02-22
1798,Kaitlyn,Evans,kaitlyn.evans1798@example.com,Abu Dhabi,Kuwait,2021-05-27
1799,Jacqueline,Valencia,jacqueline.valencia1799@example.com,Amman,Egypt,2022-08-11
1800,Jennifer,Walls,jennifer.walls1800@example.com,Giza,UAE,2020-03-01
1801,Cynthia,Harris,cynthia.harris1801@example.com,Amman,Jordan,2023-11-01
1802,Claudia,Roberts,claudia.roberts1802@example.com,Jeddah,Kuwait,2025-08-03
1803,Michael,Chambers,michael.chambers1803@example.com,Riyadh,France,2020-05-09
1804,Tina,Santos,tina.santos1804@example.com,Riyadh,Saudi Arabia,2021-08-21
1805,Susan,Gordon,susan.gordon1805@example.com,Cairo,Kuwait,2024-05-26
1806,Heather,Morris,heather.morris1806@example.com,Giza,United Kingdom,2025-04-09
1807,Darrell,Bell,darrell.bell1807@example.com,Alexandria,Jordan,2022-10-21
1808,Timothy,Duncan,timothy.duncan1808@example.com,Jeddah,Egypt,2021-05-14
1809,Elizabeth,Butler,elizabeth.butler1809@example.com,Dubai,Germany,2024-12-19
1810,Julie,Skinner,julie.skinner1810@example.com,Dubai,Egypt,2022-03-26
1811,Justin,Boone,justin.boone1811@example.com,Amman,Saudi Arabia,2025-11-04
1812,Lindsey,Mills,lindsey.mills1812@example.com,Dubai,France,2024-05-12
1813,Anthony,Thomas,anthony.thomas1813@example.com,Abu Dhabi,Qatar,2021-10-11
1814,Ellen,Gonzalez,ellen.gonzalez1814@example.com,Cairo,United Kingdom,2025-11-03
1815,Karen,Martin,karen.martin1815@example.com,Giza,Kuwait,2025-05-25
1816,Justin,King,justin.king1816@example.com,Abu Dhabi,Jordan,2024-01-16
1817,Mary,Vaughn,mary.vaughn1817@example.com,Cairo,Jordan,2021-04-07
1818,Kenneth,Molina,kenneth.molina1818@example.com,Dubai,Germany,2023-08-22
1819,Antonio,Cervantes,antonio.cervantes1819@example.com,Cairo,UAE,2023-02-04
1820,Curtis,Parrish,curtis.parrish1820@example.com,London,Saudi Arabia,2024-06-09
1821,Jodi,Hancock,jodi.hancock1821@example.com,Dubai,Egypt,2020-06-21
1822,Julia,Hoffman,julia.hoffman1822@example.com,London,France,2026-09-08
1823,John,Mueller,john.mueller1823@example.com,Alexandria,Qatar,2021-01-01
1824,Lauren,Roberts,lauren.roberts1824@example.com,Dubai,UAE,2025-08-09
1825,Elizabeth,House,elizabeth.house1825@example.com,Giza,United States,2023-10-18
1826,Paul,Frye,paul.frye1826@example.com,Cairo,Egypt,2023-12-27
1827,Theresa,Edwards,theresa.edwards1827@example.com,Alexandria,United Kingdom,2021-03-15
1828,Andrea,Smith,andrea.smith1828@example.com,Alexandria,France,2022-08-11
1829,John,Oliver,john.oliver1829@example.com,Riyadh,United Kingdom,2023-11-23
1830,Kimberly,Berg,kimberly.berg1830@example.com,Amman,Jordan,2020-03-28
1831,Maria,Pruitt,maria.pruitt1831@example.com,Jeddah,Qatar,2021-07-05
1832,Janet,Holland,janet.holland1832@example.com,Abu Dhabi,Egypt,2025-06-10
1833,Kari,Payne,kari.payne1833@example.com,Amman,United Kingdom,2023-04-22
1834,Carrie,Parsons,carrie.parsons1834@example.com,Berlin,France,2022-02-16
1835,Tamara,Phillips,tamara.phillips1835@example.com,London,UAE,2026-02-04
1836,Gregory,Fleming,gregory.fleming1836@example.com,Riyadh,Qatar,2025-04-02
1837,Jacob,Thompson,jacob.thompson1837@example.com,Abu Dhabi,United States,2026-03-21
1838,Willie,Bennett,willie.bennett1838@example.com,Alexandria,Saudi Arabia,2025-12-15
1839,Roy,Hawkins,roy.hawkins1839@example.com,Alexandria,France,2023-04-26
1840,David,Silva,david.silva1840@example.com,Abu Dhabi,United Kingdom,2024-02-12
1841,Jonathan,Rivera,jonathan.rivera1841@example.com,Amman,Egypt,2025-09-03
1842,Jenna,Moore,jenna.moore1842@example.com,Jeddah,UAE,2020-03-17
1843,Eric,Morris,eric.morris1843@example.com,London,Qatar,2022-09-05
1844,Brent,Randolph,brent.randolph1844@example.com,Riyadh,Saudi Arabia,2026-01-16
1845,Christina,Stanley,christina.stanley1845@example.com,Jeddah,Jordan,2025-11-16
1846,Tracy,Armstrong,tracy.armstrong1846@example.com,Amman,United Kingdom,2021-09-23
1847,Michael,Bowers,michael.bowers1847@example.com,London,Kuwait,2023-08-14
1848,Louis,Robinson,louis.robinson1848@example.com,Jeddah,Qatar,2021-03-28
1849,Ivan,Jones,ivan.jones1849@example.com,Giza,United Kingdom,2020-09-30
1850,William,Perry,william.perry1850@example.com,Cairo,UAE,2022-01-01
1851,Amanda,Davis,amanda.davis1851@example.com,Cairo,Jordan,2021-03-14
1852,Jeffrey,Lewis,jeffrey.lewis1852@example.com,Amman,Jordan,2021-02-08
1853,Martin,Ward,martin.ward1853@example.com,Cairo,United States,2024-05-10
1854,Jeffery,Goodwin,jeffery.goodwin1854@example.com,Amman,United Kingdom,2026-08-14
1855,Alyssa,Barajas,alyssa.barajas1855@example.com,Abu Dhabi,Egypt,2024-02-09
1856,Madison,Zavala,madison.zavala1856@example.com,Dubai,United States,2020-10-17
1857,Alan,Caldwell,alan.caldwell1857@example.com,Cairo,Jordan,2025-07-05
1858,Sean,Conway,sean.conway1858@example.com,Giza,France,2020-09-05
1859,Christina,Oliver,christina.oliver1859@example.com,Riyadh,United Kingdom,2024-08-30
1860,Susan,Fleming,susan.fleming1860@example.com,Riyadh,Egypt,2022-12-24
1861,Manuel,Moon,manuel.moon1861@example.com,Berlin,Egypt,2020-10-15
1862,Sierra,Cruz,sierra.cruz1862@example.com,Abu Dhabi,Saudi Arabia,2022-06-03
1863,Amber,Campbell,amber.campbell1863@example.com,Berlin,Saudi Arabia,2021-02-18
1864,Rhonda,Short,rhonda.short1864@example.com,Dubai,United Kingdom,2024-04-27
1865,Nicholas,Lang,nicholas.lang1865@example.com,Dubai,Jordan,2025-11-25
1866,Sean,Williams,sean.williams1866@example.com,Dubai,United States,2022-01-02
1867,Rachel,Lee,rachel.lee1867@example.com,Berlin,United Kingdom,2024-08-27
1868,Willie,Vaughan,willie.vaughan1868@example.com,Giza,United States,2024-01-06
1869,Gary,Huber,gary.huber1869@example.com,Amman,Germany,2021-03-02
1870,Amanda,Smith,amanda.smith1870@example.com,Alexandria,UAE,2026-03-02
1871,Cameron,Santiago,cameron.santiago1871@example.com,Jeddah,United Kingdom,2023-10-14
1872,Kim,Hancock,kim.hancock1872@example.com,Alexandria,United Kingdom,2024-12-19
1873,Roger,Garcia,roger.garcia1873@example.com,Riyadh,Qatar,2026-03-03
1874,Amanda,Park,amanda.park1874@example.com,Riyadh,Qatar,2024-08-15
1875,Theresa,Rowe,theresa.rowe1875@example.com,Jeddah,Qatar,2022-09-12
1876,Deborah,Case,deborah.case1876@example.com,London,United Kingdom,2022-05-26
1877,Julie,Hernandez,julie.hernandez1877@example.com,Jeddah,United Kingdom,2022-11-06
1878,Stephen,Rivera,stephen.rivera1878@example.com,Riyadh,France,2025-01-06
1879,Christopher,Brown,christopher.brown1879@example.com,Jeddah,Egypt,2020-05-21
1880,Laura,Grant,laura.grant1880@example.com,Abu Dhabi,United States,2020-03-07
1881,Bailey,Perez,bailey.perez1881@example.com,Berlin,UAE,2023-05-21
1882,Jonathan,Hughes,jonathan.hughes1882@example.com,Cairo,Kuwait,2022-06-27
1883,Crystal,Hamilton,crystal.hamilton1883@example.com,Dubai,Qatar,2020-03-29
1884,Andre,Nunez,andre.nunez1884@example.com,Abu Dhabi,United Kingdom,2025-09-25
1885,Amanda,May,amanda.may1885@example.com,Berlin,United States,2026-05-30
1886,Christine,Avila,christine.avila1886@example.com,Alexandria,Saudi Arabia,2020-06-03
1887,Brenda,Haynes,brenda.haynes1887@example.com,Amman,Qatar,2021-10-01
1888,Charles,Reilly,charles.reilly1888@example.com,Alexandria,Kuwait,2024-02-12
1889,Daniel,Buchanan,daniel.buchanan1889@example.com,London,Jordan,2022-08-12
1890,Kevin,Miller,kevin.miller1890@example.com,Abu Dhabi,Kuwait,2021-01-11
1891,Kathy,Kim,kathy.kim1891@example.com,London,Germany,2026-05-19
1892,Randall,Guerrero,randall.guerrero1892@example.com,Dubai,Saudi Arabia,2023-08-22
1893,Thomas,Ferguson,thomas.ferguson1893@example.com,Amman,UAE,2025-06-22
1894,Derek,Myers,derek.myers1894@example.com,London,Saudi Arabia,2026-09-04
1895,Lauren,Gardner,lauren.gardner1895@example.com,Abu Dhabi,Egypt,2026-06-18
1896,Susan,Thomas,susan.thomas1896@example.com,Jeddah,Saudi Arabia,2020-08-17
1897,Erica,Sloan,erica.sloan1897@example.com,Riyadh,Qatar,2024-11-13
1898,Laura,Daniel,laura.daniel1898@example.com,Jeddah,Saudi Arabia,2022-07-17
1899,Nathan,Herring,nathan.herring1899@example.com,London,Egypt,2024-04-15
1900,Angela,Peters,angela.peters1900@example.com,Cairo,Kuwait,2025-11-17
1901,David,Smith,david.smith1901@example.com,Cairo,Qatar,2026-01-20
1902,Candice,Medina,candice.medina1902@example.com,London,UAE,2023-08-31
1903,Stacey,Torres,stacey.torres1903@example.com,Berlin,Jordan,2021-09-19
1904,Kaitlin,Berger,kaitlin.berger1904@example.com,Cairo,Germany,2024-12-30
1905,Maurice,Gutierrez,maurice.gutierrez1905@example.com,London,United States,2025-08-29
1906,Debbie,Hunt,debbie.hunt1906@example.com,Giza,Jordan,2024-11-04
1907,Eugene,Walker,eugene.walker1907@example.com,Abu Dhabi,Germany,2021-08-29
1908,Mary,Lee,mary.lee1908@example.com,Alexandria,Qatar,2020-12-04
1909,Howard,Marsh,howard.marsh1909@example.com,Amman,United States,2020-07-20
1910,Melissa,York,melissa.york1910@example.com,Berlin,Germany,2022-12-11
1911,Sarah,Gamble,sarah.gamble1911@example.com,Giza,Germany,2025-08-17
1912,Steven,Dunn,steven.dunn1912@example.com,Jeddah,UAE,2021-07-06
1913,Kelly,Jones,kelly.jones1913@example.com,Amman,United Kingdom,2022-03-22
1914,Corey,Swanson,corey.swanson1914@example.com,Amman,Germany,2026-05-29
1915,Tony,Rivera,tony.rivera1915@example.com,Dubai,United Kingdom,2025-11-17
1916,David,Rios,david.rios1916@example.com,Dubai,Jordan,2020-10-20
1917,Craig,Harvey,craig.harvey1917@example.com,Abu Dhabi,Germany,2023-08-17
1918,Rachel,Stewart,rachel.stewart1918@example.com,London,Saudi Arabia,2021-04-05
1919,Shannon,Jensen,shannon.jensen1919@example.com,Jeddah,Germany,2024-02-05
1920,Kevin,Silva,kevin.silva1920@example.com,Riyadh,Jordan,2023-08-06
1921,Ariana,Diaz,ariana.diaz1921@example.com,Riyadh,United States,2020-04-09
1922,Leslie,Patterson,leslie.patterson1922@example.com,Abu Dhabi,UAE,2023-12-03
1923,Adam,Sanchez,adam.sanchez1923@example.com,London,France,2021-08-20
1924,Jeffrey,Singh,jeffrey.singh1924@example.com,Amman,Egypt,2022-08-14
1925,Ryan,Larsen,ryan.larsen1925@example.com,Dubai,Qatar,2021-09-30
1926,Dennis,Quinn,dennis.quinn1926@example.com,Giza,Saudi Arabia,2020-08-11
1927,Natalie,Ford,natalie.ford1927@example.com,Dubai,United States,2021-08-27
1928,Michael,Torres,michael.torres1928@example.com,Abu Dhabi,Egypt,2023-11-07
1929,Andrea,Thompson,andrea.thompson1929@example.com,Giza,Kuwait,2025-01-17
1930,Catherine,Wilkinson,catherine.wilkinson1930@example.com,Amman,Egypt,2023-09-21
1931,Michele,Taylor,michele.taylor1931@example.com,Dubai,United Kingdom,2022-05-17
1932,Amanda,Baker,amanda.baker1932@example.com,Dubai,United Kingdom,2025-11-13
1933,Olivia,Jones,olivia.jones1933@example.com,Abu Dhabi,United Kingdom,2025-06-01
1934,Charles,Smith,charles.smith1934@example.com,London,UAE,2020-03-16
1935,William,Johnson,william.johnson1935@example.com,Jeddah,United States,2025-11-27
1936,Bonnie,Sullivan,bonnie.sullivan1936@example.com,Cairo,Kuwait,2021-11-28
1937,Brittany,Escobar,brittany.escobar1937@example.com,Cairo,Kuwait,2022-04-02
1938,Andrea,Stephens,andrea.stephens1938@example.com,London,Kuwait,2020-08-05
1939,Yolanda,Kennedy,yolanda.kennedy1939@example.com,Amman,Egypt,2020-09-29
1940,Kimberly,Diaz,kimberly.diaz1940@example.com,Jeddah,Kuwait,2024-01-15
1941,Jeffrey,Barton,jeffrey.barton1941@example.com,Giza,Egypt,2023-04-13
1942,Jessica,Carter,jessica.carter1942@example.com,Jeddah,Jordan,2024-04-08
1943,Steven,Dixon,steven.dixon1943@example.com,Berlin,Saudi Arabia,2023-07-16
1944,Randy,Shaw,randy.shaw1944@example.com,Amman,United States,2025-12-17
1945,Elaine,Charles,elaine.charles1945@example.com,Giza,UAE,2022-03-25
1946,Lindsay,Mendez,lindsay.mendez1946@example.com,Berlin,France,2026-04-15
1947,Gabriel,Palmer,gabriel.palmer1947@example.com,Cairo,Egypt,2022-10-10
1948,Sean,White,sean.white1948@example.com,Berlin,Kuwait,2023-09-28
1949,Stacy,Hopkins,stacy.hopkins1949@example.com,Amman,Germany,2021-10-05
1950,Tammy,Fitzgerald,tammy.fitzgerald1950@example.com,Cairo,Qatar,2023-12-12
1951,Timothy,Howard,timothy.howard1951@example.com,Riyadh,Kuwait,2022-08-25
1952,Jeffery,Freeman,jeffery.freeman1952@example.com,Berlin,Kuwait,2020-09-10
1953,Bryan,Wood,bryan.wood1953@example.com,Abu Dhabi,Germany,2020-04-30
1954,Brad,Clark,brad.clark1954@example.com,Berlin,Kuwait,2022-07-12
1955,Rebecca,Ward,rebecca.ward1955@example.com,Alexandria,Qatar,2024-05-28
1956,Terry,Gibson,terry.gibson1956@example.com,Alexandria,Saudi Arabia,2024-04-14
1957,Brandon,Hooper,brandon.hooper1957@example.com,Berlin,United States,2022-07-20
1958,Mario,Padilla,mario.padilla1958@example.com,Jeddah,Jordan,2026-06-04
1959,Adrienne,Gallegos,adrienne.gallegos1959@example.com,Alexandria,Germany,2023-07-03
1960,Mary,Baker,mary.baker1960@example.com,London,Qatar,2025-01-13
1961,Amy,Thompson,amy.thompson1961@example.com,Berlin,UAE,2022-04-26
1962,Desiree,Diaz,desiree.diaz1962@example.com,Alexandria,United States,2026-01-26
1963,Denise,Houston,denise.houston1963@example.com,Dubai,UAE,2023-06-19
1964,Zachary,Bennett,zachary.bennett1964@example.com,Berlin,UAE,2024-10-27
1965,Rebecca,Black,rebecca.black1965@example.com,Alexandria,United States,2021-10-09
1966,Michael,Parrish,michael.parrish1966@example.com,Riyadh,Saudi Arabia,2026-04-01
1967,Tommy,Olson,tommy.olson1967@example.com,Berlin,Saudi Arabia,2022-01-24
1968,Cassandra,Shaw,cassandra.shaw1968@example.com,Riyadh,UAE,2020-04-30
1969,Don,Martin,don.martin1969@example.com,Riyadh,Germany,2024-08-11
1970,Chris,Schneider,chris.schneider1970@example.com,Abu Dhabi,France,2023-01-26
1971,Jason,Lopez,jason.lopez1971@example.com,Alexandria,Jordan,2021-03-13
1972,Michael,Love,michael.love1972@example.com,Alexandria,UAE,2020-04-17
1973,David,Hall,david.hall1973@example.com,London,United States,2022-12-29
1974,Lisa,Cortez,lisa.cortez1974@example.com,London,United States,2022-08-03
1975,Timothy,Mendoza,timothy.mendoza1975@example.com,London,Jordan,2022-08-03
1976,Jason,Martin,jason.martin1976@example.com,Cairo,Qatar,2020-11-21
1977,Martha,Johnson,martha.johnson1977@example.com,Amman,UAE,2025-08-19
1978,Bradley,Berry,bradley.berry1978@example.com,London,France,2024-03-11
1979,Evan,Soto,evan.soto1979@example.com,Alexandria,Germany,2025-07-05
1980,Benjamin,Armstrong,benjamin.armstrong1980@example.com,Amman,UAE,2021-11-01
1981,Brian,Scott,brian.scott1981@example.com,Dubai,Jordan,2020-05-12
1982,Hector,Mullen,hector.mullen1982@example.com,Jeddah,Egypt,2023-01-10
1983,Carol,Elliott,carol.elliott1983@example.com,Jeddah,Jordan,2022-04-10
1984,Andrew,Ball,andrew.ball1984@example.com,Dubai,Saudi Arabia,2021-12-26
1985,Dorothy,Campbell,dorothy.campbell1985@example.com,Amman,United States,2025-06-29
1986,Christopher,Cole,christopher.cole1986@example.com,Riyadh,France,2022-10-07
1987,Victoria,Dillon,victoria.dillon1987@example.com,Jeddah,Germany,2020-06-20
1988,George,Greer,george.greer1988@example.com,London,Germany,2023-07-05
1989,Carolyn,Norton,carolyn.norton1989@example.com,Jeddah,United States,2026-05-31
1990,Lori,White,lori.white1990@example.com,London,United Kingdom,2025-11-21
1991,Donna,Baker,donna.baker1991@example.com,Cairo,United Kingdom,2021-03-23
1992,Jennifer,Cooper,jennifer.cooper1992@example.com,Amman,France,2020-06-22
1993,Shawn,Garza,shawn.garza1993@example.com,Dubai,United Kingdom,2026-01-12
1994,Jerry,Cruz,jerry.cruz1994@example.com,Jeddah,Egypt,2026-04-03
1995,Daniel,Harris,daniel.harris1995@example.com,Jeddah,United Kingdom,2020-07-20
1996,Michele,Gordon,michele.gordon1996@example.com,Dubai,Kuwait,2024-12-05
1997,Robert,Hernandez,robert.hernandez1997@example.com,Jeddah,Kuwait,2023-03-17
1998,Cole,Alvarez,cole.alvarez1998@example.com,Amman,UAE,2024-09-26
1999,Christina,Williams,christina.williams1999@example.com,Abu Dhabi,United States,2020-08-11
2000,Kristen,Gordon,kristen.gordon2000@example.com,Berlin,UAE,2025-03-13
2001,David,Olson,david.olson2001@example.com,Amman,Saudi Arabia,2025-08-12
2002,David,Munoz,david.munoz2002@example.com,Giza,UAE,2026-07-25
2003,Maria,Prince,maria.prince2003@example.com,Berlin,UAE,2024-05-29
2004,Kimberly,Banks,kimberly.banks2004@example.com,Jeddah,Qatar,2025-01-20
2005,Alexa,Wood,alexa.wood2005@example.com,Cairo,UAE,2025-02-01
2006,Bradley,Moreno,bradley.moreno2006@example.com,London,Jordan,2025-02-05
2007,Jerome,Lang,jerome.lang2007@example.com,Giza,Kuwait,2023-08-20
2008,Kristine,James,kristine.james2008@example.com,Alexandria,Saudi Arabia,2021-01-08
2009,Brianna,Figueroa,brianna.figueroa2009@example.com,Giza,France,2024-01-26
2010,Kathleen,Horton,kathleen.horton2010@example.com,Giza,United Kingdom,2024-04-22
2011,Connor,Anderson,connor.anderson2011@example.com,Berlin,United States,2021-10-16
2012,Thomas,Hall,thomas.hall2012@example.com,Jeddah,United Kingdom,2024-04-07
2013,Michele,Campbell,michele.campbell2013@example.com,Cairo,UAE,2023-10-04
2014,Nancy,Ortiz,nancy.ortiz2014@example.com,London,UAE,2021-10-26
2015,Jacob,Fletcher,jacob.fletcher2015@example.com,Alexandria,UAE,2020-07-29
2016,Kristine,Lane,kristine.lane2016@example.com,Jeddah,Kuwait,2023-06-21
2017,David,Smith,david.smith2017@example.com,Amman,Kuwait,2022-01-10
2018,Diamond,Watts,diamond.watts2018@example.com,Giza,UAE,2022-04-10
2019,Leslie,Cox,leslie.cox2019@example.com,Cairo,United States,2022-11-02
2020,Eric,Pearson,eric.pearson2020@example.com,Cairo,France,2025-07-31
2021,Jon,Wyatt,jon.wyatt2021@example.com,Amman,United Kingdom,2020-01-24
2022,Rodney,Diaz,rodney.diaz2022@example.com,London,France,2022-09-01
2023,Joshua,Becker,joshua.becker2023@example.com,Dubai,United States,2025-05-02
2024,Kari,Gutierrez,kari.gutierrez2024@example.com,Amman,Germany,2024-12-14
2025,Kristen,Olson,kristen.olson2025@example.com,Giza,United States,2020-01-27
2026,Mitchell,Peters,mitchell.peters2026@example.com,Dubai,United Kingdom,2023-02-13
2027,Jon,Parker,jon.parker2027@example.com,London,United Kingdom,2022-04-30
2028,Maxwell,Thornton,maxwell.thornton2028@example.com,Cairo,UAE,2021-08-30
2029,Jill,Wyatt,jill.wyatt2029@example.com,Cairo,Qatar,2020-05-30
2030,Donna,Adkins,donna.adkins2030@example.com,Alexandria,Egypt,2026-06-25
2031,Sean,Lyons,sean.lyons2031@example.com,London,Kuwait,2023-09-18
2032,Evan,Lewis,evan.lewis2032@example.com,Giza,Egypt,2021-03-22
2033,Richard,Morgan,richard.morgan2033@example.com,Jeddah,UAE,2021-10-22
2034,Andrea,Terry,andrea.terry2034@example.com,Abu Dhabi,United States,2026-09-02
2035,Jasmine,Martin,jasmine.martin2035@example.com,London,United Kingdom,2021-12-27
2036,Tamara,Smith,tamara.smith2036@example.com,Amman,United States,2024-01-15
2037,Christopher,Thomas,christopher.thomas2037@example.com,Cairo,Saudi Arabia,2023-05-10
2038,Sara,Graham,sara.graham2038@example.com,Riyadh,Qatar,2024-04-01
2039,Caleb,Walker,caleb.walker2039@example.com,Giza,Germany,2026-03-04
2040,Christopher,Johnson,christopher.johnson2040@example.com,Giza,Kuwait,2025-04-12
2041,Patrick,Joyce,patrick.joyce2041@example.com,Alexandria,Saudi Arabia,2023-01-29
2042,Christina,Meyer,christina.meyer2042@example.com,Riyadh,United Kingdom,2024-08-21
2043,Jennifer,Harper,jennifer.harper2043@example.com,Berlin,Jordan,2022-05-06
2044,Sonya,Wilkins,sonya.wilkins2044@example.com,London,Egypt,2021-03-23
2045,Danielle,Gonzales,danielle.gonzales2045@example.com,London,United Kingdom,2020-12-25
2046,James,Sandoval,james.sandoval2046@example.com,Amman,United States,2023-03-22
2047,Linda,Mitchell,linda.mitchell2047@example.com,Jeddah,United States,2023-07-20
2048,Arthur,Greene,arthur.greene2048@example.com,Abu Dhabi,United Kingdom,2026-06-13
2049,Zachary,Hall,zachary.hall2049@example.com,London,Qatar,2021-06-15
2050,Gavin,Johnson,gavin.johnson2050@example.com,London,United States,2025-07-26
2051,John,Smith,john.smith2051@example.com,Berlin,France,2025-07-10
2052,Eric,Shea,eric.shea2052@example.com,Alexandria,United States,2022-08-11
2053,Kimberly,Gomez,kimberly.gomez2053@example.com,Abu Dhabi,Jordan,2020-01-07
2054,Randall,Willis,randall.willis2054@example.com,Giza,Egypt,2025-03-19
2055,April,Mclaughlin,april.mclaughlin2055@example.com,Giza,Jordan,2024-08-25
2056,Casey,Davis,casey.davis2056@example.com,Jeddah,Egypt,2023-09-29
2057,Justin,Gallegos,justin.gallegos2057@example.com,Riyadh,United Kingdom,2022-05-19
2058,Robyn,Bailey,robyn.bailey2058@example.com,Cairo,Jordan,2023-02-27
2059,Sylvia,Hill,sylvia.hill2059@example.com,Abu Dhabi,Saudi Arabia,2023-06-14
2060,Catherine,Lee,catherine.lee2060@example.com,Abu Dhabi,United Kingdom,2026-03-02
2061,Sarah,Andrews,sarah.andrews2061@example.com,Riyadh,Egypt,2021-04-11
2062,Jose,Russell,jose.russell2062@example.com,Riyadh,Qatar,2024-06-10
2063,Daniel,Jones,daniel.jones2063@example.com,London,United States,2020-04-29
2064,Kelly,Arroyo,kelly.arroyo2064@example.com,Alexandria,Jordan,2023-09-15
2065,Leah,Frye,leah.frye2065@example.com,Riyadh,France,2025-04-27
2066,Nancy,Li,nancy.li2066@example.com,Cairo,UAE,2025-05-26
2067,Bailey,Benson,bailey.benson2067@example.com,Alexandria,France,2026-01-08
2068,Tammy,Hart,tammy.hart2068@example.com,Riyadh,France,2024-08-22
2069,Kayla,Todd,kayla.todd2069@example.com,Cairo,United Kingdom,2023-05-11
2070,Susan,Ellis,susan.ellis2070@example.com,London,Qatar,2026-03-24
2071,Steven,Matthews,steven.matthews2071@example.com,Berlin,Egypt,2022-05-03
2072,Anthony,Wilson,anthony.wilson2072@example.com,London,Qatar,2023-12-19
2073,Carlos,Schultz,carlos.schultz2073@example.com,Giza,UAE,2023-02-22
2074,Virginia,Rhodes,virginia.rhodes2074@example.com,Cairo,Qatar,2024-03-16
2075,Jerry,Stewart,jerry.stewart2075@example.com,Berlin,UAE,2026-05-27
2076,Stephanie,Black,stephanie.black2076@example.com,London,Germany,2022-02-06
2077,Alec,Collier,alec.collier2077@example.com,London,Saudi Arabia,2023-06-16
2078,John,Davis,john.davis2078@example.com,Riyadh,Egypt,2023-01-17
2079,Emily,Nicholson,emily.nicholson2079@example.com,Jeddah,Saudi Arabia,2025-07-28
2080,Charles,Velazquez,charles.velazquez2080@example.com,Dubai,Qatar,2025-01-25
2081,Thomas,Gomez,thomas.gomez2081@example.com,Abu Dhabi,Jordan,2025-11-20
2082,Patricia,Adams,patricia.adams2082@example.com,Abu Dhabi,UAE,2021-04-04
2083,Stacey,Vega,stacey.vega2083@example.com,Riyadh,Egypt,2022-04-07
2084,Renee,Porter,renee.porter2084@example.com,Giza,France,2025-09-03
2085,James,Moss,james.moss2085@example.com,Cairo,France,2025-08-10
2086,Monique,Clark,monique.clark2086@example.com,Alexandria,Jordan,2023-10-25
2087,James,Wright,james.wright2087@example.com,Amman,United Kingdom,2023-06-25
2088,Christine,Moore,christine.moore2088@example.com,Riyadh,UAE,2021-02-06
2089,Daniel,Mora,daniel.mora2089@example.com,Berlin,UAE,2022-04-20
2090,Emma,Alvarado,emma.alvarado2090@example.com,Cairo,France,2024-05-06
2091,Christina,Duran,christina.duran2091@example.com,Berlin,Saudi Arabia,2020-01-17
2092,Amber,Williams,amber.williams2092@example.com,Abu Dhabi,Egypt,2026-08-31
2093,Timothy,Oliver,timothy.oliver2093@example.com,Giza,Qatar,2025-03-27
2094,Travis,Galloway,travis.galloway2094@example.com,Cairo,Saudi Arabia,2025-11-02
2095,Penny,Melton,penny.melton2095@example.com,Abu Dhabi,Egypt,2026-06-23
2096,Travis,Joyce,travis.joyce2096@example.com,Abu Dhabi,Jordan,2023-08-07
2097,Sabrina,Ramirez,sabrina.ramirez2097@example.com,Dubai,Jordan,2023-03-19
2098,Jeffrey,Ray,jeffrey.ray2098@example.com,Abu Dhabi,United Kingdom,2023-07-31
2099,Brian,Lloyd,brian.lloyd2099@example.com,Amman,Saudi Arabia,2023-01-21
2100,Timothy,Fernandez,timothy.fernandez2100@example.com,Alexandria,UAE,2023-01-25
2101,Wayne,Long,wayne.long2101@example.com,Giza,Egypt,2026-04-11
2102,Gina,Thompson,gina.thompson2102@example.com,Berlin,Saudi Arabia,2022-04-26
2103,Tiffany,Wolfe,tiffany.wolfe2103@example.com,Berlin,Qatar,2026-02-28
2104,Steve,Norris,steve.norris2104@example.com,Riyadh,Kuwait,2021-08-02
2105,Alexander,Clark,alexander.clark2105@example.com,Abu Dhabi,United States,2022-09-29
2106,Bianca,Nguyen,bianca.nguyen2106@example.com,Alexandria,Saudi Arabia,2023-06-29
2107,Chloe,Green,chloe.green2107@example.com,London,Qatar,2026-01-23
2108,Amy,Young,amy.young2108@example.com,Amman,Egypt,2021-06-16
2109,Thomas,Austin,thomas.austin2109@example.com,Cairo,France,2020-07-25
2110,Michael,Jimenez,michael.jimenez2110@example.com,Giza,Germany,2020-08-08
2111,Jason,Haynes,jason.haynes2111@example.com,Giza,Germany,2024-05-24
2112,Nathan,Dickerson,nathan.dickerson2112@example.com,Alexandria,United States,2026-08-24
2113,Joshua,White,joshua.white2113@example.com,Amman,United States,2023-12-27
2114,David,Johnston,david.johnston2114@example.com,Abu Dhabi,Qatar,2022-03-22
2115,Jeremy,Garcia,jeremy.garcia2115@example.com,Berlin,Saudi Arabia,2025-03-22
2116,Joseph,Young,joseph.young2116@example.com,London,UAE,2021-01-15
2117,Ryan,James,ryan.james2117@example.com,Amman,Saudi Arabia,2025-02-09
2118,Dustin,Haley,dustin.haley2118@example.com,Abu Dhabi,France,2025-04-11
2119,Edward,Shaffer,edward.shaffer2119@example.com,Dubai,Jordan,2021-08-11
2120,Gregory,Porter,gregory.porter2120@example.com,London,Kuwait,2024-01-28
2121,Wendy,Atkinson,wendy.atkinson2121@example.com,Jeddah,UAE,2023-09-15
2122,Zachary,Le,zachary.le2122@example.com,Riyadh,France,2025-06-19
2123,Kristen,Evans,kristen.evans2123@example.com,Cairo,Saudi Arabia,2025-04-30
2124,Anna,Bradley,anna.bradley2124@example.com,Giza,Qatar,2025-05-14
2125,Raymond,Vaughn,raymond.vaughn2125@example.com,Amman,UAE,2023-03-02
2126,Brian,Cervantes,brian.cervantes2126@example.com,Riyadh,United States,2026-06-11
2127,Thomas,Soto,thomas.soto2127@example.com,Alexandria,United Kingdom,2021-02-25
2128,Shannon,Cook,shannon.cook2128@example.com,Jeddah,Saudi Arabia,2023-08-27
2129,Michael,Castro,michael.castro2129@example.com,Berlin,Saudi Arabia,2023-05-22
2130,Sarah,Scott,sarah.scott2130@example.com,Berlin,France,2024-06-29
2131,Andrew,Martinez,andrew.martinez2131@example.com,London,Germany,2022-09-04
2132,Michelle,Mccarty,michelle.mccarty2132@example.com,London,Jordan,2026-02-22
2133,James,Johnston,james.johnston2133@example.com,Alexandria,France,2024-04-21
2134,Debra,Thompson,debra.thompson2134@example.com,Giza,Qatar,2022-05-02
2135,Kimberly,Kelly,kimberly.kelly2135@example.com,London,Germany,2024-11-18
2136,Emily,Freeman,emily.freeman2136@example.com,London,Qatar,2026-02-08
2137,Jill,Preston,jill.preston2137@example.com,Dubai,UAE,2020-11-15
2138,Patrick,Mitchell,patrick.mitchell2138@example.com,London,France,2021-04-13
2139,Crystal,Thomas,crystal.thomas2139@example.com,London,United States,2025-03-11
2140,Gary,Morton,gary.morton2140@example.com,Riyadh,United Kingdom,2021-02-03
2141,Matthew,Welch,matthew.welch2141@example.com,Amman,UAE,2023-06-15
2142,Ashley,Sweeney,ashley.sweeney2142@example.com,Jeddah,Saudi Arabia,2021-03-21
2143,Charles,Martin,charles.martin2143@example.com,London,Germany,2023-09-03
2144,Jeremy,Stewart,jeremy.stewart2144@example.com,Amman,Egypt,2021-01-05
2145,Kelly,Adams,kelly.adams2145@example.com,Dubai,UAE,2026-07-06
2146,Deanna,Nelson,deanna.nelson2146@example.com,Cairo,UAE,2021-09-03
2147,Sean,Roy,sean.roy2147@example.com,Amman,United Kingdom,2023-04-08
2148,Michael,Matthews,michael.matthews2148@example.com,Jeddah,United States,2026-06-25
2149,Tammy,Gutierrez,tammy.gutierrez2149@example.com,Amman,Jordan,2022-04-22
2150,Ivan,Johnson,ivan.johnson2150@example.com,Riyadh,Kuwait,2026-05-24
2151,Jessica,Stanley,jessica.stanley2151@example.com,Abu Dhabi,Germany,2023-11-11
2152,Shelby,Haynes,shelby.haynes2152@example.com,Giza,United States,2020-02-03
2153,Christopher,Jackson,christopher.jackson2153@example.com,London,United Kingdom,2024-07-13
2154,Dakota,Brown,dakota.brown2154@example.com,Alexandria,Kuwait,2020-09-12
2155,Natasha,Kelley,natasha.kelley2155@example.com,Riyadh,United Kingdom,2020-08-05
2156,Anthony,Sanders,anthony.sanders2156@example.com,Cairo,United Kingdom,2024-01-11
2157,Kathy,Miller,kathy.miller2157@example.com,Giza,Kuwait,2020-05-07
2158,Jose,Moore,jose.moore2158@example.com,Dubai,Germany,2026-08-14
2159,Diana,Mcclure,diana.mcclure2159@example.com,Jeddah,Qatar,2024-04-16
2160,Kyle,Wright,kyle.wright2160@example.com,Jeddah,Germany,2024-11-17
2161,Justin,Sims,justin.sims2161@example.com,Berlin,Jordan,2021-12-11
2162,David,Roberson,david.roberson2162@example.com,Amman,UAE,2022-02-09
2163,Anthony,Alvarado,anthony.alvarado2163@example.com,Berlin,Germany,2024-01-15
2164,Michelle,Nguyen,michelle.nguyen2164@example.com,Jeddah,UAE,2023-03-27
2165,Thomas,Proctor,thomas.proctor2165@example.com,Alexandria,UAE,2020-02-17
2166,Amber,Nelson,amber.nelson2166@example.com,Giza,Egypt,2021-08-12
2167,Sean,Montes,sean.montes2167@example.com,Amman,Germany,2021-07-10
2168,Heidi,Thompson,heidi.thompson2168@example.com,Giza,UAE,2024-08-30
2169,Carla,Welch,carla.welch2169@example.com,Amman,United States,2024-10-09
2170,Cynthia,Elliott,cynthia.elliott2170@example.com,London,UAE,2025-02-04
2171,Alexandra,Fowler,alexandra.fowler2171@example.com,Berlin,Germany,2026-03-11
2172,Kyle,Reed,kyle.reed2172@example.com,Amman,Germany,2023-12-26
2173,Amber,Ballard,amber.ballard2173@example.com,Dubai,UAE,2024-10-05
2174,Scott,Diaz,scott.diaz2174@example.com,London,Egypt,2026-06-25
2175,Jordan,Torres,jordan.torres2175@example.com,Amman,Jordan,2025-08-17
2176,Aaron,Ochoa,aaron.ochoa2176@example.com,Abu Dhabi,Germany,2026-02-15
2177,Melanie,Cooper,melanie.cooper2177@example.com,London,Qatar,2020-05-17
2178,Taylor,Smith,taylor.smith2178@example.com,Cairo,United States,2025-06-02
2179,Sandra,Arroyo,sandra.arroyo2179@example.com,Riyadh,Saudi Arabia,2026-07-04
2180,Thomas,Smith,thomas.smith2180@example.com,Amman,Saudi Arabia,2021-08-04
2181,Russell,Carter,russell.carter2181@example.com,Berlin,Kuwait,2025-03-19
2182,Jerry,Smith,jerry.smith2182@example.com,Berlin,Saudi Arabia,2025-11-13
2183,Nathaniel,Jenkins,nathaniel.jenkins2183@example.com,London,Saudi Arabia,2022-10-01
2184,Ann,Foster,ann.foster2184@example.com,Amman,Saudi Arabia,2026-01-17
2185,Frank,Mclaughlin,frank.mclaughlin2185@example.com,London,Kuwait,2020-08-04
2186,Peter,Gray,peter.gray2186@example.com,Riyadh,United Kingdom,2020-02-14
2187,Jose,Henderson,jose.henderson2187@example.com,Amman,France,2025-09-30
2188,John,Duran,john.duran2188@example.com,Amman,United States,2023-09-19
2189,Renee,Aguirre,renee.aguirre2189@example.com,Jeddah,Qatar,2023-04-21
2190,Gail,Mitchell,gail.mitchell2190@example.com,Abu Dhabi,UAE,2020-05-24
2191,Julia,Lamb,julia.lamb2191@example.com,London,Kuwait,2026-04-27
2192,Robert,Castaneda,robert.castaneda2192@example.com,Abu Dhabi,Egypt,2025-04-22
2193,Ian,Roberts,ian.roberts2193@example.com,London,UAE,2026-06-04
2194,Dana,Williamson,dana.williamson2194@example.com,Cairo,Kuwait,2020-04-21
2195,Joseph,Dean,joseph.dean2195@example.com,Abu Dhabi,France,2020-12-03
2196,Jacob,Smith,jacob.smith2196@example.com,Alexandria,United Kingdom,2020-11-10
2197,Brandon,Nichols,brandon.nichols2197@example.com,Abu Dhabi,Kuwait,2021-06-26
2198,Jacob,Garcia,jacob.garcia2198@example.com,London,Kuwait,2023-02-01
2199,Joseph,Espinoza,joseph.espinoza2199@example.com,Abu Dhabi,Egypt,2021-04-01
2200,Jessica,Hall,jessica.hall2200@example.com,London,UAE,2026-08-20
2201,Edward,Snyder,edward.snyder2201@example.com,Alexandria,France,2024-02-23
2202,Matthew,Collins,matthew.collins2202@example.com,Alexandria,Kuwait,2022-08-25
2203,Lauren,Bolton,lauren.bolton2203@example.com,Amman,UAE,2025-11-30
2204,Steven,Moody,steven.moody2204@example.com,Cairo,Qatar,2020-12-11
2205,Mark,Bridges,mark.bridges2205@example.com,Alexandria,United States,2021-09-23
2206,Stephanie,Brown,stephanie.brown2206@example.com,Amman,Germany,2024-04-18
2207,Kimberly,Jones,kimberly.jones2207@example.com,Dubai,France,2021-11-16
2208,Theodore,Lee,theodore.lee2208@example.com,Dubai,United States,2023-11-14
2209,Mckenzie,Roth,mckenzie.roth2209@example.com,Cairo,Kuwait,2021-04-20
2210,Maria,Martinez,maria.martinez2210@example.com,Cairo,UAE,2025-03-15
2211,Kayla,Wright,kayla.wright2211@example.com,Jeddah,France,2023-05-19
2212,Kelsey,Ramos,kelsey.ramos2212@example.com,Amman,United Kingdom,2022-08-15
2213,Joan,Johnson,joan.johnson2213@example.com,Jeddah,Germany,2025-04-27
2214,Steven,Wise,steven.wise2214@example.com,Abu Dhabi,UAE,2025-12-12
2215,Adriana,Hendrix,adriana.hendrix2215@example.com,Jeddah,Egypt,2023-03-28
2216,Thomas,Maldonado,thomas.maldonado2216@example.com,Amman,Germany,2023-07-17
2217,Larry,Morris,larry.morris2217@example.com,Berlin,Egypt,2021-02-02
2218,Crystal,Williams,crystal.williams2218@example.com,Berlin,Qatar,2024-11-03
2219,Sharon,Meyer,sharon.meyer2219@example.com,London,Kuwait,2023-10-04
2220,Jon,Little,jon.little2220@example.com,Abu Dhabi,Kuwait,2021-02-06
2221,James,Clay,james.clay2221@example.com,Abu Dhabi,United States,2024-05-21
2222,Michelle,Robinson,michelle.robinson2222@example.com,Amman,Jordan,2026-08-08
2223,Daniel,Chen,daniel.chen2223@example.com,Dubai,United Kingdom,2023-10-14
2224,Mark,Jackson,mark.jackson2224@example.com,Alexandria,Qatar,2026-02-21
2225,Joshua,Wilson,joshua.wilson2225@example.com,Cairo,Egypt,2020-10-05
2226,Kristina,Smith,kristina.smith2226@example.com,Cairo,Germany,2021-02-04
2227,Bobby,Logan,bobby.logan2227@example.com,Berlin,Saudi Arabia,2024-12-31
2228,Thomas,Carlson,thomas.carlson2228@example.com,Riyadh,Jordan,2023-03-06
2229,Nathan,Davis,nathan.davis2229@example.com,Abu Dhabi,Jordan,2020-05-19
2230,Eric,Davis,eric.davis2230@example.com,Cairo,United States,2021-01-11
2231,Christine,Galvan,christine.galvan2231@example.com,Cairo,United States,2022-06-07
2232,Wendy,Garrett,wendy.garrett2232@example.com,London,Saudi Arabia,2021-05-06
2233,Brian,Newman,brian.newman2233@example.com,Giza,United States,2021-06-16
2234,Jacqueline,Moody,jacqueline.moody2234@example.com,Jeddah,United States,2022-01-26
2235,David,Hall,david.hall2235@example.com,Giza,UAE,2022-11-03
2236,Tina,Kramer,tina.kramer2236@example.com,Abu Dhabi,France,2020-11-06
2237,Katherine,Trujillo,katherine.trujillo2237@example.com,Amman,Kuwait,2024-10-14
2238,Samuel,Lee,samuel.lee2238@example.com,Riyadh,Kuwait,2021-10-25
2239,Hannah,Howard,hannah.howard2239@example.com,Giza,Kuwait,2020-09-12
2240,Dennis,Roach,dennis.roach2240@example.com,Jeddah,Germany,2023-09-24
2241,Todd,Kim,todd.kim2241@example.com,Cairo,Kuwait,2022-12-20
2242,Kenneth,Terry,kenneth.terry2242@example.com,Alexandria,France,2020-10-11
2243,James,Lopez,james.lopez2243@example.com,Amman,Jordan,2024-05-27
2244,Michael,Oconnor,michael.oconnor2244@example.com,Alexandria,France,2021-03-20
2245,Joshua,Guerra,joshua.guerra2245@example.com,Alexandria,United Kingdom,2024-11-01
2246,Robin,Spencer,robin.spencer2246@example.com,Dubai,United States,2021-03-11
2247,Casey,Moore,casey.moore2247@example.com,Amman,Kuwait,2021-02-27
2248,Kenneth,Baker,kenneth.baker2248@example.com,Cairo,Saudi Arabia,2020-10-15
2249,Michael,Smith,michael.smith2249@example.com,London,Kuwait,2024-12-31
2250,Dana,Gray,dana.gray2250@example.com,Cairo,France,2021-09-01
2251,Jacob,Smith,jacob.smith2251@example.com,Cairo,Egypt,2024-05-18
2252,Melissa,Parsons,melissa.parsons2252@example.com,Abu Dhabi,UAE,2023-09-12
2253,John,Le,john.le2253@example.com,Jeddah,United States,2020-01-16
2254,Dominique,Ryan,dominique.ryan2254@example.com,Berlin,France,2025-05-12
2255,Paul,Warren,paul.warren2255@example.com,Jeddah,Germany,2020-10-14
2256,Tyler,Arnold,tyler.arnold2256@example.com,Berlin,Jordan,2020-01-14
2257,Chloe,Morris,chloe.morris2257@example.com,Jeddah,France,2021-05-11
2258,Danielle,Rodriguez,danielle.rodriguez2258@example.com,London,United Kingdom,2024-01-10
2259,Alexandra,Jones,alexandra.jones2259@example.com,Riyadh,Kuwait,2024-06-28
2260,Mary,Anderson,mary.anderson2260@example.com,Cairo,Saudi Arabia,2024-02-05
2261,Morgan,Harris,morgan.harris2261@example.com,Berlin,Qatar,2020-11-25
2262,Todd,Garcia,todd.garcia2262@example.com,Amman,Kuwait,2022-04-11
2263,Ashley,Huff,ashley.huff2263@example.com,Alexandria,United Kingdom,2020-06-10
2264,Diane,Fox,diane.fox2264@example.com,Jeddah,Jordan,2023-05-09
2265,Jacqueline,Scott,jacqueline.scott2265@example.com,Jeddah,Saudi Arabia,2024-01-11
2266,Michael,Obrien,michael.obrien2266@example.com,Amman,Saudi Arabia,2024-11-28
2267,Chad,Conrad,chad.conrad2267@example.com,Dubai,UAE,2020-05-26
2268,Jason,Henry,jason.henry2268@example.com,Dubai,Egypt,2026-08-25
2269,Pamela,Miller,pamela.miller2269@example.com,Dubai,France,2024-05-11
2270,Laurie,Brown,laurie.brown2270@example.com,Giza,United Kingdom,2023-06-14
2271,Angela,Hurley,angela.hurley2271@example.com,Amman,United Kingdom,2025-01-14
2272,Robert,Wood,robert.wood2272@example.com,Cairo,Egypt,2023-10-21
2273,Jeanette,Colon,jeanette.colon2273@example.com,Cairo,Qatar,2020-06-24
2274,Joseph,Williams,joseph.williams2274@example.com,Jeddah,Saudi Arabia,2022-05-17
2275,Chad,Torres,chad.torres2275@example.com,Berlin,France,2026-01-06
2276,Shirley,Yu,shirley.yu2276@example.com,Alexandria,United States,2022-08-12
2277,Colton,Hardy,colton.hardy2277@example.com,Giza,Egypt,2021-08-02
2278,Amanda,Lopez,amanda.lopez2278@example.com,Amman,Egypt,2025-04-14
2279,Alicia,Wright,alicia.wright2279@example.com,London,Egypt,2022-09-21
2280,Colleen,White,colleen.white2280@example.com,Alexandria,Egypt,2021-12-06
2281,Kara,Perry,kara.perry2281@example.com,Cairo,Kuwait,2021-02-02
2282,Daniel,Fowler,daniel.fowler2282@example.com,Amman,United States,2021-11-30
2283,Michael,Ellis,michael.ellis2283@example.com,London,Saudi Arabia,2021-03-11
2284,Elizabeth,Andrade,elizabeth.andrade2284@example.com,Giza,France,2026-09-03
2285,Garrett,White,garrett.white2285@example.com,London,Jordan,2020-09-15
2286,Richard,Morgan,richard.morgan2286@example.com,Dubai,Germany,2023-10-13
2287,Eric,Murillo,eric.murillo2287@example.com,Jeddah,Qatar,2021-05-09
2288,Scott,Gomez,scott.gomez2288@example.com,London,United Kingdom,2021-07-16
2289,Leslie,Frey,leslie.frey2289@example.com,Riyadh,Jordan,2020-07-05
2290,Mark,Watson,mark.watson2290@example.com,London,UAE,2023-10-06
2291,Kathryn,Jordan,kathryn.jordan2291@example.com,Giza,Saudi Arabia,2023-01-26
2292,Jessica,Franklin,jessica.franklin2292@example.com,Alexandria,Germany,2021-11-19
2293,Anna,Lewis,anna.lewis2293@example.com,Riyadh,United Kingdom,2021-11-06
2294,Katie,Howe,katie.howe2294@example.com,Amman,Jordan,2026-07-11
2295,Jonathan,Nixon,jonathan.nixon2295@example.com,Cairo,UAE,2021-02-13
2296,Seth,Sanders,seth.sanders2296@example.com,London,Germany,2021-10-08
2297,Jessica,Bird,jessica.bird2297@example.com,Cairo,France,2020-11-26
2298,Caitlin,Holmes,caitlin.holmes2298@example.com,Cairo,Egypt,2022-01-04
2299,Victoria,Turner,victoria.turner2299@example.com,Giza,United States,2023-03-08
2300,Kevin,Walker,kevin.walker2300@example.com,Jeddah,France,2021-06-03
2301,Melissa,Smith,melissa.smith2301@example.com,Dubai,UAE,2023-01-14
2302,Lynn,Norris,lynn.norris2302@example.com,Berlin,France,2024-08-14
2303,Joshua,Spencer,joshua.spencer2303@example.com,Dubai,UAE,2020-06-03
2304,Angela,Howe,angela.howe2304@example.com,London,UAE,2025-08-09
2305,Eric,Johnson,eric.johnson2305@example.com,London,Saudi Arabia,2023-05-18
2306,Michael,Taylor,michael.taylor2306@example.com,Riyadh,Germany,2020-01-19
2307,Michael,Perkins,michael.perkins2307@example.com,Berlin,Jordan,2022-02-25
2308,Jesse,Shepherd,jesse.shepherd2308@example.com,Giza,United Kingdom,2021-01-26
2309,Christopher,Ross,christopher.ross2309@example.com,London,Qatar,2026-01-19
2310,Samantha,Navarro,samantha.navarro2310@example.com,Berlin,Jordan,2025-03-16
2311,Jennifer,Mcguire,jennifer.mcguire2311@example.com,Dubai,Kuwait,2020-08-05
2312,Gerald,Petersen,gerald.petersen2312@example.com,Dubai,Saudi Arabia,2021-09-03
2313,Hannah,Johnston,hannah.johnston2313@example.com,Amman,France,2021-12-23
2314,Rebecca,Larson,rebecca.larson2314@example.com,Alexandria,Egypt,2020-08-09
2315,Kevin,Cross,kevin.cross2315@example.com,Riyadh,Kuwait,2022-05-08
2316,Barbara,Miller,barbara.miller2316@example.com,Jeddah,Kuwait,2023-10-01
2317,Brian,Wise,brian.wise2317@example.com,London,France,2020-06-26
2318,Michael,Montoya,michael.montoya2318@example.com,Giza,Egypt,2026-01-10
2319,Robert,Parrish,robert.parrish2319@example.com,Alexandria,UAE,2020-04-29
2320,Molly,Perez,molly.perez2320@example.com,Amman,United Kingdom,2021-04-20
2321,Denise,Guzman,denise.guzman2321@example.com,Giza,Jordan,2024-12-26
2322,Alexander,Waters,alexander.waters2322@example.com,London,United States,2023-08-28
2323,Patrick,Torres,patrick.torres2323@example.com,Jeddah,Jordan,2023-08-27
2324,Blake,Fernandez,blake.fernandez2324@example.com,Dubai,Saudi Arabia,2023-08-28
2325,Edward,Shaw,edward.shaw2325@example.com,Dubai,Saudi Arabia,2022-08-29
2326,Jeffrey,Williams,jeffrey.williams2326@example.com,Jeddah,Jordan,2024-03-18
2327,Jessica,Long,jessica.long2327@example.com,Dubai,Saudi Arabia,2025-04-13
2328,Sean,Larson,sean.larson2328@example.com,London,France,2020-08-10
2329,William,Walker,william.walker2329@example.com,Jeddah,UAE,2022-06-04
2330,Keith,Foster,keith.foster2330@example.com,London,France,2021-12-30
2331,David,Miller,david.miller2331@example.com,Jeddah,Qatar,2021-07-12
2332,Ashley,Williams,ashley.williams2332@example.com,Amman,Jordan,2024-01-08
2333,Raymond,Miller,raymond.miller2333@example.com,Abu Dhabi,Jordan,2023-10-07
2334,Warren,Ayala,warren.ayala2334@example.com,Alexandria,Egypt,2026-05-18
2335,David,Taylor,david.taylor2335@example.com,Cairo,Kuwait,2021-07-13
2336,Anita,Freeman,anita.freeman2336@example.com,Giza,France,2025-02-21
2337,Denise,Gonzalez,denise.gonzalez2337@example.com,Jeddah,UAE,2023-11-08
2338,Christina,Fitzgerald,christina.fitzgerald2338@example.com,Dubai,Kuwait,2021-10-04
2339,John,Jones,john.jones2339@example.com,London,UAE,2026-06-25
2340,Kimberly,Morris,kimberly.morris2340@example.com,Berlin,Jordan,2020-12-20
2341,Sandra,Davis,sandra.davis2341@example.com,Jeddah,United Kingdom,2025-06-26
2342,Emily,Henderson,emily.henderson2342@example.com,Dubai,United States,2025-04-23
2343,Michael,Flores,michael.flores2343@example.com,Amman,Kuwait,2020-02-29
2344,Brittney,Johnson,brittney.johnson2344@example.com,Jeddah,Jordan,2022-10-12
2345,Kevin,Huerta,kevin.huerta2345@example.com,Riyadh,Germany,2026-07-01
2346,Christina,Branch,christina.branch2346@example.com,Dubai,United States,2021-09-02
2347,Scott,Thomas,scott.thomas2347@example.com,London,Egypt,2024-09-07
2348,Brady,Meyers,brady.meyers2348@example.com,Cairo,Egypt,2025-04-11
2349,James,Brooks,james.brooks2349@example.com,Berlin,Egypt,2024-10-09
2350,Katherine,Farrell,katherine.farrell2350@example.com,Berlin,Germany,2025-05-17
2351,Daniel,Brown,daniel.brown2351@example.com,Giza,France,2025-07-21
2352,Stacy,Mcintosh,stacy.mcintosh2352@example.com,Dubai,Saudi Arabia,2026-04-06
2353,Misty,Wilkins,misty.wilkins2353@example.com,Cairo,Germany,2022-06-11
2354,Alexander,Benson,alexander.benson2354@example.com,Alexandria,Qatar,2023-04-26
2355,Daniel,Cole,daniel.cole2355@example.com,Dubai,Saudi Arabia,2020-03-06
2356,Andrew,Clark,andrew.clark2356@example.com,Amman,Kuwait,2021-10-24
2357,Amanda,Harris,amanda.harris2357@example.com,Amman,United States,2026-07-18
2358,Alexandra,Green,alexandra.green2358@example.com,Cairo,France,2025-03-14
2359,Timothy,Blair,timothy.blair2359@example.com,Alexandria,Germany,2022-01-27
2360,Donald,Hale,donald.hale2360@example.com,Riyadh,France,2020-01-06
2361,Andrew,Aguilar,andrew.aguilar2361@example.com,Giza,Germany,2023-09-25
2362,Elizabeth,Williams,elizabeth.williams2362@example.com,Berlin,Egypt,2023-04-29
2363,George,Campbell,george.campbell2363@example.com,Jeddah,Kuwait,2026-01-30
2364,Kristina,Williamson,kristina.williamson2364@example.com,London,Jordan,2020-11-27
2365,Brian,Pena,brian.pena2365@example.com,London,Qatar,2020-08-12
2366,Alan,Price,alan.price2366@example.com,Berlin,Qatar,2020-07-30
2367,Joseph,Christian,joseph.christian2367@example.com,Giza,Germany,2024-02-06
2368,Donna,Lin,donna.lin2368@example.com,Amman,United States,2020-06-16
2369,Andrew,Dillon,andrew.dillon2369@example.com,Riyadh,Qatar,2021-12-18
2370,Debra,Hall,debra.hall2370@example.com,Berlin,Saudi Arabia,2026-04-15
2371,Oscar,Bray,oscar.bray2371@example.com,Dubai,UAE,2023-10-03
2372,Cory,Stewart,cory.stewart2372@example.com,Dubai,United Kingdom,2021-04-10
2373,Michelle,Schmidt,michelle.schmidt2373@example.com,Amman,United States,2022-05-09
2374,Jacob,Mason,jacob.mason2374@example.com,Dubai,Qatar,2023-12-15
2375,Stephen,House,stephen.house2375@example.com,Abu Dhabi,United Kingdom,2024-09-28
2376,Andrew,Wright,andrew.wright2376@example.com,Abu Dhabi,Egypt,2020-09-16
2377,Alyssa,Cook,alyssa.cook2377@example.com,Riyadh,Qatar,2025-01-27
2378,Phillip,Moore,phillip.moore2378@example.com,Amman,United Kingdom,2025-11-27
2379,Michael,Bell,michael.bell2379@example.com,Giza,France,2025-12-18
2380,Colleen,Young,colleen.young2380@example.com,Berlin,Kuwait,2025-01-25
2381,Tiffany,Mason,tiffany.mason2381@example.com,London,Qatar,2020-09-25
2382,Lisa,Garrett,lisa.garrett2382@example.com,Dubai,France,2020-12-23
2383,Natasha,Zamora,natasha.zamora2383@example.com,Giza,Germany,2022-01-02
2384,Lisa,Johnson,lisa.johnson2384@example.com,Abu Dhabi,Saudi Arabia,2021-03-23
2385,Angela,Ramirez,angela.ramirez2385@example.com,Alexandria,Kuwait,2021-04-03
2386,Edward,Prince,edward.prince2386@example.com,Alexandria,France,2021-09-08
2387,Diane,Miller,diane.miller2387@example.com,Dubai,United Kingdom,2020-04-02
2388,Patrick,Yu,patrick.yu2388@example.com,Abu Dhabi,Germany,2026-01-26
2389,Cheyenne,Garrett,cheyenne.garrett2389@example.com,Alexandria,France,2023-11-21
2390,Jeremy,Allen,jeremy.allen2390@example.com,Jeddah,France,2020-03-28
2391,Eric,Waller,eric.waller2391@example.com,Abu Dhabi,Jordan,2020-09-14
2392,Renee,Murphy,renee.murphy2392@example.com,Cairo,Jordan,2025-10-29
2393,Amy,Clark,amy.clark2393@example.com,Riyadh,Germany,2026-06-28
2394,Dillon,Weaver,dillon.weaver2394@example.com,Riyadh,Qatar,2025-06-14
2395,Lauren,Huffman,lauren.huffman2395@example.com,London,United Kingdom,2026-02-24
2396,Kyle,Thornton,kyle.thornton2396@example.com,Amman,France,2023-05-30
2397,Alexandria,Taylor,alexandria.taylor2397@example.com,London,UAE,2023-06-09
2398,Wendy,Daugherty,wendy.daugherty2398@example.com,Alexandria,Kuwait,2022-07-17
2399,Dustin,Fitzpatrick,dustin.fitzpatrick2399@example.com,Amman,Qatar,2023-03-26
2400,Sally,Stewart,sally.stewart2400@example.com,Cairo,UAE,2023-12-17
2401,Angela,Fry,angela.fry2401@example.com,Abu Dhabi,France,2021-11-12
2402,David,Stewart,david.stewart2402@example.com,London,UAE,2026-01-01
2403,Nichole,Acosta,nichole.acosta2403@example.com,Abu Dhabi,UAE,2021-12-19
2404,Kathy,Beard,kathy.beard2404@example.com,Alexandria,UAE,2022-09-01
2405,Robert,Jenkins,robert.jenkins2405@example.com,Giza,Egypt,2023-07-20
2406,Scott,Peck,scott.peck2406@example.com,London,UAE,2024-12-10
2407,Patricia,Mahoney,patricia.mahoney2407@example.com,Abu Dhabi,Qatar,2022-01-25
2408,Joshua,Maxwell,joshua.maxwell2408@example.com,Dubai,United Kingdom,2020-05-22
2409,Daniel,Lopez,daniel.lopez2409@example.com,Riyadh,Qatar,2021-08-28
2410,Kathryn,Salazar,kathryn.salazar2410@example.com,Riyadh,France,2026-01-20
2411,Joseph,Bradley,joseph.bradley2411@example.com,Alexandria,United Kingdom,2023-05-20
2412,Jerry,Hall,jerry.hall2412@example.com,Giza,Egypt,2024-07-15
2413,Grace,Howard,grace.howard2413@example.com,Amman,UAE,2025-02-19
2414,Hailey,Woods,hailey.woods2414@example.com,Riyadh,UAE,2020-01-18
2415,Wayne,Jacobs,wayne.jacobs2415@example.com,Berlin,United Kingdom,2023-09-18
2416,Jennifer,Brooks,jennifer.brooks2416@example.com,Abu Dhabi,France,2023-04-02
2417,Melissa,Henry,melissa.henry2417@example.com,London,UAE,2026-05-04
2418,Devin,Lee,devin.lee2418@example.com,Amman,Qatar,2021-04-05
2419,Antonio,Duran,antonio.duran2419@example.com,Amman,Egypt,2021-07-25
2420,Alexis,Nelson,alexis.nelson2420@example.com,Berlin,Saudi Arabia,2023-06-15
2421,Robert,Newton,robert.newton2421@example.com,Cairo,Germany,2022-06-21
2422,Vanessa,Todd,vanessa.todd2422@example.com,Amman,Qatar,2021-01-13
2423,Carl,Ho,carl.ho2423@example.com,Riyadh,Egypt,2022-03-10
2424,Valerie,Camacho,valerie.camacho2424@example.com,London,United Kingdom,2022-06-28
2425,Tracy,Nguyen,tracy.nguyen2425@example.com,Abu Dhabi,Jordan,2020-04-02
2426,Stephen,Wright,stephen.wright2426@example.com,Giza,United Kingdom,2024-12-29
2427,Richard,Williams,richard.williams2427@example.com,Giza,United Kingdom,2024-06-03
2428,Jill,James,jill.james2428@example.com,Dubai,France,2023-07-25
2429,Lawrence,Carr,lawrence.carr2429@example.com,London,United States,2025-09-26
2430,Julia,Wheeler,julia.wheeler2430@example.com,Cairo,Qatar,2024-06-16
2431,Alicia,Liu,alicia.liu2431@example.com,Alexandria,Germany,2024-02-23
2432,Kristin,Meyer,kristin.meyer2432@example.com,Jeddah,Qatar,2020-02-19
2433,Shannon,Wilcox,shannon.wilcox2433@example.com,Abu Dhabi,Qatar,2023-12-10
2434,Bobby,Forbes,bobby.forbes2434@example.com,Abu Dhabi,France,2026-04-16
2435,April,Foster,april.foster2435@example.com,Giza,Jordan,2024-12-24
2436,Jill,Grant,jill.grant2436@example.com,Jeddah,France,2023-03-28
2437,Zachary,Mccoy,zachary.mccoy2437@example.com,Alexandria,Germany,2024-08-23
2438,Brandon,Carter,brandon.carter2438@example.com,Alexandria,United States,2026-09-15
2439,Raymond,Torres,raymond.torres2439@example.com,Giza,UAE,2022-05-01
2440,Maria,Murray,maria.murray2440@example.com,Abu Dhabi,France,2025-11-21
2441,Roberto,Austin,roberto.austin2441@example.com,Riyadh,Saudi Arabia,2026-08-16
2442,Brian,Black,brian.black2442@example.com,Jeddah,Saudi Arabia,2020-01-28
2443,Douglas,Gallegos,douglas.gallegos2443@example.com,Jeddah,Kuwait,2024-08-24
2444,Shannon,Sharp,shannon.sharp2444@example.com,Alexandria,United Kingdom,2025-03-07
2445,Daniel,Osborne,daniel.osborne2445@example.com,London,UAE,2022-03-27
2446,Sharon,Horton,sharon.horton2446@example.com,Alexandria,Germany,2023-03-31
2447,Derek,Gutierrez,derek.gutierrez2447@example.com,Berlin,France,2020-06-21
2448,Shannon,White,shannon.white2448@example.com,Abu Dhabi,United States,2023-05-29
2449,Brittany,Marquez,brittany.marquez2449@example.com,Amman,United Kingdom,2025-03-13
2450,James,Gibson,james.gibson2450@example.com,Dubai,Egypt,2020-01-11
2451,John,Holt,john.holt2451@example.com,Alexandria,Kuwait,2023-05-14
2452,Rebecca,Hogan,rebecca.hogan2452@example.com,Amman,Saudi Arabia,2023-03-24
2453,Jennifer,Martinez,jennifer.martinez2453@example.com,Jeddah,UAE,2025-07-07
2454,Danny,Cole,danny.cole2454@example.com,Dubai,Egypt,2021-05-03
2455,Michael,Mills,michael.mills2455@example.com,Abu Dhabi,France,2020-09-30
2456,Patrick,Moody,patrick.moody2456@example.com,London,Qatar,2026-07-08
2457,William,Herring,william.herring2457@example.com,Amman,United States,2024-11-21
2458,Nicholas,James,nicholas.james2458@example.com,Abu Dhabi,France,2021-05-04
2459,Kayla,Barr,kayla.barr2459@example.com,Riyadh,United Kingdom,2026-06-14
2460,Ariana,Keller,ariana.keller2460@example.com,Cairo,Kuwait,2021-10-29
2461,Edward,Melton,edward.melton2461@example.com,London,Egypt,2021-08-21
2462,Harold,Joseph,harold.joseph2462@example.com,Riyadh,France,2021-07-08
2463,Robert,Collins,robert.collins2463@example.com,Riyadh,UAE,2020-08-04
2464,Kayla,Griffin,kayla.griffin2464@example.com,Abu Dhabi,Qatar,2024-09-14
2465,Courtney,Wilson,courtney.wilson2465@example.com,Riyadh,Egypt,2023-04-02
2466,David,Harris,david.harris2466@example.com,Abu Dhabi,United Kingdom,2020-11-10
2467,Cindy,King,cindy.king2467@example.com,Berlin,Jordan,2022-01-20
2468,Stephen,Foley,stephen.foley2468@example.com,Giza,United States,2021-11-15
2469,Amy,Smith,amy.smith2469@example.com,Berlin,Qatar,2023-07-19
2470,Nicole,Young,nicole.young2470@example.com,Abu Dhabi,Kuwait,2024-01-24
2471,Brianna,Alvarez,brianna.alvarez2471@example.com,Giza,United Kingdom,2026-07-03
2472,Robert,Miller,robert.miller2472@example.com,Riyadh,UAE,2020-02-22
2473,Carol,Sanchez,carol.sanchez2473@example.com,Alexandria,United Kingdom,2023-02-26
2474,Amy,Harvey,amy.harvey2474@example.com,Riyadh,France,2024-08-14
2475,Angela,Bryan,angela.bryan2475@example.com,Riyadh,UAE,2021-02-23
2476,Brandon,Hernandez,brandon.hernandez2476@example.com,Dubai,UAE,2025-08-23
2477,Denise,Johnson,denise.johnson2477@example.com,Dubai,Jordan,2026-04-07
2478,Melissa,Estrada,melissa.estrada2478@example.com,London,United Kingdom,2025-12-19
2479,Mary,Evans,mary.evans2479@example.com,Berlin,Saudi Arabia,2024-09-05
2480,Samantha,Williams,samantha.williams2480@example.com,Amman,Saudi Arabia,2021-04-22
2481,Robert,Thompson,robert.thompson2481@example.com,Alexandria,Egypt,2025-05-18
2482,Emily,Carr,emily.carr2482@example.com,Riyadh,Kuwait,2024-01-25
2483,Heather,Larson,heather.larson2483@example.com,Alexandria,France,2026-09-13
2484,Kristin,Thompson,kristin.thompson2484@example.com,Berlin,Qatar,2021-12-06
2485,Stanley,Riley,stanley.riley2485@example.com,Abu Dhabi,Egypt,2021-04-30
2486,Sarah,Davis,sarah.davis2486@example.com,Dubai,UAE,2021-08-06
2487,Kevin,Richardson,kevin.richardson2487@example.com,Dubai,Kuwait,2021-05-28
2488,Nicholas,Jones,nicholas.jones2488@example.com,Dubai,UAE,2020-11-17
2489,Ronald,Pierce,ronald.pierce2489@example.com,Jeddah,Saudi Arabia,2020-11-14
2490,Kelly,Taylor,kelly.taylor2490@example.com,Cairo,France,2024-11-01
2491,Heather,Hill,heather.hill2491@example.com,Cairo,Jordan,2021-03-17
2492,Alison,Warren,alison.warren2492@example.com,Cairo,United Kingdom,2026-08-26
2493,Heather,Salazar,heather.salazar2493@example.com,Cairo,France,2021-05-02
2494,Daniel,Blair,daniel.blair2494@example.com,Abu Dhabi,Egypt,2020-09-28
2495,Cristina,Benitez,cristina.benitez2495@example.com,Abu Dhabi,Egypt,2021-01-30
2496,Timothy,Barker,timothy.barker2496@example.com,Giza,United States,2022-04-21
2497,Sarah,Andersen,sarah.andersen2497@example.com,London,Jordan,2022-01-26
2498,Justin,Lynch,justin.lynch2498@example.com,Riyadh,Egypt,2021-01-06
2499,Leslie,Fox,leslie.fox2499@example.com,Alexandria,Kuwait,2026-07-02
2500,Wanda,Gomez,wanda.gomez2500@example.com,Riyadh,Qatar,2021-10-19
2501,David,Hart,david.hart2501@example.com,Berlin,United States,2022-09-17
2502,April,Welch,april.welch2502@example.com,Berlin,United States,2020-10-06
2503,Travis,White,travis.white2503@example.com,Giza,United States,2020-02-27
2504,Chelsea,Erickson,chelsea.erickson2504@example.com,Berlin,Jordan,2022-02-23
2505,Tiffany,Smith,tiffany.smith2505@example.com,Abu Dhabi,UAE,2026-01-09
2506,Andrew,Garrett,andrew.garrett2506@example.com,Cairo,Saudi Arabia,2022-05-26
2507,David,Charles,david.charles2507@example.com,Berlin,France,2024-02-10
2508,Lauren,Duarte,lauren.duarte2508@example.com,London,UAE,2024-12-05
2509,Robert,Cook,robert.cook2509@example.com,Giza,UAE,2023-12-24
2510,Ann,Walsh,ann.walsh2510@example.com,Jeddah,Germany,2022-05-27
2511,Alex,Harris,alex.harris2511@example.com,Berlin,Jordan,2024-07-27
2512,Juan,Tyler,juan.tyler2512@example.com,Giza,Qatar,2021-05-21
2513,Kyle,Hunter,kyle.hunter2513@example.com,Amman,Saudi Arabia,2025-10-29
2514,Mario,Smith,mario.smith2514@example.com,Alexandria,France,2024-01-19
2515,Gina,Peterson,gina.peterson2515@example.com,Abu Dhabi,United Kingdom,2020-06-15
2516,Jennifer,Gilbert,jennifer.gilbert2516@example.com,Giza,Qatar,2025-07-15
2517,Anthony,Thompson,anthony.thompson2517@example.com,Giza,Germany,2023-03-07
2518,Mark,Morgan,mark.morgan2518@example.com,Amman,United States,2023-07-01
2519,Emily,Hendricks,emily.hendricks2519@example.com,Amman,Jordan,2026-03-18
2520,Laura,Brewer,laura.brewer2520@example.com,Jeddah,Kuwait,2024-10-18
2521,Timothy,Burton,timothy.burton2521@example.com,Dubai,Saudi Arabia,2025-05-02
2522,Patricia,Herrera,patricia.herrera2522@example.com,Riyadh,UAE,2020-02-22
2523,Matthew,Bowers,matthew.bowers2523@example.com,Amman,Saudi Arabia,2024-06-11
2524,Robert,Newton,robert.newton2524@example.com,Amman,United Kingdom,2020-12-14
2525,Mary,Evans,mary.evans2525@example.com,Giza,UAE,2024-06-05
2526,Jessica,Stewart,jessica.stewart2526@example.com,Jeddah,United States,2021-02-20
2527,Amanda,Clark,amanda.clark2527@example.com,Alexandria,Saudi Arabia,2024-01-29
2528,Gina,Marsh,gina.marsh2528@example.com,Dubai,Qatar,2022-03-31
2529,Pamela,Gomez,pamela.gomez2529@example.com,London,Germany,2021-05-17
2530,Tara,Ramirez,tara.ramirez2530@example.com,Dubai,Germany,2025-08-06
2531,Anthony,Terrell,anthony.terrell2531@example.com,Abu Dhabi,United States,2026-08-28
2532,Courtney,Kirby,courtney.kirby2532@example.com,Abu Dhabi,Germany,2023-12-29
2533,Ashley,Price,ashley.price2533@example.com,Amman,United States,2024-07-14
2534,Brooke,Hancock,brooke.hancock2534@example.com,Amman,United Kingdom,2023-02-16
2535,Karen,Thornton,karen.thornton2535@example.com,Alexandria,France,2021-03-18
2536,Leonard,Johnson,leonard.johnson2536@example.com,Giza,Kuwait,2025-06-27
2537,Robert,Crawford,robert.crawford2537@example.com,Amman,Jordan,2021-07-05
2538,John,Hayes,john.hayes2538@example.com,Cairo,Saudi Arabia,2020-08-04
2539,Stephanie,Robinson,stephanie.robinson2539@example.com,Giza,France,2020-04-19
2540,Kevin,Rodriguez,kevin.rodriguez2540@example.com,Alexandria,Germany,2023-09-01
2541,Kristen,Strickland,kristen.strickland2541@example.com,Alexandria,Kuwait,2021-01-29
2542,Robin,Wallace,robin.wallace2542@example.com,Giza,United Kingdom,2025-07-09
2543,Angel,Webb,angel.webb2543@example.com,Amman,Jordan,2023-04-17
2544,Vincent,Lee,vincent.lee2544@example.com,Amman,France,2025-08-29
2545,Sandra,Oconnor,sandra.oconnor2545@example.com,Abu Dhabi,United Kingdom,2023-11-08
2546,Alexandra,Rowe,alexandra.rowe2546@example.com,Berlin,United Kingdom,2020-03-13
2547,Douglas,Wiggins,douglas.wiggins2547@example.com,Cairo,Germany,2021-05-02
2548,Lynn,Hurley,lynn.hurley2548@example.com,Jeddah,France,2023-07-12
2549,Erica,Anderson,erica.anderson2549@example.com,Jeddah,France,2025-02-25
2550,Jenny,Stevens,jenny.stevens2550@example.com,Cairo,Egypt,2021-12-25
2551,Jennifer,Boyd,jennifer.boyd2551@example.com,Berlin,Kuwait,2021-11-03
2552,Adam,Randolph,adam.randolph2552@example.com,Amman,Germany,2021-07-04
2553,Gloria,Wheeler,gloria.wheeler2553@example.com,Abu Dhabi,Germany,2025-06-19
2554,Christopher,Owens,christopher.owens2554@example.com,Giza,United States,2025-07-02
2555,Brandon,Meyer,brandon.meyer2555@example.com,Berlin,United Kingdom,2026-06-01
2556,Donna,Edwards,donna.edwards2556@example.com,Amman,France,2026-04-21
2557,Becky,Collins,becky.collins2557@example.com,Alexandria,United Kingdom,2020-08-16
2558,Patricia,Flores,patricia.flores2558@example.com,Jeddah,Kuwait,2025-07-19
2559,James,Hill,james.hill2559@example.com,London,Germany,2023-12-15
2560,Luis,Alexander,luis.alexander2560@example.com,Abu Dhabi,Qatar,2020-09-08
2561,David,Hernandez,david.hernandez2561@example.com,Cairo,United States,2020-07-03
2562,Joshua,Smith,joshua.smith2562@example.com,Alexandria,Qatar,2023-11-29
2563,Cindy,Palmer,cindy.palmer2563@example.com,London,Egypt,2023-10-29
2564,Jamie,Bell,jamie.bell2564@example.com,Jeddah,Saudi Arabia,2024-10-19
2565,Lucas,Thomas,lucas.thomas2565@example.com,Riyadh,Qatar,2024-08-14
2566,Janet,Campbell,janet.campbell2566@example.com,Riyadh,Egypt,2022-09-27
2567,John,Jones,john.jones2567@example.com,Dubai,Jordan,2023-07-02
2568,Christina,Morgan,christina.morgan2568@example.com,London,Saudi Arabia,2020-09-25
2569,Scott,Anderson,scott.anderson2569@example.com,Abu Dhabi,Saudi Arabia,2023-10-14
2570,Thomas,Lowe,thomas.lowe2570@example.com,Alexandria,Egypt,2026-01-14
2571,Daniel,Brown,daniel.brown2571@example.com,Riyadh,Egypt,2025-03-02
2572,Ronald,White,ronald.white2572@example.com,Jeddah,United States,2025-10-09
2573,Caitlin,Watkins,caitlin.watkins2573@example.com,Jeddah,Kuwait,2020-03-24
2574,Mary,Lyons,mary.lyons2574@example.com,Amman,United States,2020-04-01
2575,Christina,Edwards,christina.edwards2575@example.com,Riyadh,Germany,2026-05-25
2576,Lisa,Marquez,lisa.marquez2576@example.com,Jeddah,Qatar,2026-06-03
2577,Emily,Ferguson,emily.ferguson2577@example.com,Giza,France,2021-02-13
2578,Terri,Campos,terri.campos2578@example.com,Dubai,Qatar,2025-07-27
2579,Steven,Anderson,steven.anderson2579@example.com,Berlin,Qatar,2021-11-13
2580,Lisa,Gillespie,lisa.gillespie2580@example.com,London,Kuwait,2024-01-28
2581,Taylor,Bryant,taylor.bryant2581@example.com,Jeddah,Jordan,2025-07-28
2582,Gabrielle,Mckinney,gabrielle.mckinney2582@example.com,Giza,United Kingdom,2022-05-26
2583,Steven,Hall,steven.hall2583@example.com,Abu Dhabi,Kuwait,2020-07-13
2584,Jeffrey,Callahan,jeffrey.callahan2584@example.com,Abu Dhabi,United States,2024-07-04
2585,Christina,Durham,christina.durham2585@example.com,Dubai,United States,2021-01-11
2586,Philip,Lyons,philip.lyons2586@example.com,London,Saudi Arabia,2026-08-21
2587,Elizabeth,Mccormick,elizabeth.mccormick2587@example.com,Riyadh,Kuwait,2020-10-02
2588,Nicole,Chavez,nicole.chavez2588@example.com,London,United Kingdom,2025-04-30
2589,Anthony,Alvarez,anthony.alvarez2589@example.com,Jeddah,Jordan,2023-11-23
2590,Michael,Murray,michael.murray2590@example.com,Giza,Kuwait,2025-08-29
2591,George,Tate,george.tate2591@example.com,Abu Dhabi,Germany,2026-01-20
2592,Cassandra,Anderson,cassandra.anderson2592@example.com,Riyadh,Jordan,2024-08-24
2593,Dakota,Roth,dakota.roth2593@example.com,Jeddah,Kuwait,2025-10-11
2594,Laura,Nguyen,laura.nguyen2594@example.com,Amman,United Kingdom,2022-01-09
2595,Debra,Sparks,debra.sparks2595@example.com,Cairo,United Kingdom,2022-02-03
2596,Amanda,Morales,amanda.morales2596@example.com,London,France,2022-05-22
2597,Robert,Oliver,robert.oliver2597@example.com,Amman,Kuwait,2025-12-22
2598,Amy,Dickson,amy.dickson2598@example.com,London,Germany,2026-05-07
2599,Patrick,Peterson,patrick.peterson2599@example.com,Cairo,United Kingdom,2022-04-01
2600,Lisa,Garza,lisa.garza2600@example.com,Riyadh,France,2021-08-28
2601,Kristen,Graham,kristen.graham2601@example.com,Dubai,UAE,2023-05-14
2602,Kristin,Stephens,kristin.stephens2602@example.com,Jeddah,Germany,2023-07-29
2603,Joel,Bates,joel.bates2603@example.com,Giza,Jordan,2024-08-16
2604,Christian,Galvan,christian.galvan2604@example.com,Abu Dhabi,Kuwait,2021-10-19
2605,Audrey,Tucker,audrey.tucker2605@example.com,Abu Dhabi,United States,2022-08-25
2606,Brittany,Ford,brittany.ford2606@example.com,Jeddah,Jordan,2021-04-10
2607,Angela,Short,angela.short2607@example.com,Alexandria,Jordan,2020-04-23
2608,Gregory,Blanchard,gregory.blanchard2608@example.com,Dubai,Kuwait,2025-03-16
2609,Chad,Rodriguez,chad.rodriguez2609@example.com,Amman,United Kingdom,2024-11-21
2610,Lisa,Wise,lisa.wise2610@example.com,Jeddah,Egypt,2022-04-07
2611,Nicholas,Snyder,nicholas.snyder2611@example.com,Alexandria,Kuwait,2021-07-12
2612,Donna,Davis,donna.davis2612@example.com,Cairo,Kuwait,2023-02-11
2613,Lisa,Clay,lisa.clay2613@example.com,Berlin,UAE,2020-06-21
2614,Rebecca,Fields,rebecca.fields2614@example.com,Amman,Egypt,2020-08-14
2615,Aaron,Thomas,aaron.thomas2615@example.com,Giza,Qatar,2023-05-05
2616,Edward,Schmidt,edward.schmidt2616@example.com,Giza,Germany,2024-01-28
2617,Peter,Lane,peter.lane2617@example.com,Giza,Germany,2021-07-29
2618,James,Maldonado,james.maldonado2618@example.com,Dubai,Saudi Arabia,2026-05-27
2619,Leslie,Hudson,leslie.hudson2619@example.com,Berlin,Saudi Arabia,2025-11-07
2620,Robin,Torres,robin.torres2620@example.com,London,United Kingdom,2022-10-28
2621,Sherry,Graham,sherry.graham2621@example.com,Amman,Saudi Arabia,2022-09-02
2622,Toni,Cooper,toni.cooper2622@example.com,London,Saudi Arabia,2023-07-07
2623,Christopher,Smith,christopher.smith2623@example.com,Riyadh,United States,2024-05-16
2624,Valerie,Powell,valerie.powell2624@example.com,Dubai,Germany,2022-06-11
2625,David,Phillips,david.phillips2625@example.com,Alexandria,Saudi Arabia,2021-12-18
2626,Mike,Dunn,mike.dunn2626@example.com,Dubai,Kuwait,2024-12-05
2627,Brian,Warner,brian.warner2627@example.com,Jeddah,Kuwait,2026-08-11
2628,Lori,Howard,lori.howard2628@example.com,Cairo,France,2025-12-25
2629,Michelle,Glenn,michelle.glenn2629@example.com,Riyadh,Saudi Arabia,2023-07-20
2630,Joe,Park,joe.park2630@example.com,Berlin,Germany,2025-04-29
2631,Phillip,Flores,phillip.flores2631@example.com,Dubai,Kuwait,2021-08-16
2632,Patrick,James,patrick.james2632@example.com,Riyadh,France,2024-02-15
2633,Amy,Bates,amy.bates2633@example.com,Abu Dhabi,Egypt,2020-05-22
2634,Thomas,Lopez,thomas.lopez2634@example.com,Cairo,Jordan,2022-11-02
2635,Patrick,Middleton,patrick.middleton2635@example.com,Berlin,Germany,2023-06-20
2636,Mary,Moore,mary.moore2636@example.com,Riyadh,Saudi Arabia,2025-12-30
2637,Whitney,Santiago,whitney.santiago2637@example.com,Dubai,France,2024-05-10
2638,Dennis,Jones,dennis.jones2638@example.com,Cairo,Germany,2022-11-12
2639,Alfred,Griffith,alfred.griffith2639@example.com,Abu Dhabi,Saudi Arabia,2022-08-22
2640,Tommy,Kim,tommy.kim2640@example.com,Abu Dhabi,Jordan,2021-10-18
2641,Veronica,Miller,veronica.miller2641@example.com,Amman,Qatar,2024-07-22
2642,Dawn,Perry,dawn.perry2642@example.com,Cairo,Kuwait,2020-11-24
2643,Stephen,Mccormick,stephen.mccormick2643@example.com,Amman,France,2024-08-18
2644,Cassandra,Simmons,cassandra.simmons2644@example.com,Riyadh,Germany,2021-02-15
2645,Hector,Hicks,hector.hicks2645@example.com,Alexandria,Kuwait,2025-09-04
2646,Andrea,Cole,andrea.cole2646@example.com,Giza,Qatar,2024-09-19
2647,Michael,Lopez,michael.lopez2647@example.com,London,United Kingdom,2023-08-31
2648,Cassandra,Lane,cassandra.lane2648@example.com,Amman,Egypt,2020-08-01
2649,Melanie,Young,melanie.young2649@example.com,Alexandria,France,2021-07-11
2650,Walter,Jenkins,walter.jenkins2650@example.com,Cairo,Germany,2022-03-30
2651,Amy,Richardson,amy.richardson2651@example.com,Abu Dhabi,Qatar,2026-06-16
2652,Tiffany,Carroll,tiffany.carroll2652@example.com,Giza,Saudi Arabia,2021-10-08
2653,Janet,Wilson,janet.wilson2653@example.com,Dubai,United Kingdom,2021-06-16
2654,Timothy,Vaughn,timothy.vaughn2654@example.com,London,Germany,2023-08-01
2655,Douglas,Simon,douglas.simon2655@example.com,Amman,France,2021-06-30
2656,Tonya,Terrell,tonya.terrell2656@example.com,Abu Dhabi,UAE,2026-08-26
2657,Kimberly,Marshall,kimberly.marshall2657@example.com,Riyadh,Kuwait,2022-03-24
2658,Christian,Wu,christian.wu2658@example.com,Giza,Germany,2024-02-14
2659,Christopher,Kennedy,christopher.kennedy2659@example.com,Alexandria,Germany,2024-03-25
2660,Judith,Horne,judith.horne2660@example.com,London,Jordan,2020-03-25
2661,Christian,Schultz,christian.schultz2661@example.com,Cairo,United Kingdom,2022-07-25
2662,Lauren,Edwards,lauren.edwards2662@example.com,Giza,France,2022-03-23
2663,Brian,Cooper,brian.cooper2663@example.com,Abu Dhabi,UAE,2020-07-22
2664,Kimberly,Harrison,kimberly.harrison2664@example.com,Jeddah,United States,2024-10-22
2665,William,Harrison,william.harrison2665@example.com,London,Kuwait,2021-09-03
2666,Jessica,Fisher,jessica.fisher2666@example.com,Giza,Qatar,2021-11-27
2667,Susan,Yates,susan.yates2667@example.com,London,Saudi Arabia,2020-02-27
2668,Keith,Johnson,keith.johnson2668@example.com,Berlin,Germany,2025-02-01
2669,Sandra,Curry,sandra.curry2669@example.com,Amman,Saudi Arabia,2022-07-08
2670,Jessica,Elliott,jessica.elliott2670@example.com,Dubai,Jordan,2022-12-26
2671,Bryan,Kennedy,bryan.kennedy2671@example.com,Abu Dhabi,France,2024-04-13
2672,Gary,Williams,gary.williams2672@example.com,Alexandria,Germany,2022-04-26
2673,Veronica,Lamb,veronica.lamb2673@example.com,London,Jordan,2023-03-05
2674,Claudia,Mitchell,claudia.mitchell2674@example.com,Dubai,Germany,2022-01-08
2675,Christopher,Wagner,christopher.wagner2675@example.com,Jeddah,UAE,2020-04-27
2676,Melissa,Ramirez,melissa.ramirez2676@example.com,Abu Dhabi,Kuwait,2022-08-22
2677,David,Campbell,david.campbell2677@example.com,London,France,2022-10-14
2678,Michaela,Smith,michaela.smith2678@example.com,Riyadh,United States,2025-02-19
2679,Daniel,Thompson,daniel.thompson2679@example.com,Giza,Egypt,2025-04-04
2680,Brittany,Hernandez,brittany.hernandez2680@example.com,Alexandria,Qatar,2024-06-16
2681,Sean,Morton,sean.morton2681@example.com,Dubai,Germany,2024-09-29
2682,Jose,Haynes,jose.haynes2682@example.com,London,Kuwait,2020-10-26
2683,Todd,Lloyd,todd.lloyd2683@example.com,Giza,United Kingdom,2020-08-28
2684,Michelle,Cooper,michelle.cooper2684@example.com,Cairo,Qatar,2022-08-19
2685,Christopher,Thomas,christopher.thomas2685@example.com,Amman,Qatar,2020-07-05
2686,Sarah,Moore,sarah.moore2686@example.com,Cairo,Kuwait,2025-08-28
2687,Tyler,Chaney,tyler.chaney2687@example.com,London,Germany,2023-05-24
2688,Kaylee,Young,kaylee.young2688@example.com,Jeddah,Qatar,2021-06-25
2689,Scott,Walsh,scott.walsh2689@example.com,Berlin,Egypt,2026-07-05
2690,Jason,Navarro,jason.navarro2690@example.com,Alexandria,Kuwait,2021-11-26
2691,Michael,May,michael.may2691@example.com,Berlin,France,2023-10-21
2692,Karla,Wilson,karla.wilson2692@example.com,Amman,UAE,2021-01-02
2693,Gary,Ross,gary.ross2693@example.com,Riyadh,United Kingdom,2024-11-08
2694,Kevin,Reese,kevin.reese2694@example.com,Alexandria,Kuwait,2021-04-23
2695,Karen,Patel,karen.patel2695@example.com,Riyadh,Egypt,2021-06-07
2696,Noah,Thornton,noah.thornton2696@example.com,Amman,Kuwait,2024-01-16
2697,Thomas,Thomas,thomas.thomas2697@example.com,Jeddah,Kuwait,2022-12-14
2698,Monica,Smith,monica.smith2698@example.com,London,Kuwait,2025-10-18
2699,Sara,Cole,sara.cole2699@example.com,Riyadh,Germany,2021-11-06
2700,Erika,Nixon,erika.nixon2700@example.com,Riyadh,France,2021-09-11
2701,Felicia,Williams,felicia.williams2701@example.com,Berlin,France,2020-08-05
2702,Samantha,Walsh,samantha.walsh2702@example.com,Dubai,UAE,2020-08-11
2703,Stephanie,Reynolds,stephanie.reynolds2703@example.com,Dubai,UAE,2020-05-26
2704,Samantha,Garrison,samantha.garrison2704@example.com,Amman,Kuwait,2021-10-31
2705,Matthew,Adams,matthew.adams2705@example.com,Amman,Germany,2021-04-20
2706,Corey,Pena,corey.pena2706@example.com,Amman,Egypt,2024-12-13
2707,Peter,Mejia,peter.mejia2707@example.com,Riyadh,United Kingdom,2025-06-10
2708,Kaitlyn,Navarro,kaitlyn.navarro2708@example.com,Amman,France,2021-04-05
2709,Brianna,Lee,brianna.lee2709@example.com,Alexandria,Saudi Arabia,2023-12-02
2710,Matthew,Vaughn,matthew.vaughn2710@example.com,Giza,Jordan,2023-03-09
2711,Hector,Kelley,hector.kelley2711@example.com,Alexandria,UAE,2025-09-14
2712,Emily,Decker,emily.decker2712@example.com,Abu Dhabi,United States,2026-07-26
2713,Alexander,Davis,alexander.davis2713@example.com,Dubai,United States,2020-01-17
2714,Dalton,Griffin,dalton.griffin2714@example.com,Berlin,United States,2022-01-09
2715,Jeffrey,Campbell,jeffrey.campbell2715@example.com,Jeddah,Saudi Arabia,2022-10-05
2716,James,Johnson,james.johnson2716@example.com,Amman,Saudi Arabia,2023-09-08
2717,Christopher,Mays,christopher.mays2717@example.com,Cairo,Kuwait,2021-05-14
2718,Diane,Houston,diane.houston2718@example.com,Jeddah,Qatar,2026-08-15
2719,Stephanie,Little,stephanie.little2719@example.com,Giza,Qatar,2021-09-21
2720,Jean,Wilson,jean.wilson2720@example.com,Cairo,Saudi Arabia,2025-02-28
2721,Melissa,Anderson,melissa.anderson2721@example.com,Amman,France,2023-01-08
2722,Diana,Yoder,diana.yoder2722@example.com,London,Egypt,2023-09-11
2723,Ashlee,Coffey,ashlee.coffey2723@example.com,Cairo,United States,2025-01-29
2724,Paula,Dominguez,paula.dominguez2724@example.com,Riyadh,United States,2021-06-13
2725,Jon,Owens,jon.owens2725@example.com,Dubai,Egypt,2023-03-04
2726,Sharon,Fowler,sharon.fowler2726@example.com,Riyadh,Egypt,2020-10-16
2727,Sandra,Hill,sandra.hill2727@example.com,Berlin,United States,2024-04-11
2728,Ronald,Berger,ronald.berger2728@example.com,Giza,Germany,2022-11-11
2729,Kayla,Morris,kayla.morris2729@example.com,Alexandria,Jordan,2024-06-21
2730,Fernando,Jones,fernando.jones2730@example.com,Giza,Egypt,2022-05-02
2731,Kimberly,Reyes,kimberly.reyes2731@example.com,Alexandria,Germany,2024-07-06
2732,Marvin,Brown,marvin.brown2732@example.com,Abu Dhabi,UAE,2021-05-08
2733,Stephanie,Baker,stephanie.baker2733@example.com,Abu Dhabi,France,2024-11-05
2734,Scott,Vasquez,scott.vasquez2734@example.com,Abu Dhabi,United States,2021-06-21
2735,Sarah,Bishop,sarah.bishop2735@example.com,Riyadh,Saudi Arabia,2024-02-14
2736,Gregory,Vasquez,gregory.vasquez2736@example.com,Berlin,Jordan,2025-06-28
2737,Douglas,Mack,douglas.mack2737@example.com,Amman,Germany,2025-05-05
2738,Jeffery,Schneider,jeffery.schneider2738@example.com,Abu Dhabi,United States,2024-09-28
2739,Rita,Baldwin,rita.baldwin2739@example.com,Giza,Germany,2024-02-17
2740,Dakota,Jones,dakota.jones2740@example.com,London,UAE,2024-11-13
2741,Ashley,King,ashley.king2741@example.com,Jeddah,Saudi Arabia,2020-06-14
2742,Sean,Mosley,sean.mosley2742@example.com,Berlin,Qatar,2025-03-13
2743,Eduardo,Bowman,eduardo.bowman2743@example.com,Dubai,UAE,2025-07-21
2744,Sarah,Ortega,sarah.ortega2744@example.com,Berlin,United Kingdom,2020-12-09
2745,Joseph,Graves,joseph.graves2745@example.com,Abu Dhabi,France,2024-11-26
2746,Rebecca,Andrews,rebecca.andrews2746@example.com,Giza,France,2023-05-15
2747,Zachary,Case,zachary.case2747@example.com,Alexandria,UAE,2023-05-15
2748,Tracy,Graham,tracy.graham2748@example.com,Dubai,United Kingdom,2024-10-17
2749,Megan,Norman,megan.norman2749@example.com,Abu Dhabi,United States,2020-07-14
2750,Kristen,Fernandez,kristen.fernandez2750@example.com,Berlin,Saudi Arabia,2020-07-03
2751,Aaron,Finley,aaron.finley2751@example.com,Berlin,Saudi Arabia,2025-09-22
2752,Lisa,Olson,lisa.olson2752@example.com,Jeddah,Germany,2021-01-22
2753,Ashley,Donovan,ashley.donovan2753@example.com,Amman,United States,2022-11-03
2754,Michael,Maldonado,michael.maldonado2754@example.com,Riyadh,Kuwait,2026-07-26
2755,Richard,Chen,richard.chen2755@example.com,Giza,United Kingdom,2020-03-07
2756,Susan,Davis,susan.davis2756@example.com,Giza,France,2022-01-05
2757,Amanda,Woodward,amanda.woodward2757@example.com,Alexandria,Germany,2020-07-04
2758,Christopher,Stevens,christopher.stevens2758@example.com,Giza,Germany,2023-05-04
2759,Katie,Holland,katie.holland2759@example.com,Riyadh,United States,2025-02-06
2760,Gregory,Williams,gregory.williams2760@example.com,Amman,United States,2022-12-21
2761,Patrick,Lee,patrick.lee2761@example.com,Riyadh,UAE,2022-05-14
2762,Heather,Mosley,heather.mosley2762@example.com,Alexandria,Saudi Arabia,2022-11-28
2763,Crystal,Howard,crystal.howard2763@example.com,Giza,Germany,2025-12-28
2764,Christopher,Chen,christopher.chen2764@example.com,Cairo,Egypt,2024-06-05
2765,Jill,Taylor,jill.taylor2765@example.com,Giza,Egypt,2021-12-04
2766,James,Cortez,james.cortez2766@example.com,Amman,France,2024-07-17
2767,Brittany,Burns,brittany.burns2767@example.com,London,France,2023-05-25
2768,Bryan,Fernandez,bryan.fernandez2768@example.com,London,United States,2024-01-17
2769,Kyle,Ferguson,kyle.ferguson2769@example.com,Jeddah,Kuwait,2020-12-24
2770,Mary,Cole,mary.cole2770@example.com,Alexandria,UAE,2020-02-26
2771,Wendy,Johnson,wendy.johnson2771@example.com,Dubai,Saudi Arabia,2020-03-06
2772,Brian,French,brian.french2772@example.com,Dubai,Egypt,2022-05-07
2773,Brad,Wilson,brad.wilson2773@example.com,Amman,UAE,2022-09-17
2774,Lindsay,Contreras,lindsay.contreras2774@example.com,Jeddah,United Kingdom,2022-02-20
2775,Stephen,Gregory,stephen.gregory2775@example.com,Giza,Kuwait,2025-03-13
2776,Morgan,Hernandez,morgan.hernandez2776@example.com,Alexandria,France,2024-09-24
2777,Beth,Buckley,beth.buckley2777@example.com,Cairo,Saudi Arabia,2021-11-11
2778,Benjamin,Thomas,benjamin.thomas2778@example.com,Alexandria,France,2025-06-09
2779,Desiree,Ruiz,desiree.ruiz2779@example.com,Amman,Egypt,2025-01-15
2780,Samantha,Williams,samantha.williams2780@example.com,London,Jordan,2022-04-04
2781,Jacqueline,Anderson,jacqueline.anderson2781@example.com,Abu Dhabi,United States,2024-05-23
2782,Gerald,Williams,gerald.williams2782@example.com,Cairo,Qatar,2020-02-02
2783,Kyle,Leon,kyle.leon2783@example.com,Giza,Germany,2024-08-29
2784,Stephen,Jackson,stephen.jackson2784@example.com,Amman,United States,2026-09-06
2785,Brittany,Meyers,brittany.meyers2785@example.com,Berlin,Kuwait,2020-05-31
2786,Daniel,Crawford,daniel.crawford2786@example.com,Amman,Germany,2025-06-14
2787,Lauren,Walker,lauren.walker2787@example.com,Berlin,United States,2025-06-21
2788,Linda,Simmons,linda.simmons2788@example.com,Dubai,Egypt,2025-12-03
2789,Lisa,Hendrix,lisa.hendrix2789@example.com,Cairo,Germany,2026-06-18
2790,Erika,Nguyen,erika.nguyen2790@example.com,Riyadh,United Kingdom,2020-09-17
2791,Theresa,Johnston,theresa.johnston2791@example.com,Abu Dhabi,Germany,2025-04-22
2792,Derrick,Copeland,derrick.copeland2792@example.com,Giza,France,2023-11-21
2793,Laura,Duran,laura.duran2793@example.com,Amman,Germany,2020-03-26
2794,Brittany,Rogers,brittany.rogers2794@example.com,Alexandria,Kuwait,2022-02-26
2795,David,Thomas,david.thomas2795@example.com,Amman,Qatar,2024-11-29
2796,Robert,Horton,robert.horton2796@example.com,Dubai,United Kingdom,2022-06-18
2797,Angela,Gonzales,angela.gonzales2797@example.com,London,Qatar,2025-04-02
2798,Sara,Williams,sara.williams2798@example.com,Alexandria,Kuwait,2024-05-17
2799,Craig,Boone,craig.boone2799@example.com,Jeddah,Qatar,2025-04-18
2800,Cheyenne,Strickland,cheyenne.strickland2800@example.com,Alexandria,United States,2022-04-28
2801,Alexis,Tucker,alexis.tucker2801@example.com,Abu Dhabi,Saudi Arabia,2025-05-31
2802,Adam,White,adam.white2802@example.com,Alexandria,UAE,2022-03-28
2803,Christopher,Pearson,christopher.pearson2803@example.com,Alexandria,United States,2025-07-08
2804,Olivia,Butler,olivia.butler2804@example.com,Giza,Germany,2025-07-15
2805,Lindsay,Barton,lindsay.barton2805@example.com,Abu Dhabi,Jordan,2022-05-07
2806,Heather,Harris,heather.harris2806@example.com,Berlin,Egypt,2020-03-15
2807,Danielle,Mills,danielle.mills2807@example.com,Riyadh,Kuwait,2024-01-02
2808,Robert,Hurley,robert.hurley2808@example.com,Alexandria,UAE,2025-08-24
2809,Cheryl,Johnson,cheryl.johnson2809@example.com,Cairo,Saudi Arabia,2023-10-15
2810,Hector,Porter,hector.porter2810@example.com,Jeddah,Saudi Arabia,2022-07-17
2811,Stephanie,Burton,stephanie.burton2811@example.com,Giza,United Kingdom,2022-07-06
2812,Kimberly,Bailey,kimberly.bailey2812@example.com,Amman,Kuwait,2023-10-25
2813,Adam,Young,adam.young2813@example.com,Riyadh,Egypt,2026-03-31
2814,David,Moreno,david.moreno2814@example.com,Abu Dhabi,UAE,2025-10-12
2815,Cody,Cox,cody.cox2815@example.com,London,Saudi Arabia,2020-07-25
2816,Kathleen,Fernandez,kathleen.fernandez2816@example.com,Amman,France,2021-03-30
2817,Jeffrey,Townsend,jeffrey.townsend2817@example.com,Giza,United States,2021-02-21
2818,Donna,Hill,donna.hill2818@example.com,Berlin,Egypt,2025-09-08
2819,James,Hogan,james.hogan2819@example.com,Giza,UAE,2021-04-28
2820,Gina,Schmitt,gina.schmitt2820@example.com,Dubai,Qatar,2021-10-05
2821,Thomas,Thompson,thomas.thompson2821@example.com,Abu Dhabi,France,2025-09-03
2822,Elizabeth,Williams,elizabeth.williams2822@example.com,Amman,Saudi Arabia,2021-09-23
2823,Deanna,Mitchell,deanna.mitchell2823@example.com,Riyadh,Qatar,2021-07-18
2824,Ryan,Cook,ryan.cook2824@example.com,Giza,Jordan,2024-12-03
2825,Linda,Chang,linda.chang2825@example.com,Jeddah,Egypt,2022-10-01
2826,Bradley,Yang,bradley.yang2826@example.com,Amman,Qatar,2023-03-20
2827,Sara,Thompson,sara.thompson2827@example.com,Berlin,UAE,2020-12-15
2828,Kristen,Washington,kristen.washington2828@example.com,Abu Dhabi,Qatar,2024-08-26
2829,Darren,Jacobson,darren.jacobson2829@example.com,Riyadh,Jordan,2021-09-12
2830,Jennifer,Watkins,jennifer.watkins2830@example.com,Berlin,Germany,2022-07-23
2831,Mark,Gonzalez,mark.gonzalez2831@example.com,Alexandria,Germany,2024-08-20
2832,Erica,Nguyen,erica.nguyen2832@example.com,Jeddah,France,2025-10-15
2833,Kimberly,Nguyen,kimberly.nguyen2833@example.com,Riyadh,Egypt,2024-12-17
2834,Corey,Rojas,corey.rojas2834@example.com,Alexandria,Egypt,2025-10-20
2835,Molly,Bennett,molly.bennett2835@example.com,Giza,Saudi Arabia,2023-10-17
2836,Jeffrey,Ruiz,jeffrey.ruiz2836@example.com,Riyadh,Germany,2021-11-04
2837,Todd,Zamora,todd.zamora2837@example.com,Jeddah,Egypt,2024-05-29
2838,Dustin,Reilly,dustin.reilly2838@example.com,Cairo,UAE,2026-06-11
2839,Spencer,Hughes,spencer.hughes2839@example.com,Cairo,United Kingdom,2023-04-26
2840,Derek,Cortez,derek.cortez2840@example.com,Jeddah,Germany,2026-03-17
2841,Crystal,Cantrell,crystal.cantrell2841@example.com,Abu Dhabi,Qatar,2023-11-10
2842,James,Martinez,james.martinez2842@example.com,Cairo,Kuwait,2025-12-01
2843,Heather,Brown,heather.brown2843@example.com,London,UAE,2024-07-12
2844,Derek,York,derek.york2844@example.com,Amman,Jordan,2026-02-07
2845,Stephen,Jackson,stephen.jackson2845@example.com,London,United States,2024-12-16
2846,Matthew,Tanner,matthew.tanner2846@example.com,Riyadh,Germany,2022-03-19
2847,Cassandra,Clarke,cassandra.clarke2847@example.com,Abu Dhabi,Saudi Arabia,2020-05-31
2848,Dana,Carr,dana.carr2848@example.com,Berlin,Qatar,2024-05-16
2849,George,Cordova,george.cordova2849@example.com,Alexandria,United Kingdom,2026-01-24
2850,Melissa,Miller,melissa.miller2850@example.com,Abu Dhabi,Jordan,2021-01-15
2851,Melody,Burns,melody.burns2851@example.com,Berlin,United Kingdom,2023-07-02
2852,Wendy,Vargas,wendy.vargas2852@example.com,Berlin,Qatar,2021-10-17
2853,Mary,Ramirez,mary.ramirez2853@example.com,Cairo,Egypt,2026-01-20
2854,Jessica,Fitzgerald,jessica.fitzgerald2854@example.com,London,Kuwait,2022-09-15
2855,John,Murphy,john.murphy2855@example.com,Abu Dhabi,Germany,2025-08-31
2856,Bethany,Snow,bethany.snow2856@example.com,Giza,Egypt,2024-03-07
2857,Brittany,Hernandez,brittany.hernandez2857@example.com,Abu Dhabi,United Kingdom,2023-12-22
2858,Ashley,Smith,ashley.smith2858@example.com,Giza,Egypt,2021-05-25
2859,Tina,Williams,tina.williams2859@example.com,Amman,Kuwait,2026-06-02
2860,Thomas,Mack,thomas.mack2860@example.com,Cairo,France,2023-10-20
2861,Arthur,Schmidt,arthur.schmidt2861@example.com,Dubai,United States,2026-05-05
2862,Timothy,Yates,timothy.yates2862@example.com,Berlin,United States,2022-08-15
2863,Lori,Chavez,lori.chavez2863@example.com,Riyadh,Kuwait,2023-03-11
2864,John,Hansen,john.hansen2864@example.com,London,UAE,2024-03-26
2865,Alexander,Dennis,alexander.dennis2865@example.com,Berlin,Jordan,2021-03-07
2866,Stephanie,Anderson,stephanie.anderson2866@example.com,Riyadh,United Kingdom,2026-07-13
2867,Kenneth,Holland,kenneth.holland2867@example.com,Dubai,Qatar,2025-02-03
2868,Christopher,Castillo,christopher.castillo2868@example.com,Giza,UAE,2024-10-09
2869,Kevin,Warner,kevin.warner2869@example.com,Jeddah,Saudi Arabia,2021-01-12
2870,Michaela,Burgess,michaela.burgess2870@example.com,Cairo,Germany,2021-06-16
2871,Andrew,Gibson,andrew.gibson2871@example.com,Amman,Jordan,2025-01-01
2872,Kelsey,Sawyer,kelsey.sawyer2872@example.com,Giza,Qatar,2025-11-25
2873,Richard,Clarke,richard.clarke2873@example.com,Jeddah,United States,2026-04-08
2874,Mitchell,Marshall,mitchell.marshall2874@example.com,Berlin,Germany,2022-12-16
2875,Cynthia,Dalton,cynthia.dalton2875@example.com,London,France,2024-09-30
2876,Chad,Barry,chad.barry2876@example.com,Amman,France,2024-09-03
2877,Mason,Johnson,mason.johnson2877@example.com,Alexandria,UAE,2025-09-02
2878,Ronald,Nelson,ronald.nelson2878@example.com,Alexandria,France,2025-02-17
2879,Sophia,Daniels,sophia.daniels2879@example.com,Alexandria,United Kingdom,2025-12-07
2880,Laura,French,laura.french2880@example.com,Giza,Jordan,2025-02-08
2881,Christopher,Gilmore,christopher.gilmore2881@example.com,Amman,Egypt,2021-10-04
2882,Jill,Brown,jill.brown2882@example.com,Berlin,Qatar,2021-05-01
2883,Sierra,Leonard,sierra.leonard2883@example.com,London,Germany,2021-03-27
2884,Pamela,Rodriguez,pamela.rodriguez2884@example.com,Giza,Qatar,2026-05-30
2885,Michael,Harvey,michael.harvey2885@example.com,Abu Dhabi,Egypt,2025-11-11
2886,Michael,Thompson,michael.thompson2886@example.com,Alexandria,Saudi Arabia,2024-03-01
2887,Angelica,Jones,angelica.jones2887@example.com,Abu Dhabi,Qatar,2023-05-27
2888,Jenna,Harris,jenna.harris2888@example.com,Abu Dhabi,France,2020-04-24
2889,Tina,Allen,tina.allen2889@example.com,Alexandria,UAE,2026-08-12
2890,Daniel,Mendoza,daniel.mendoza2890@example.com,Jeddah,Egypt,2023-06-03
2891,Sheila,Carpenter,sheila.carpenter2891@example.com,Abu Dhabi,Jordan,2022-01-19
2892,Susan,Clark,susan.clark2892@example.com,Amman,Egypt,2021-05-16
2893,Julie,Perez,julie.perez2893@example.com,Berlin,Qatar,2020-10-03
2894,Michael,Adams,michael.adams2894@example.com,Cairo,Germany,2025-05-24
2895,Erin,Ramirez,erin.ramirez2895@example.com,London,Kuwait,2026-05-06
2896,Bryan,Reed,bryan.reed2896@example.com,Amman,Qatar,2024-03-25
2897,Todd,Rose,todd.rose2897@example.com,Amman,United States,2021-06-27
2898,David,Mckinney,david.mckinney2898@example.com,Alexandria,United Kingdom,2025-03-02
2899,Erika,Patel,erika.patel2899@example.com,Amman,France,2021-09-02
2900,Kelly,Oliver,kelly.oliver2900@example.com,Riyadh,Saudi Arabia,2024-08-04
2901,Lauren,Dougherty,lauren.dougherty2901@example.com,Jeddah,Jordan,2024-06-07
2902,Lisa,Everett,lisa.everett2902@example.com,Riyadh,United Kingdom,2020-07-06
2903,Cameron,Mcclain,cameron.mcclain2903@example.com,Amman,Kuwait,2020-12-28
2904,Stephen,Miller,stephen.miller2904@example.com,Alexandria,Egypt,2026-05-31
2905,Rachael,Roberts,rachael.roberts2905@example.com,Abu Dhabi,United Kingdom,2021-05-22
2906,Sue,Rodriguez,sue.rodriguez2906@example.com,Berlin,Saudi Arabia,2022-02-27
2907,Joshua,Terry,joshua.terry2907@example.com,London,United Kingdom,2026-06-20
2908,Tyler,Golden,tyler.golden2908@example.com,Cairo,United States,2025-11-07
2909,Abigail,Burton,abigail.burton2909@example.com,Dubai,France,2025-08-20
2910,Kelly,Montes,kelly.montes2910@example.com,Cairo,Saudi Arabia,2025-12-18
2911,Amber,Anderson,amber.anderson2911@example.com,Alexandria,Egypt,2023-01-31
2912,Michael,Wallace,michael.wallace2912@example.com,Dubai,Jordan,2026-07-01
2913,Deanna,Carter,deanna.carter2913@example.com,Amman,Saudi Arabia,2025-12-25
2914,Bryan,Wiggins,bryan.wiggins2914@example.com,London,Qatar,2024-07-03
2915,Jesse,Meza,jesse.meza2915@example.com,London,Egypt,2025-07-06
2916,Deanna,Jenkins,deanna.jenkins2916@example.com,Cairo,Qatar,2024-11-25
2917,Matthew,Lucas,matthew.lucas2917@example.com,Alexandria,Germany,2020-04-08
2918,Mark,Watkins,mark.watkins2918@example.com,Berlin,Qatar,2024-04-13
2919,Heidi,Wilkinson,heidi.wilkinson2919@example.com,Abu Dhabi,Saudi Arabia,2021-04-14
2920,Sean,Torres,sean.torres2920@example.com,Giza,United Kingdom,2021-11-19
2921,David,Clarke,david.clarke2921@example.com,Abu Dhabi,UAE,2022-01-18
2922,George,Green,george.green2922@example.com,Abu Dhabi,Saudi Arabia,2021-09-23
2923,Todd,Arellano,todd.arellano2923@example.com,Abu Dhabi,Germany,2021-11-24
2924,Kayla,Williams,kayla.williams2924@example.com,Cairo,United States,2023-08-25
2925,Michael,Bryant,michael.bryant2925@example.com,Alexandria,Egypt,2020-08-27
2926,Garrett,Glass,garrett.glass2926@example.com,Abu Dhabi,Germany,2021-02-08
2927,Jennifer,Mitchell,jennifer.mitchell2927@example.com,Riyadh,UAE,2024-08-17
2928,Teresa,Franco,teresa.franco2928@example.com,Riyadh,Kuwait,2024-03-18
2929,Heather,Estrada,heather.estrada2929@example.com,Giza,Egypt,2022-04-09
2930,Eric,Young,eric.young2930@example.com,Dubai,United States,2026-07-28
2931,Blake,Stewart,blake.stewart2931@example.com,Dubai,France,2025-09-14
2932,David,Green,david.green2932@example.com,Berlin,Germany,2021-04-16
2933,Jack,Hart,jack.hart2933@example.com,Abu Dhabi,Egypt,2023-07-27
2934,Austin,Stewart,austin.stewart2934@example.com,Amman,United Kingdom,2024-07-25
2935,Maurice,Watson,maurice.watson2935@example.com,Giza,France,2020-04-28
2936,Amber,Martin,amber.martin2936@example.com,Jeddah,Jordan,2020-03-17
2937,Kevin,Knapp,kevin.knapp2937@example.com,Abu Dhabi,United Kingdom,2026-07-28
2938,Richard,Porter,richard.porter2938@example.com,Giza,Jordan,2026-03-22
2939,Dustin,Ellis,dustin.ellis2939@example.com,Alexandria,Kuwait,2026-05-16
2940,Luke,Smith,luke.smith2940@example.com,Jeddah,France,2020-12-09
2941,Joanna,Cantrell,joanna.cantrell2941@example.com,Berlin,Jordan,2021-08-06
2942,Mark,Thornton,mark.thornton2942@example.com,Riyadh,United Kingdom,2021-11-19
2943,Thomas,Roberts,thomas.roberts2943@example.com,Dubai,United Kingdom,2024-10-01
2944,Sherry,Hooper,sherry.hooper2944@example.com,Berlin,France,2020-06-20
2945,Audrey,Thomas,audrey.thomas2945@example.com,Cairo,France,2023-03-30
2946,Annette,Meadows,annette.meadows2946@example.com,Alexandria,Egypt,2020-09-03
2947,Scott,Norris,scott.norris2947@example.com,Amman,Kuwait,2026-09-14
2948,Jessica,Mccullough,jessica.mccullough2948@example.com,Abu Dhabi,Germany,2023-12-10
2949,Donald,Pierce,donald.pierce2949@example.com,Dubai,United States,2025-09-21
2950,Kyle,Morales,kyle.morales2950@example.com,Abu Dhabi,Egypt,2021-10-23
2951,Mary,Griffin,mary.griffin2951@example.com,Berlin,United States,2020-10-13
2952,Christopher,Brown,christopher.brown2952@example.com,Abu Dhabi,Saudi Arabia,2024-06-07
2953,Danielle,Silva,danielle.silva2953@example.com,Giza,UAE,2026-03-29
2954,Jeffrey,Walls,jeffrey.walls2954@example.com,Abu Dhabi,Germany,2022-05-13
2955,Joshua,Johnson,joshua.johnson2955@example.com,London,United Kingdom,2023-07-27
2956,Amanda,Griffin,amanda.griffin2956@example.com,Riyadh,Kuwait,2025-01-28
2957,Emily,Miller,emily.miller2957@example.com,Abu Dhabi,Jordan,2023-08-10
2958,William,Lee,william.lee2958@example.com,Riyadh,Jordan,2025-02-26
2959,Louis,Jacobs,louis.jacobs2959@example.com,London,Qatar,2020-03-06
2960,Sherry,Kerr,sherry.kerr2960@example.com,Alexandria,Egypt,2025-05-05
2961,Michael,Hernandez,michael.hernandez2961@example.com,Cairo,Egypt,2021-12-11
2962,Melissa,Wood,melissa.wood2962@example.com,Jeddah,United Kingdom,2025-06-25
2963,Nathan,Mitchell,nathan.mitchell2963@example.com,Jeddah,United Kingdom,2020-11-28
2964,Michael,Madden,michael.madden2964@example.com,Giza,United Kingdom,2020-05-06
2965,Nancy,Miller,nancy.miller2965@example.com,Amman,Saudi Arabia,2023-12-16
2966,Jessica,Wallace,jessica.wallace2966@example.com,Jeddah,United States,2024-01-06
2967,Victoria,Lara,victoria.lara2967@example.com,Jeddah,UAE,2020-02-04
2968,Keith,Shaffer,keith.shaffer2968@example.com,Giza,France,2024-02-26
2969,Tara,Coleman,tara.coleman2969@example.com,Dubai,France,2020-02-08
2970,Peggy,Taylor,peggy.taylor2970@example.com,Dubai,Egypt,2023-02-25
2971,Brenda,Miller,brenda.miller2971@example.com,Riyadh,Jordan,2021-01-03
2972,Jared,Wells,jared.wells2972@example.com,London,Kuwait,2022-06-24
2973,Mikayla,Hatfield,mikayla.hatfield2973@example.com,Dubai,France,2024-01-26
2974,Carl,Choi,carl.choi2974@example.com,Cairo,Kuwait,2025-07-11
2975,Katelyn,Davis,katelyn.davis2975@example.com,London,Jordan,2020-01-30
2976,Robert,Rocha,robert.rocha2976@example.com,Dubai,Germany,2021-03-30
2977,Robert,Peters,robert.peters2977@example.com,Abu Dhabi,United States,2025-08-11
2978,Jennifer,Fischer,jennifer.fischer2978@example.com,Amman,UAE,2026-03-10
2979,Derrick,Lopez,derrick.lopez2979@example.com,Dubai,United States,2026-05-03
2980,Patrick,Spencer,patrick.spencer2980@example.com,Alexandria,Saudi Arabia,2026-08-06
2981,Bobby,Mckenzie,bobby.mckenzie2981@example.com,Alexandria,Saudi Arabia,2021-06-05
2982,Mary,Torres,mary.torres2982@example.com,Abu Dhabi,United States,2022-07-22
2983,Anita,Ford,anita.ford2983@example.com,Berlin,Kuwait,2022-02-24
2984,Anthony,Smith,anthony.smith2984@example.com,Cairo,United Kingdom,2022-11-01
2985,Jose,Blanchard,jose.blanchard2985@example.com,Berlin,France,2020-01-09
2986,Mary,Kennedy,mary.kennedy2986@example.com,Jeddah,Egypt,2023-08-16
2987,Desiree,Stafford,desiree.stafford2987@example.com,Jeddah,Germany,2023-01-27
2988,Robert,Vasquez,robert.vasquez2988@example.com,Giza,United Kingdom,2025-03-26
2989,Gwendolyn,Sanchez,gwendolyn.sanchez2989@example.com,Amman,Qatar,2025-10-19
2990,David,Ramirez,david.ramirez2990@example.com,Cairo,Jordan,2020-07-11
2991,Virginia,Jones,virginia.jones2991@example.com,Abu Dhabi,Germany,2025-12-20
2992,Julie,Perkins,julie.perkins2992@example.com,Amman,Qatar,2020-01-22
2993,Ariana,Oneill,ariana.oneill2993@example.com,Jeddah,Jordan,2023-10-02
2994,Courtney,Alvarez,courtney.alvarez2994@example.com,Giza,United States,2020-04-13
2995,Heather,Wilson,heather.wilson2995@example.com,Dubai,Germany,2020-10-31
2996,William,Johnston,william.johnston2996@example.com,Dubai,Jordan,2021-11-04
2997,Megan,Martin,megan.martin2997@example.com,Riyadh,Kuwait,2020-09-14
2998,Brian,Flores,brian.flores2998@example.com,Giza,Egypt,2025-05-19
2999,Natalie,Taylor,natalie.taylor2999@example.com,Jeddah,Egypt,2026-08-24
3000,Frank,Nelson,frank.nelson3000@example.com,Riyadh,Kuwait,2022-10-09
3001,Robert,Barr,robert.barr3001@example.com,Giza,France,2022-09-03
3002,Michael,Roberts,michael.roberts3002@example.com,Riyadh,Egypt,2023-09-28
3003,Alyssa,Mayer,alyssa.mayer3003@example.com,Berlin,Jordan,2020-10-25
3004,Willie,Miranda,willie.miranda3004@example.com,London,United States,2024-12-01
3005,Isaac,Davis,isaac.davis3005@example.com,Giza,France,2026-06-29
3006,Karen,Stephens,karen.stephens3006@example.com,Giza,Saudi Arabia,2020-09-05
3007,Monique,Serrano,monique.serrano3007@example.com,Cairo,Germany,2023-07-07
3008,Gail,Turner,gail.turner3008@example.com,Giza,UAE,2020-09-10
3009,Gina,Barker,gina.barker3009@example.com,Amman,Egypt,2023-05-19
3010,Cody,Carpenter,cody.carpenter3010@example.com,London,Germany,2020-09-26
3011,Madeline,Smith,madeline.smith3011@example.com,Giza,Egypt,2026-04-09
3012,April,Watson,april.watson3012@example.com,Cairo,Kuwait,2024-04-11
3013,Todd,Peterson,todd.peterson3013@example.com,Jeddah,Saudi Arabia,2024-08-10
3014,Renee,Garcia,renee.garcia3014@example.com,Dubai,United States,2020-02-13
3015,Eric,Walker,eric.walker3015@example.com,Amman,Germany,2025-03-16
3016,Jacob,Prince,jacob.prince3016@example.com,Jeddah,United States,2021-02-18
3017,Christina,Guerra,christina.guerra3017@example.com,Riyadh,Egypt,2025-02-02
3018,Alicia,Patel,alicia.patel3018@example.com,Berlin,Qatar,2026-08-04
3019,Andrea,Avila,andrea.avila3019@example.com,Dubai,Saudi Arabia,2021-02-24
3020,Daniel,Stevens,daniel.stevens3020@example.com,Cairo,United States,2020-10-03
3021,Charles,Fuentes,charles.fuentes3021@example.com,London,Jordan,2026-06-05
3022,Sandra,Mendoza,sandra.mendoza3022@example.com,Alexandria,United Kingdom,2022-11-15
3023,Larry,Cox,larry.cox3023@example.com,Riyadh,Germany,2025-05-25
3024,Lisa,Preston,lisa.preston3024@example.com,London,France,2022-01-31
3025,Carla,Gallagher,carla.gallagher3025@example.com,Dubai,UAE,2020-06-29
3026,Matthew,Mckinney,matthew.mckinney3026@example.com,Cairo,UAE,2023-06-30
3027,Anthony,Olsen,anthony.olsen3027@example.com,London,Germany,2025-10-02
3028,Jeffrey,Vincent,jeffrey.vincent3028@example.com,Riyadh,Kuwait,2026-07-18
3029,Douglas,Perez,douglas.perez3029@example.com,Berlin,UAE,2021-08-26
3030,David,Anderson,david.anderson3030@example.com,Amman,Kuwait,2023-11-05
3031,Christian,Vazquez,christian.vazquez3031@example.com,Abu Dhabi,Qatar,2020-02-03
3032,Kristen,Jones,kristen.jones3032@example.com,Berlin,United States,2021-08-15
3033,Kim,Todd,kim.todd3033@example.com,Cairo,Jordan,2025-09-08
3034,Brad,Rodriguez,brad.rodriguez3034@example.com,Berlin,Egypt,2024-09-24
3035,Laura,Palmer,laura.palmer3035@example.com,Riyadh,Jordan,2022-03-31
3036,Brian,Wilson,brian.wilson3036@example.com,Dubai,Saudi Arabia,2023-10-30
3037,Johnny,Jones,johnny.jones3037@example.com,Dubai,France,2025-03-29
3038,Elizabeth,Webster,elizabeth.webster3038@example.com,London,Qatar,2026-06-27
3039,Kimberly,Mora,kimberly.mora3039@example.com,London,Qatar,2023-05-12
3040,Jamie,Santana,jamie.santana3040@example.com,Jeddah,Qatar,2021-10-26
3041,Jack,Bell,jack.bell3041@example.com,Giza,France,2020-06-21
3042,Christopher,Singleton,christopher.singleton3042@example.com,Amman,Jordan,2020-01-16
3043,Shelly,Rush,shelly.rush3043@example.com,Dubai,Jordan,2025-03-25
3044,Michael,Martin,michael.martin3044@example.com,London,Jordan,2022-09-06
3045,Vincent,Chandler,vincent.chandler3045@example.com,Amman,Qatar,2024-03-19
3046,John,Hudson,john.hudson3046@example.com,Dubai,Germany,2022-01-24
3047,Cory,Lane,cory.lane3047@example.com,Cairo,Qatar,2020-02-10
3048,Alexis,Robinson,alexis.robinson3048@example.com,Giza,Qatar,2020-05-02
3049,James,Campbell,james.campbell3049@example.com,Berlin,Saudi Arabia,2021-08-06
3050,Rachel,Medina,rachel.medina3050@example.com,Abu Dhabi,France,2022-03-07
3051,Teresa,Garcia,teresa.garcia3051@example.com,London,Qatar,2020-06-28
3052,Jason,Gordon,jason.gordon3052@example.com,Cairo,Jordan,2022-03-21
3053,Jasmine,Richardson,jasmine.richardson3053@example.com,Abu Dhabi,UAE,2022-06-15
3054,Bridget,Gonzales,bridget.gonzales3054@example.com,Abu Dhabi,UAE,2023-10-23
3055,Susan,White,susan.white3055@example.com,Berlin,Jordan,2022-01-01
3056,Michael,Gray,michael.gray3056@example.com,Dubai,Egypt,2021-12-22
3057,Jason,Perez,jason.perez3057@example.com,Abu Dhabi,Saudi Arabia,2020-03-26
3058,Daniel,Rollins,daniel.rollins3058@example.com,Alexandria,Germany,2021-03-30
3059,David,Rodriguez,david.rodriguez3059@example.com,Riyadh,Jordan,2023-06-03
3060,Derek,Farmer,derek.farmer3060@example.com,Amman,Jordan,2024-02-23
3061,Janet,Hawkins,janet.hawkins3061@example.com,Riyadh,UAE,2025-11-28
3062,Billy,Murphy,billy.murphy3062@example.com,London,Germany,2020-09-24
3063,Darrell,Campbell,darrell.campbell3063@example.com,Giza,UAE,2021-06-19
3064,Caroline,Collins,caroline.collins3064@example.com,Dubai,Jordan,2025-12-21
3065,Theresa,Wallace,theresa.wallace3065@example.com,Jeddah,Qatar,2023-07-26
3066,Angela,Roberts,angela.roberts3066@example.com,London,Germany,2022-09-28
3067,Melissa,Lopez,melissa.lopez3067@example.com,Cairo,United States,2026-08-02
3068,Chad,Randall,chad.randall3068@example.com,Dubai,United Kingdom,2023-04-19
3069,Thomas,Shelton,thomas.shelton3069@example.com,Alexandria,Qatar,2022-10-09
3070,Harry,Lutz,harry.lutz3070@example.com,Cairo,Kuwait,2021-06-01
3071,Travis,Garcia,travis.garcia3071@example.com,Berlin,United States,2025-06-25
3072,Samuel,Barrett,samuel.barrett3072@example.com,Dubai,Saudi Arabia,2025-04-11
3073,Christopher,Thomas,christopher.thomas3073@example.com,London,Saudi Arabia,2021-11-16
3074,Richard,Garza,richard.garza3074@example.com,Berlin,Germany,2025-09-16
3075,Cristian,Schaefer,cristian.schaefer3075@example.com,Riyadh,France,2025-10-26
3076,Tiffany,Brown,tiffany.brown3076@example.com,Amman,UAE,2023-08-11
3077,Theresa,Morgan,theresa.morgan3077@example.com,Riyadh,United Kingdom,2025-06-02
3078,Brooke,Ewing,brooke.ewing3078@example.com,Amman,France,2023-01-04
3079,David,Massey,david.massey3079@example.com,London,Germany,2026-07-19
3080,Jessica,Ramirez,jessica.ramirez3080@example.com,Cairo,Jordan,2022-06-18
3081,Jennifer,Perkins,jennifer.perkins3081@example.com,Dubai,France,2022-08-18
3082,Joshua,Clarke,joshua.clarke3082@example.com,Jeddah,Jordan,2023-06-07
3083,Dawn,Ross,dawn.ross3083@example.com,Jeddah,Germany,2026-05-29
3084,Thomas,Morrison,thomas.morrison3084@example.com,Alexandria,Qatar,2022-11-08
3085,Richard,Washington,richard.washington3085@example.com,Berlin,Saudi Arabia,2021-07-04
3086,Joshua,Tate,joshua.tate3086@example.com,Giza,Kuwait,2024-12-25
3087,Daniel,King,daniel.king3087@example.com,Berlin,Qatar,2022-07-31
3088,Tyler,Fuller,tyler.fuller3088@example.com,London,Egypt,2025-03-20
3089,Dennis,Garcia,dennis.garcia3089@example.com,Berlin,United States,2023-10-09
3090,Brian,Jones,brian.jones3090@example.com,Jeddah,France,2025-03-30
3091,Erika,Stanton,erika.stanton3091@example.com,Jeddah,Germany,2024-02-14
3092,Patrick,Shelton,patrick.shelton3092@example.com,Amman,Qatar,2023-01-23
3093,Eric,Howell,eric.howell3093@example.com,Jeddah,Egypt,2022-01-05
3094,Cole,Jones,cole.jones3094@example.com,Amman,Jordan,2022-12-23
3095,Karen,Saunders,karen.saunders3095@example.com,Giza,Qatar,2020-12-03
3096,Laura,Harris,laura.harris3096@example.com,Abu Dhabi,United Kingdom,2025-10-01
3097,Ebony,Henry,ebony.henry3097@example.com,Berlin,Saudi Arabia,2023-02-06
3098,Jose,Cooper,jose.cooper3098@example.com,Dubai,Saudi Arabia,2021-04-30
3099,Michele,Payne,michele.payne3099@example.com,Giza,Qatar,2020-06-05
3100,Stephanie,Johnson,stephanie.johnson3100@example.com,Berlin,Jordan,2023-09-29
3101,Russell,Melendez,russell.melendez3101@example.com,Dubai,Qatar,2022-10-21
3102,Patrick,Edwards,patrick.edwards3102@example.com,Abu Dhabi,Kuwait,2022-02-19
3103,Nicholas,Stevens,nicholas.stevens3103@example.com,London,UAE,2026-02-02
3104,Antonio,Hawkins,antonio.hawkins3104@example.com,Abu Dhabi,Egypt,2023-05-11
3105,Michelle,Turner,michelle.turner3105@example.com,Abu Dhabi,Qatar,2024-07-12
3106,Janice,Henry,janice.henry3106@example.com,Jeddah,United States,2020-02-18
3107,Dennis,Baldwin,dennis.baldwin3107@example.com,Amman,United Kingdom,2021-09-03
3108,Tony,Rodriguez,tony.rodriguez3108@example.com,Jeddah,Jordan,2022-07-18
3109,Emily,Keller,emily.keller3109@example.com,Dubai,France,2022-08-15
3110,Gina,Armstrong,gina.armstrong3110@example.com,Berlin,United States,2026-03-13
3111,Thomas,Dickerson,thomas.dickerson3111@example.com,Amman,France,2023-10-27
3112,William,Myers,william.myers3112@example.com,Giza,Qatar,2022-02-08
3113,Troy,Arellano,troy.arellano3113@example.com,Jeddah,Germany,2022-05-08
3114,Christina,Gomez,christina.gomez3114@example.com,Amman,France,2026-04-06
3115,Tiffany,Flores,tiffany.flores3115@example.com,Cairo,Qatar,2021-07-23
3116,Anthony,Williams,anthony.williams3116@example.com,London,UAE,2023-06-05
3117,Mary,Bailey,mary.bailey3117@example.com,Cairo,France,2023-12-23
3118,Judy,Johnson,judy.johnson3118@example.com,Riyadh,Jordan,2024-09-12
3119,Patricia,Peterson,patricia.peterson3119@example.com,Jeddah,Germany,2026-01-11
3120,Connor,Reed,connor.reed3120@example.com,Abu Dhabi,Qatar,2026-08-01
3121,Michael,Bell,michael.bell3121@example.com,Cairo,United States,2020-05-11
3122,Donna,Wright,donna.wright3122@example.com,Alexandria,UAE,2023-09-14
3123,Deborah,Watkins,deborah.watkins3123@example.com,London,United States,2026-06-08
3124,Renee,Jones,renee.jones3124@example.com,Jeddah,Germany,2022-04-16
3125,Kevin,Morgan,kevin.morgan3125@example.com,Jeddah,Saudi Arabia,2025-12-29
3126,Andrew,Nguyen,andrew.nguyen3126@example.com,Jeddah,Jordan,2025-04-28
3127,Steven,Boyer,steven.boyer3127@example.com,Giza,Qatar,2026-05-21
3128,Ashley,Valenzuela,ashley.valenzuela3128@example.com,Amman,Kuwait,2021-01-16
3129,Joseph,Dominguez,joseph.dominguez3129@example.com,Alexandria,Saudi Arabia,2026-03-14
3130,Brianna,Odom,brianna.odom3130@example.com,Alexandria,Egypt,2025-06-24
3131,Nicholas,Myers,nicholas.myers3131@example.com,Cairo,UAE,2022-03-26
3132,Ashley,Stokes,ashley.stokes3132@example.com,Giza,Germany,2023-03-08
3133,Craig,Leonard,craig.leonard3133@example.com,Dubai,Jordan,2023-04-07
3134,Matthew,Shaw,matthew.shaw3134@example.com,Berlin,Saudi Arabia,2025-02-05
3135,Kathy,Morgan,kathy.morgan3135@example.com,Cairo,Qatar,2025-10-24
3136,Christina,Cox,christina.cox3136@example.com,Cairo,UAE,2023-08-31
3137,Ryan,Crawford,ryan.crawford3137@example.com,Jeddah,Germany,2021-10-05
3138,Melanie,Cobb,melanie.cobb3138@example.com,Giza,UAE,2026-01-06
3139,Mary,Herrera,mary.herrera3139@example.com,Jeddah,France,2020-10-08
3140,Karl,Williams,karl.williams3140@example.com,Jeddah,Jordan,2021-06-16
3141,Wendy,Morales,wendy.morales3141@example.com,Dubai,Kuwait,2024-11-05
3142,Jeremiah,Newton,jeremiah.newton3142@example.com,Amman,UAE,2026-06-13
3143,Christopher,Richard,christopher.richard3143@example.com,Abu Dhabi,United States,2022-04-11
3144,Cody,Rogers,cody.rogers3144@example.com,Berlin,France,2023-02-02
3145,Carlos,Solis,carlos.solis3145@example.com,Dubai,Egypt,2021-08-07
3146,Thomas,Clark,thomas.clark3146@example.com,Amman,Saudi Arabia,2024-06-23
3147,Laura,Pearson,laura.pearson3147@example.com,London,Jordan,2025-11-23
3148,Kevin,Brock,kevin.brock3148@example.com,Riyadh,United States,2025-07-03
3149,Ryan,Fernandez,ryan.fernandez3149@example.com,Amman,France,2026-06-17
3150,James,Morales,james.morales3150@example.com,Cairo,Saudi Arabia,2023-03-25
3151,Colleen,Chavez,colleen.chavez3151@example.com,Amman,Qatar,2023-05-03
3152,Kathryn,White,kathryn.white3152@example.com,Jeddah,United States,2021-12-18
3153,Andrew,Warner,andrew.warner3153@example.com,Jeddah,Jordan,2022-01-05
3154,Michelle,Ray,michelle.ray3154@example.com,London,Germany,2025-02-18
3155,Jason,Hayden,jason.hayden3155@example.com,Jeddah,UAE,2026-05-18
3156,Judy,Mcdonald,judy.mcdonald3156@example.com,Giza,Germany,2020-06-27
3157,Sharon,Patel,sharon.patel3157@example.com,Dubai,UAE,2023-01-26
3158,Christina,Hammond,christina.hammond3158@example.com,Berlin,Kuwait,2020-09-30
3159,Ryan,Knight,ryan.knight3159@example.com,Dubai,France,2024-08-11
3160,Courtney,Boyd,courtney.boyd3160@example.com,Berlin,Saudi Arabia,2024-02-19
3161,Michael,Hernandez,michael.hernandez3161@example.com,Giza,Saudi Arabia,2025-08-28
3162,Edward,Jennings,edward.jennings3162@example.com,Riyadh,Germany,2025-01-21
3163,Kevin,Graham,kevin.graham3163@example.com,Alexandria,Kuwait,2022-04-29
3164,Lucas,Greer,lucas.greer3164@example.com,Berlin,Egypt,2025-03-08
3165,Caleb,Harris,caleb.harris3165@example.com,Cairo,Saudi Arabia,2025-03-06
3166,Robert,Colon,robert.colon3166@example.com,Jeddah,Qatar,2024-06-23
3167,Debbie,Scott,debbie.scott3167@example.com,Dubai,Germany,2020-06-03
3168,Carolyn,Sullivan,carolyn.sullivan3168@example.com,Cairo,Kuwait,2021-04-14
3169,Daniel,Lee,daniel.lee3169@example.com,Alexandria,Qatar,2025-03-16
3170,John,Wilcox,john.wilcox3170@example.com,Amman,France,2020-10-06
3171,Steven,Castro,steven.castro3171@example.com,Giza,United Kingdom,2022-09-19
3172,Ryan,Lucas,ryan.lucas3172@example.com,Amman,UAE,2025-04-12
3173,Benjamin,Moore,benjamin.moore3173@example.com,Abu Dhabi,UAE,2021-11-29
3174,Derek,Green,derek.green3174@example.com,Cairo,United States,2021-02-15
3175,Linda,Hopkins,linda.hopkins3175@example.com,Alexandria,Kuwait,2021-05-23
3176,Gregory,Phelps,gregory.phelps3176@example.com,Berlin,Germany,2021-11-20
3177,Tamara,Tucker,tamara.tucker3177@example.com,Giza,Egypt,2023-01-24
3178,Andrew,Heath,andrew.heath3178@example.com,Alexandria,France,2024-01-06
3179,Christopher,Guzman,christopher.guzman3179@example.com,Alexandria,Jordan,2020-05-21
3180,Michelle,Lester,michelle.lester3180@example.com,Berlin,Jordan,2024-12-15
3181,Richard,Cox,richard.cox3181@example.com,Cairo,United Kingdom,2021-02-25
3182,Diane,Davis,diane.davis3182@example.com,Jeddah,Kuwait,2024-12-23
3183,Sherry,Ramsey,sherry.ramsey3183@example.com,Cairo,United States,2020-01-20
3184,Donald,Rodriguez,donald.rodriguez3184@example.com,Cairo,Germany,2022-04-06
3185,Jessica,Fitzpatrick,jessica.fitzpatrick3185@example.com,Dubai,Qatar,2022-09-04
3186,Alejandra,Calderon,alejandra.calderon3186@example.com,Dubai,Saudi Arabia,2020-03-06
3187,Stephanie,Huynh,stephanie.huynh3187@example.com,Jeddah,Egypt,2020-02-29
3188,Johnathan,Wilkerson,johnathan.wilkerson3188@example.com,Riyadh,Jordan,2020-09-15
3189,John,Martinez,john.martinez3189@example.com,Dubai,Saudi Arabia,2021-11-18
3190,Lindsay,Murphy,lindsay.murphy3190@example.com,Alexandria,Egypt,2024-08-29
3191,Breanna,Price,breanna.price3191@example.com,Berlin,Saudi Arabia,2023-09-01
3192,Kaitlin,Young,kaitlin.young3192@example.com,Riyadh,United Kingdom,2022-02-15
3193,Rodney,Thomas,rodney.thomas3193@example.com,London,Jordan,2026-01-27
3194,Gregory,Booker,gregory.booker3194@example.com,Jeddah,Germany,2021-05-09
3195,Scott,King,scott.king3195@example.com,Dubai,Jordan,2021-03-09
3196,Bridget,Henry,bridget.henry3196@example.com,Riyadh,Qatar,2021-12-12
3197,Nicholas,Fry,nicholas.fry3197@example.com,Cairo,Germany,2023-07-19
3198,Leslie,Coleman,leslie.coleman3198@example.com,Cairo,Germany,2022-05-21
3199,Felicia,Richmond,felicia.richmond3199@example.com,Amman,Jordan,2020-09-27
3200,Natasha,Giles,natasha.giles3200@example.com,Abu Dhabi,United States,2024-02-20
3201,Michael,Baldwin,michael.baldwin3201@example.com,Cairo,Saudi Arabia,2022-06-14
3202,Lori,Smith,lori.smith3202@example.com,Jeddah,Kuwait,2025-08-08
3203,Tammy,Obrien,tammy.obrien3203@example.com,Giza,United Kingdom,2026-05-20
3204,Mckenzie,Bates,mckenzie.bates3204@example.com,Alexandria,Kuwait,2021-01-23
3205,Shelley,Vazquez,shelley.vazquez3205@example.com,London,Qatar,2024-05-10
3206,Kristina,Allen,kristina.allen3206@example.com,Alexandria,Qatar,2021-12-19
3207,Angela,Parker,angela.parker3207@example.com,Riyadh,France,2020-10-03
3208,Susan,Cox,susan.cox3208@example.com,Riyadh,Egypt,2026-07-24
3209,Lisa,Martinez,lisa.martinez3209@example.com,Amman,Germany,2025-09-24
3210,Michelle,Mathews,michelle.mathews3210@example.com,Dubai,United Kingdom,2026-08-03
3211,Paul,Browning,paul.browning3211@example.com,Cairo,Jordan,2020-03-27
3212,Phillip,Spence,phillip.spence3212@example.com,London,Saudi Arabia,2023-06-19
3213,Jonathan,Davis,jonathan.davis3213@example.com,Dubai,Germany,2022-09-24
3214,Mackenzie,Young,mackenzie.young3214@example.com,London,Saudi Arabia,2020-09-02
3215,Jason,Zamora,jason.zamora3215@example.com,Alexandria,Qatar,2025-08-04
3216,Ruth,Welch,ruth.welch3216@example.com,Abu Dhabi,Jordan,2021-09-13
3217,Natasha,Wang,natasha.wang3217@example.com,Jeddah,Jordan,2020-06-04
3218,Richard,Johnson,richard.johnson3218@example.com,Dubai,United States,2024-12-22
3219,Michelle,Morrow,michelle.morrow3219@example.com,Riyadh,UAE,2023-02-13
3220,Shelby,Ruiz,shelby.ruiz3220@example.com,Riyadh,Egypt,2025-11-03
3221,Robert,Randall,robert.randall3221@example.com,Jeddah,Kuwait,2020-04-07
3222,Jennifer,Mcdowell,jennifer.mcdowell3222@example.com,Dubai,Qatar,2023-11-04
3223,Lori,Holloway,lori.holloway3223@example.com,Dubai,Jordan,2026-01-18
3224,Holly,Hunter,holly.hunter3224@example.com,Cairo,Jordan,2022-06-30
3225,Michael,Guzman,michael.guzman3225@example.com,London,Germany,2025-11-05
3226,Lisa,Rojas,lisa.rojas3226@example.com,Riyadh,UAE,2024-12-16
3227,Shawn,Johnson,shawn.johnson3227@example.com,Cairo,Saudi Arabia,2025-07-06
3228,Brett,May,brett.may3228@example.com,Giza,Jordan,2020-08-01
3229,Crystal,Gibbs,crystal.gibbs3229@example.com,Alexandria,Jordan,2021-05-29
3230,Derek,Morales,derek.morales3230@example.com,Giza,UAE,2026-08-24
3231,Courtney,Edwards,courtney.edwards3231@example.com,Berlin,Jordan,2022-08-25
3232,Christopher,Moore,christopher.moore3232@example.com,Berlin,Saudi Arabia,2024-10-11
3233,Zachary,Booker,zachary.booker3233@example.com,Amman,Kuwait,2021-11-03
3234,Maria,Hines,maria.hines3234@example.com,Dubai,Jordan,2024-10-02
3235,Melanie,Jennings,melanie.jennings3235@example.com,Alexandria,United States,2022-10-16
3236,Laura,Flores,laura.flores3236@example.com,Abu Dhabi,Kuwait,2026-06-19
3237,Timothy,Moss,timothy.moss3237@example.com,Amman,Jordan,2023-01-18
3238,Jorge,Mcdaniel,jorge.mcdaniel3238@example.com,Amman,Saudi Arabia,2024-01-12
3239,Margaret,Marsh,margaret.marsh3239@example.com,Jeddah,Germany,2021-11-18
3240,James,Perry,james.perry3240@example.com,Amman,France,2024-09-27
3241,Hunter,Walter,hunter.walter3241@example.com,Berlin,United States,2024-11-10
3242,Shirley,Wilkerson,shirley.wilkerson3242@example.com,Alexandria,France,2020-03-22
3243,Jeffrey,Vaughan,jeffrey.vaughan3243@example.com,Jeddah,Germany,2020-12-06
3244,Sandra,Holland,sandra.holland3244@example.com,Abu Dhabi,United States,2026-01-09
3245,Courtney,Meadows,courtney.meadows3245@example.com,Alexandria,United Kingdom,2021-12-20
3246,Terri,Gonzalez,terri.gonzalez3246@example.com,Abu Dhabi,Germany,2025-03-14
3247,Jacqueline,Jackson,jacqueline.jackson3247@example.com,Abu Dhabi,France,2023-03-06
3248,Richard,Patterson,richard.patterson3248@example.com,Jeddah,United Kingdom,2025-05-23
3249,Jorge,Davis,jorge.davis3249@example.com,Giza,Qatar,2021-07-13
3250,Micheal,Valentine,micheal.valentine3250@example.com,Amman,Jordan,2021-09-25
3251,David,Higgins,david.higgins3251@example.com,Dubai,Egypt,2020-02-22
3252,Ryan,Mora,ryan.mora3252@example.com,Berlin,Qatar,2025-07-05
3253,Shawn,Nunez,shawn.nunez3253@example.com,Jeddah,Germany,2024-06-04
3254,David,Reeves,david.reeves3254@example.com,Riyadh,Germany,2025-06-28
3255,James,Atkins,james.atkins3255@example.com,Abu Dhabi,United States,2020-10-18
3256,Kimberly,Roberts,kimberly.roberts3256@example.com,Jeddah,Egypt,2021-05-24
3257,Troy,Anderson,troy.anderson3257@example.com,Jeddah,United States,2021-10-27
3258,Melissa,Greene,melissa.greene3258@example.com,Dubai,Germany,2022-11-11
3259,Wanda,Campbell,wanda.campbell3259@example.com,Riyadh,United Kingdom,2025-06-24
3260,Erica,Barnes,erica.barnes3260@example.com,Riyadh,Egypt,2024-04-27
3261,Ricky,Thomas,ricky.thomas3261@example.com,Jeddah,Jordan,2022-09-19
3262,Kelly,Green,kelly.green3262@example.com,Amman,Egypt,2024-01-20
3263,Christine,Solomon,christine.solomon3263@example.com,Cairo,UAE,2022-12-06
3264,Mike,Sutton,mike.sutton3264@example.com,London,France,2021-08-26
3265,Stephen,Smith,stephen.smith3265@example.com,Abu Dhabi,Jordan,2026-06-26
3266,Dean,Morris,dean.morris3266@example.com,Alexandria,Egypt,2021-04-23
3267,Heather,Mcdaniel,heather.mcdaniel3267@example.com,Giza,Germany,2024-06-16
3268,Jennifer,Erickson,jennifer.erickson3268@example.com,London,Saudi Arabia,2025-10-24
3269,Jill,Scott,jill.scott3269@example.com,Dubai,Germany,2021-11-10
3270,Cody,Brown,cody.brown3270@example.com,Jeddah,Kuwait,2023-05-22
3271,Marvin,Young,marvin.young3271@example.com,Berlin,United Kingdom,2024-04-16
3272,Rebekah,Barajas,rebekah.barajas3272@example.com,London,Kuwait,2024-08-12
3273,Sheila,Coffey,sheila.coffey3273@example.com,Giza,Saudi Arabia,2026-06-03
3274,Carmen,Goodman,carmen.goodman3274@example.com,Riyadh,UAE,2023-01-06
3275,Brandon,King,brandon.king3275@example.com,Dubai,Germany,2023-06-15
3276,Christine,Turner,christine.turner3276@example.com,Cairo,UAE,2025-07-07
3277,Ralph,Wood,ralph.wood3277@example.com,Cairo,Saudi Arabia,2020-10-13
3278,Tammy,Hansen,tammy.hansen3278@example.com,Jeddah,United Kingdom,2024-09-03
3279,Beverly,Green,beverly.green3279@example.com,Abu Dhabi,Germany,2021-11-29
3280,William,Conrad,william.conrad3280@example.com,Alexandria,Qatar,2022-02-02
3281,Natalie,Anderson,natalie.anderson3281@example.com,Alexandria,Jordan,2025-06-15
3282,Logan,Moreno,logan.moreno3282@example.com,Alexandria,United Kingdom,2021-03-27
3283,Donald,Wilson,donald.wilson3283@example.com,Amman,United States,2022-05-20
3284,Bradley,Anderson,bradley.anderson3284@example.com,Alexandria,Jordan,2020-08-29
3285,Monica,Davenport,monica.davenport3285@example.com,Alexandria,Jordan,2022-11-28
3286,Julie,Howe,julie.howe3286@example.com,Jeddah,France,2021-03-23
3287,Justin,Mcdowell,justin.mcdowell3287@example.com,Alexandria,Saudi Arabia,2023-04-15
3288,Chloe,Juarez,chloe.juarez3288@example.com,Giza,Germany,2021-05-25
3289,Joseph,Edwards,joseph.edwards3289@example.com,Abu Dhabi,Saudi Arabia,2023-11-02
3290,Patricia,Stewart,patricia.stewart3290@example.com,Cairo,United States,2022-08-19
3291,Virginia,Gallagher,virginia.gallagher3291@example.com,Amman,France,2021-02-16
3292,Edward,Farrell,edward.farrell3292@example.com,Cairo,Egypt,2022-12-25
3293,Diane,Yates,diane.yates3293@example.com,Cairo,United States,2020-06-20
3294,Brian,Hernandez,brian.hernandez3294@example.com,Giza,Jordan,2025-11-09
3295,Jerry,Johnson,jerry.johnson3295@example.com,Cairo,Germany,2025-10-31
3296,Jorge,Mccarthy,jorge.mccarthy3296@example.com,Abu Dhabi,France,2025-04-22
3297,Samuel,Carney,samuel.carney3297@example.com,Riyadh,United States,2024-10-25
3298,Sara,Williams,sara.williams3298@example.com,Riyadh,Qatar,2023-11-06
3299,Michael,Fletcher,michael.fletcher3299@example.com,Riyadh,Jordan,2024-01-19
3300,Todd,Vasquez,todd.vasquez3300@example.com,Jeddah,Germany,2020-08-22
3301,Meghan,Camacho,meghan.camacho3301@example.com,Riyadh,Qatar,2021-02-14
3302,David,Davis,david.davis3302@example.com,Cairo,France,2024-07-03
3303,Miranda,White,miranda.white3303@example.com,Alexandria,Egypt,2021-05-18
3304,Gary,Hicks,gary.hicks3304@example.com,Berlin,Kuwait,2022-10-15
3305,Joshua,Macdonald,joshua.macdonald3305@example.com,Riyadh,France,2025-04-30
3306,Brenda,Silva,brenda.silva3306@example.com,Berlin,Germany,2022-02-08
3307,Teresa,Fox,teresa.fox3307@example.com,Cairo,Qatar,2020-03-09
3308,Ashley,Butler,ashley.butler3308@example.com,Riyadh,Egypt,2023-08-26
3309,Chase,Tate,chase.tate3309@example.com,Amman,Jordan,2025-06-07
3310,Erica,Clay,erica.clay3310@example.com,Jeddah,United States,2020-11-29
3311,Anthony,Maldonado,anthony.maldonado3311@example.com,Riyadh,Germany,2025-05-04
3312,Erin,Long,erin.long3312@example.com,Giza,Germany,2023-04-18
3313,Brittany,Bean,brittany.bean3313@example.com,London,Jordan,2021-08-09
3314,Mary,Hernandez,mary.hernandez3314@example.com,Berlin,United States,2025-08-28
3315,Christopher,Rivas,christopher.rivas3315@example.com,Cairo,UAE,2025-08-01
3316,Donna,Gibson,donna.gibson3316@example.com,Giza,Kuwait,2026-02-25
3317,Stephanie,Wheeler,stephanie.wheeler3317@example.com,Amman,UAE,2025-01-01
3318,Adam,Booker,adam.booker3318@example.com,Giza,France,2026-01-23
3319,Diana,Tapia,diana.tapia3319@example.com,Dubai,Jordan,2022-05-16
3320,Mark,Dennis,mark.dennis3320@example.com,Alexandria,Saudi Arabia,2021-03-08
3321,Jessica,Bernard,jessica.bernard3321@example.com,Jeddah,Egypt,2021-10-18
3322,Ashley,Lewis,ashley.lewis3322@example.com,Riyadh,Germany,2023-02-22
3323,Brandon,Schneider,brandon.schneider3323@example.com,Dubai,Kuwait,2025-05-04
3324,Marcus,Brown,marcus.brown3324@example.com,Giza,UAE,2025-12-29
3325,Chad,Crane,chad.crane3325@example.com,Amman,Saudi Arabia,2023-09-25
3326,Patrick,Ross,patrick.ross3326@example.com,Dubai,United States,2020-09-21
3327,Gregory,Hanna,gregory.hanna3327@example.com,Riyadh,Germany,2024-04-12
3328,Michelle,Davis,michelle.davis3328@example.com,Berlin,Germany,2022-08-13
3329,Melissa,Martin,melissa.martin3329@example.com,Dubai,Kuwait,2021-04-18
3330,Kimberly,Mitchell,kimberly.mitchell3330@example.com,Abu Dhabi,Saudi Arabia,2021-04-01
3331,Karen,Valdez,karen.valdez3331@example.com,Giza,Qatar,2026-08-22
3332,David,Henry,david.henry3332@example.com,Dubai,Saudi Arabia,2026-06-04
3333,Ryan,Drake,ryan.drake3333@example.com,Riyadh,UAE,2023-07-07
3334,Kyle,Cohen,kyle.cohen3334@example.com,Jeddah,United States,2020-01-07
3335,David,Wade,david.wade3335@example.com,Abu Dhabi,Egypt,2026-08-13
3336,Marilyn,Hunt,marilyn.hunt3336@example.com,Berlin,Jordan,2024-05-08
3337,Tracy,Mcclure,tracy.mcclure3337@example.com,Jeddah,Qatar,2024-02-04
3338,Thomas,Hart,thomas.hart3338@example.com,Alexandria,United Kingdom,2026-08-16
3339,Rodney,Avila,rodney.avila3339@example.com,Dubai,Saudi Arabia,2024-06-07
3340,Lisa,Austin,lisa.austin3340@example.com,Cairo,United Kingdom,2025-03-01
3341,Ryan,Simmons,ryan.simmons3341@example.com,Riyadh,UAE,2023-04-30
3342,Billy,Peterson,billy.peterson3342@example.com,Dubai,France,2025-02-09
3343,Steven,Walker,steven.walker3343@example.com,Alexandria,United States,2023-03-06
3344,Gina,Moore,gina.moore3344@example.com,Alexandria,Egypt,2023-08-04
3345,Tyler,Soto,tyler.soto3345@example.com,Abu Dhabi,United Kingdom,2021-05-20
3346,Alicia,Roberts,alicia.roberts3346@example.com,Abu Dhabi,United States,2025-05-13
3347,Samuel,Solomon,samuel.solomon3347@example.com,Dubai,France,2023-04-08
3348,Tim,Hernandez,tim.hernandez3348@example.com,Jeddah,Egypt,2023-09-26
3349,David,Leach,david.leach3349@example.com,Alexandria,Jordan,2022-07-10
3350,Mckenzie,Mills,mckenzie.mills3350@example.com,Cairo,UAE,2025-06-19
3351,Kenneth,Williams,kenneth.williams3351@example.com,Jeddah,Kuwait,2021-10-14
3352,Charles,Williams,charles.williams3352@example.com,Cairo,United Kingdom,2024-05-25
3353,Daniel,Coleman,daniel.coleman3353@example.com,Riyadh,Germany,2025-04-23
3354,Cody,Guerrero,cody.guerrero3354@example.com,Riyadh,Germany,2024-05-20
3355,Ashley,King,ashley.king3355@example.com,Giza,United Kingdom,2023-03-05
3356,Jonathan,Miller,jonathan.miller3356@example.com,Abu Dhabi,Jordan,2026-02-22
3357,Wesley,Wilson,wesley.wilson3357@example.com,Jeddah,Saudi Arabia,2021-06-20
3358,Dorothy,White,dorothy.white3358@example.com,Riyadh,United States,2020-08-09
3359,Ian,Long,ian.long3359@example.com,Abu Dhabi,France,2021-11-01
3360,Christopher,Mcdowell,christopher.mcdowell3360@example.com,London,UAE,2024-12-14
3361,Kenneth,Matthews,kenneth.matthews3361@example.com,Amman,Kuwait,2021-08-16
3362,Spencer,Santiago,spencer.santiago3362@example.com,Dubai,Jordan,2022-03-12
3363,Cindy,Baker,cindy.baker3363@example.com,Cairo,Qatar,2026-06-15
3364,Tammy,Savage,tammy.savage3364@example.com,Giza,UAE,2024-03-22
3365,Jacob,Lopez,jacob.lopez3365@example.com,Jeddah,UAE,2020-08-18
3366,Julie,Munoz,julie.munoz3366@example.com,Giza,Qatar,2025-04-24
3367,Monica,Rodriguez,monica.rodriguez3367@example.com,Alexandria,Egypt,2021-04-25
3368,Amanda,Smith,amanda.smith3368@example.com,Berlin,Qatar,2026-08-27
3369,Darryl,Jackson,darryl.jackson3369@example.com,Jeddah,UAE,2024-07-12
3370,Thomas,Holt,thomas.holt3370@example.com,Dubai,Egypt,2021-05-01
3371,Misty,Church,misty.church3371@example.com,Dubai,Germany,2025-06-24
3372,Carolyn,Tucker,carolyn.tucker3372@example.com,Abu Dhabi,United States,2021-12-07
3373,Christine,Dickson,christine.dickson3373@example.com,Jeddah,Saudi Arabia,2025-03-14
3374,Michael,Nunez,michael.nunez3374@example.com,Jeddah,Kuwait,2024-12-28
3375,Hannah,Foster,hannah.foster3375@example.com,Riyadh,Egypt,2021-05-06
3376,Kevin,Martinez,kevin.martinez3376@example.com,Giza,Saudi Arabia,2021-05-14
3377,Alexander,Rodriguez,alexander.rodriguez3377@example.com,Amman,United Kingdom,2022-07-10
3378,Allen,Waller,allen.waller3378@example.com,Cairo,United States,2026-06-04
3379,Michele,Clark,michele.clark3379@example.com,London,France,2023-01-26
3380,Deborah,Santos,deborah.santos3380@example.com,Giza,United States,2022-01-11
3381,Ryan,Garrett,ryan.garrett3381@example.com,Jeddah,France,2024-11-11
3382,Kristy,Lee,kristy.lee3382@example.com,Abu Dhabi,United States,2021-05-27
3383,Kevin,Ford,kevin.ford3383@example.com,Giza,Qatar,2020-09-17
3384,Thomas,Johnson,thomas.johnson3384@example.com,Berlin,UAE,2024-07-18
3385,Gabriel,Hernandez,gabriel.hernandez3385@example.com,Cairo,Germany,2026-03-27
3386,Jacqueline,Maynard,jacqueline.maynard3386@example.com,Berlin,United Kingdom,2025-06-24
3387,Thomas,Heath,thomas.heath3387@example.com,Giza,United Kingdom,2026-07-23
3388,Brenda,Harris,brenda.harris3388@example.com,Berlin,Saudi Arabia,2022-04-29
3389,Ashley,Bass,ashley.bass3389@example.com,Giza,UAE,2022-01-07
3390,Brent,Smith,brent.smith3390@example.com,Cairo,United Kingdom,2025-01-05
3391,Crystal,Marquez,crystal.marquez3391@example.com,Riyadh,Saudi Arabia,2020-06-09
3392,Tiffany,Allison,tiffany.allison3392@example.com,Alexandria,United States,2022-04-24
3393,Jillian,Larson,jillian.larson3393@example.com,Alexandria,Saudi Arabia,2026-04-22
3394,Angela,Roberts,angela.roberts3394@example.com,Abu Dhabi,Egypt,2020-12-12
3395,Tony,Tucker,tony.tucker3395@example.com,Giza,United Kingdom,2023-05-07
3396,Brittany,Carr,brittany.carr3396@example.com,Riyadh,United Kingdom,2021-12-03
3397,Erika,Velasquez,erika.velasquez3397@example.com,Jeddah,Egypt,2022-10-14
3398,Tony,Klein,tony.klein3398@example.com,Abu Dhabi,Egypt,2025-10-28
3399,Allison,Henderson,allison.henderson3399@example.com,Abu Dhabi,United Kingdom,2024-12-27
3400,Leslie,Brown,leslie.brown3400@example.com,Alexandria,United States,2025-07-01
3401,Patricia,Butler,patricia.butler3401@example.com,Riyadh,United Kingdom,2023-12-13
3402,Thomas,Simpson,thomas.simpson3402@example.com,London,United Kingdom,2025-09-22
3403,Sheila,Reed,sheila.reed3403@example.com,Dubai,Saudi Arabia,2020-07-02
3404,Heidi,Smith,heidi.smith3404@example.com,Dubai,Egypt,2022-02-09
3405,Keith,Lee,keith.lee3405@example.com,Alexandria,Kuwait,2022-05-31
3406,Maurice,Hall,maurice.hall3406@example.com,Alexandria,United States,2026-03-11
3407,Jeffrey,Stout,jeffrey.stout3407@example.com,Dubai,United States,2024-01-10
3408,Matthew,Guzman,matthew.guzman3408@example.com,Abu Dhabi,UAE,2024-09-24
3409,Megan,Sandoval,megan.sandoval3409@example.com,Giza,United Kingdom,2022-11-10
3410,David,Carter,david.carter3410@example.com,Abu Dhabi,Germany,2021-10-30
3411,Jennifer,Moyer,jennifer.moyer3411@example.com,Jeddah,France,2020-12-07
3412,Marissa,Nunez,marissa.nunez3412@example.com,Abu Dhabi,Germany,2021-08-09
3413,Jessica,Flynn,jessica.flynn3413@example.com,Berlin,Jordan,2020-10-16
3414,Lauren,Richard,lauren.richard3414@example.com,Abu Dhabi,Jordan,2024-03-04
3415,Christy,Campbell,christy.campbell3415@example.com,London,United Kingdom,2021-11-02
3416,Kara,Estrada,kara.estrada3416@example.com,Jeddah,UAE,2023-07-19
3417,David,Gonzalez,david.gonzalez3417@example.com,Jeddah,Germany,2020-04-16
3418,Catherine,Garcia,catherine.garcia3418@example.com,London,Jordan,2020-11-13
3419,Robert,Chaney,robert.chaney3419@example.com,Abu Dhabi,Saudi Arabia,2025-12-16
3420,Kevin,Clark,kevin.clark3420@example.com,Giza,United Kingdom,2024-07-24
3421,Brandon,Smith,brandon.smith3421@example.com,Giza,Qatar,2020-12-30
3422,Nicole,Kelly,nicole.kelly3422@example.com,Riyadh,Qatar,2023-01-24
3423,Eric,Clayton,eric.clayton3423@example.com,Alexandria,Jordan,2023-01-25
3424,Patricia,Johnson,patricia.johnson3424@example.com,Cairo,Saudi Arabia,2024-03-24
3425,Bryce,Jordan,bryce.jordan3425@example.com,Dubai,Germany,2021-03-06
3426,Christina,Martinez,christina.martinez3426@example.com,Giza,UAE,2025-11-26
3427,Jeffrey,Scott,jeffrey.scott3427@example.com,Abu Dhabi,United States,2025-06-28
3428,Matthew,Kelly,matthew.kelly3428@example.com,Giza,United Kingdom,2023-11-30
3429,Brandon,Rich,brandon.rich3429@example.com,London,Kuwait,2026-03-09
3430,Joseph,Hernandez,joseph.hernandez3430@example.com,Abu Dhabi,United States,2021-02-09
3431,Hannah,Robertson,hannah.robertson3431@example.com,Cairo,UAE,2023-07-26
3432,Elizabeth,Mccarthy,elizabeth.mccarthy3432@example.com,Jeddah,UAE,2023-11-14
3433,Sara,Kim,sara.kim3433@example.com,Berlin,United Kingdom,2026-09-01
3434,Stephen,Skinner,stephen.skinner3434@example.com,Jeddah,France,2026-08-23
3435,Daniel,Rodriguez,daniel.rodriguez3435@example.com,Alexandria,Kuwait,2020-02-08
3436,Cheryl,Casey,cheryl.casey3436@example.com,Berlin,UAE,2021-06-01
3437,Stacey,Colon,stacey.colon3437@example.com,Alexandria,Germany,2026-05-13
3438,Bobby,Garcia,bobby.garcia3438@example.com,Abu Dhabi,Egypt,2024-02-25
3439,Crystal,Pitts,crystal.pitts3439@example.com,Dubai,United States,2024-09-09
3440,Rhonda,Moore,rhonda.moore3440@example.com,Amman,UAE,2024-12-02
3441,Kelly,Alexander,kelly.alexander3441@example.com,Riyadh,France,2025-08-19
3442,William,Oconnor,william.oconnor3442@example.com,Abu Dhabi,Kuwait,2024-10-18
3443,Cory,Holland,cory.holland3443@example.com,Berlin,Jordan,2023-06-04
3444,Matthew,Taylor,matthew.taylor3444@example.com,Giza,Kuwait,2024-07-23
3445,Melinda,Gonzales,melinda.gonzales3445@example.com,Riyadh,Saudi Arabia,2020-11-21
3446,Robert,Mack,robert.mack3446@example.com,Giza,Jordan,2021-01-18
3447,John,Lamb,john.lamb3447@example.com,Alexandria,United States,2020-08-23
3448,Matthew,Wagner,matthew.wagner3448@example.com,Giza,Kuwait,2026-03-19
3449,Christopher,Watson,christopher.watson3449@example.com,Amman,Egypt,2024-10-02
3450,Kari,Ward,kari.ward3450@example.com,Berlin,UAE,2025-05-18
3451,Elizabeth,Hernandez,elizabeth.hernandez3451@example.com,Amman,United Kingdom,2025-12-20
3452,Karen,Fisher,karen.fisher3452@example.com,Giza,Germany,2020-02-26
3453,Jeremy,Pham,jeremy.pham3453@example.com,London,Jordan,2020-01-30
3454,Robert,Ortiz,robert.ortiz3454@example.com,Jeddah,United Kingdom,2023-11-14
3455,Stephen,Phelps,stephen.phelps3455@example.com,Dubai,United Kingdom,2020-06-22
3456,Laura,Cox,laura.cox3456@example.com,London,France,2021-11-21
3457,Anthony,Thomas,anthony.thomas3457@example.com,Berlin,Jordan,2021-12-17
3458,Alejandro,Drake,alejandro.drake3458@example.com,Giza,Qatar,2021-06-30
3459,Sherry,Miller,sherry.miller3459@example.com,Berlin,Qatar,2020-07-27
3460,Leroy,Holden,leroy.holden3460@example.com,Jeddah,France,2024-04-01
3461,Frank,Brown,frank.brown3461@example.com,Alexandria,Qatar,2021-04-08
3462,Katherine,Keller,katherine.keller3462@example.com,Riyadh,Jordan,2026-01-17
3463,Darlene,Orr,darlene.orr3463@example.com,Giza,Kuwait,2023-05-10
3464,Brian,Welch,brian.welch3464@example.com,Amman,Kuwait,2022-12-20
3465,Jennifer,Guerrero,jennifer.guerrero3465@example.com,Dubai,Egypt,2026-05-18
3466,April,Phillips,april.phillips3466@example.com,Jeddah,Jordan,2023-06-02
3467,Richard,Becker,richard.becker3467@example.com,Berlin,Egypt,2025-03-11
3468,Angela,Torres,angela.torres3468@example.com,London,France,2020-08-23
3469,Julia,Blankenship,julia.blankenship3469@example.com,Riyadh,Egypt,2025-02-28
3470,Alan,Ramirez,alan.ramirez3470@example.com,Riyadh,Kuwait,2023-12-20
3471,Allison,Knapp,allison.knapp3471@example.com,Giza,Egypt,2023-12-03
3472,Isabella,Griffin,isabella.griffin3472@example.com,Alexandria,Germany,2023-12-23
3473,Jamie,Stephens,jamie.stephens3473@example.com,Cairo,Saudi Arabia,2024-10-30
3474,Kristina,Pearson,kristina.pearson3474@example.com,Amman,Jordan,2020-12-13
3475,Heidi,Barron,heidi.barron3475@example.com,Berlin,United Kingdom,2021-09-21
3476,Kimberly,Sullivan,kimberly.sullivan3476@example.com,Jeddah,Saudi Arabia,2025-06-19
3477,James,Turner,james.turner3477@example.com,Cairo,UAE,2022-10-21
3478,Benjamin,Cook,benjamin.cook3478@example.com,Dubai,France,2024-06-07
3479,Jessica,Singh,jessica.singh3479@example.com,Riyadh,Kuwait,2024-02-01
3480,David,Braun,david.braun3480@example.com,Jeddah,UAE,2026-01-06
3481,Justin,Davis,justin.davis3481@example.com,Abu Dhabi,Saudi Arabia,2024-12-01
3482,Andrea,Boyd,andrea.boyd3482@example.com,Amman,UAE,2021-07-26
3483,Katherine,Moore,katherine.moore3483@example.com,Riyadh,Germany,2020-01-24
3484,Anthony,Hogan,anthony.hogan3484@example.com,Riyadh,Jordan,2021-03-29
3485,Brittany,Allen,brittany.allen3485@example.com,Dubai,Kuwait,2020-06-13
3486,Kim,Barber,kim.barber3486@example.com,Alexandria,Germany,2024-09-20
3487,Valerie,Rodriguez,valerie.rodriguez3487@example.com,Riyadh,Egypt,2021-10-18
3488,Brian,Watson,brian.watson3488@example.com,Dubai,France,2022-12-24
3489,Courtney,Gomez,courtney.gomez3489@example.com,Giza,Germany,2025-06-26
3490,Brandon,Curtis,brandon.curtis3490@example.com,Berlin,France,2021-06-05
3491,David,Evans,david.evans3491@example.com,Riyadh,Germany,2025-08-17
3492,Jillian,Chavez,jillian.chavez3492@example.com,Jeddah,UAE,2021-03-25
3493,Tonya,Trujillo,tonya.trujillo3493@example.com,Giza,Egypt,2021-05-31
3494,Vanessa,Cunningham,vanessa.cunningham3494@example.com,Alexandria,Qatar,2025-08-10
3495,Patricia,Burton,patricia.burton3495@example.com,Cairo,Jordan,2020-08-01
3496,Amanda,Larson,amanda.larson3496@example.com,Riyadh,Germany,2026-09-11
3497,Michael,Mitchell,michael.mitchell3497@example.com,Cairo,Germany,2025-05-20
3498,Kristen,Espinoza,kristen.espinoza3498@example.com,Abu Dhabi,Kuwait,2025-06-13
3499,Emily,Klein,emily.klein3499@example.com,Giza,Germany,2022-10-11
3500,April,Wright,april.wright3500@example.com,London,UAE,2025-09-25
3501,Mark,Aguilar,mark.aguilar3501@example.com,Alexandria,Jordan,2023-02-25
3502,Mackenzie,Ward,mackenzie.ward3502@example.com,Giza,Kuwait,2022-10-10
3503,Corey,Dawson,corey.dawson3503@example.com,Jeddah,Jordan,2025-04-25
3504,Maria,Miller,maria.miller3504@example.com,Giza,United Kingdom,2022-01-12
3505,Bryan,Beasley,bryan.beasley3505@example.com,Dubai,United States,2021-09-01
3506,Thomas,Griffin,thomas.griffin3506@example.com,Dubai,Saudi Arabia,2021-06-25
3507,Mike,Fox,mike.fox3507@example.com,Jeddah,Egypt,2023-01-26
3508,Brianna,Stone,brianna.stone3508@example.com,Dubai,UAE,2024-10-12
3509,Ralph,Baker,ralph.baker3509@example.com,Cairo,United States,2022-03-28
3510,Victor,Henderson,victor.henderson3510@example.com,Giza,Egypt,2024-04-06
3511,Scott,Galvan,scott.galvan3511@example.com,Jeddah,United Kingdom,2023-06-09
3512,Tracy,Mcpherson,tracy.mcpherson3512@example.com,Dubai,Jordan,2023-10-08
3513,Madison,Thomas,madison.thomas3513@example.com,Jeddah,France,2020-09-08
3514,David,Dawson,david.dawson3514@example.com,Berlin,Germany,2020-07-30
3515,David,Bush,david.bush3515@example.com,Abu Dhabi,Saudi Arabia,2023-01-07
3516,Michelle,Wilson,michelle.wilson3516@example.com,Riyadh,Kuwait,2023-12-08
3517,Jason,Kennedy,jason.kennedy3517@example.com,Jeddah,Jordan,2023-08-03
3518,Julie,Raymond,julie.raymond3518@example.com,Cairo,UAE,2020-06-16
3519,Mike,Crane,mike.crane3519@example.com,Cairo,Egypt,2023-08-10
3520,Carolyn,Ortiz,carolyn.ortiz3520@example.com,Dubai,Kuwait,2025-04-17
3521,David,Armstrong,david.armstrong3521@example.com,Abu Dhabi,United States,2021-02-16
3522,Billy,Hernandez,billy.hernandez3522@example.com,Jeddah,UAE,2022-10-30
3523,Nathan,Ritter,nathan.ritter3523@example.com,Amman,Qatar,2023-10-01
3524,Kevin,Tucker,kevin.tucker3524@example.com,Abu Dhabi,Saudi Arabia,2021-01-31
3525,Kylie,Thomas,kylie.thomas3525@example.com,Cairo,United Kingdom,2021-06-17
3526,Brittany,Williams,brittany.williams3526@example.com,Riyadh,Qatar,2024-01-20
3527,Patricia,Small,patricia.small3527@example.com,London,United Kingdom,2024-03-02
3528,Jason,Fuentes,jason.fuentes3528@example.com,Dubai,Kuwait,2022-05-10
3529,Tracy,Martinez,tracy.martinez3529@example.com,London,Germany,2020-12-23
3530,Michael,Harrell,michael.harrell3530@example.com,Giza,UAE,2021-05-07
3531,Robert,Berry,robert.berry3531@example.com,Cairo,United States,2022-02-19
3532,Ariel,Mccullough,ariel.mccullough3532@example.com,Dubai,France,2021-02-08
3533,Kimberly,Alvarez,kimberly.alvarez3533@example.com,Giza,United Kingdom,2023-11-05
3534,Jennifer,Obrien,jennifer.obrien3534@example.com,Abu Dhabi,France,2022-04-07
3535,Kathleen,Wagner,kathleen.wagner3535@example.com,Berlin,UAE,2020-06-28
3536,Steven,Cole,steven.cole3536@example.com,Alexandria,Jordan,2024-09-08
3537,Shane,Cline,shane.cline3537@example.com,Berlin,Kuwait,2026-04-14
3538,Mark,Marsh,mark.marsh3538@example.com,Riyadh,Qatar,2025-01-10
3539,Elizabeth,Ortiz,elizabeth.ortiz3539@example.com,Giza,Germany,2020-10-04
3540,Jesse,Foster,jesse.foster3540@example.com,Amman,Germany,2025-11-15
3541,Amber,Rubio,amber.rubio3541@example.com,Berlin,Egypt,2021-11-14
3542,Pamela,Fitzgerald,pamela.fitzgerald3542@example.com,London,Kuwait,2021-06-12
3543,Debbie,Cline,debbie.cline3543@example.com,Abu Dhabi,Egypt,2026-05-08
3544,Jasmine,Armstrong,jasmine.armstrong3544@example.com,Cairo,Jordan,2024-06-16
3545,Laura,Zimmerman,laura.zimmerman3545@example.com,Amman,United Kingdom,2025-10-04
3546,Ann,Martinez,ann.martinez3546@example.com,Giza,UAE,2024-11-28
3547,Anita,Lee,anita.lee3547@example.com,Berlin,Germany,2026-04-22
3548,Christine,Ray,christine.ray3548@example.com,Jeddah,Germany,2023-01-17
3549,Brian,Hudson,brian.hudson3549@example.com,Dubai,UAE,2020-01-15
3550,Jaime,Alvarez,jaime.alvarez3550@example.com,Alexandria,United States,2022-06-11
3551,Penny,Martinez,penny.martinez3551@example.com,London,Egypt,2025-10-01
3552,Sharon,White,sharon.white3552@example.com,Amman,United Kingdom,2025-11-20
3553,Andrew,Buchanan,andrew.buchanan3553@example.com,Abu Dhabi,Kuwait,2022-06-21
3554,John,Thornton,john.thornton3554@example.com,Abu Dhabi,Kuwait,2026-03-11
3555,Pam,Wallace,pam.wallace3555@example.com,Giza,UAE,2022-07-06
3556,Lindsay,Lawson,lindsay.lawson3556@example.com,Cairo,United Kingdom,2022-09-02
3557,Richard,Williams,richard.williams3557@example.com,Abu Dhabi,Egypt,2021-08-29
3558,Michelle,Johnson,michelle.johnson3558@example.com,Abu Dhabi,UAE,2023-01-12
3559,Samuel,Perry,samuel.perry3559@example.com,Cairo,Jordan,2022-05-10
3560,Michele,Stewart,michele.stewart3560@example.com,Berlin,Saudi Arabia,2020-01-06
3561,Jonathan,Wilson,jonathan.wilson3561@example.com,Riyadh,United States,2024-02-20
3562,Cory,Jackson,cory.jackson3562@example.com,Riyadh,Saudi Arabia,2026-02-27
3563,Douglas,Scott,douglas.scott3563@example.com,Abu Dhabi,UAE,2024-07-30
3564,Christopher,Parker,christopher.parker3564@example.com,London,Kuwait,2023-08-22
3565,Richard,Jackson,richard.jackson3565@example.com,Cairo,Egypt,2023-12-27
3566,Christina,Nguyen,christina.nguyen3566@example.com,Dubai,Kuwait,2021-12-24
3567,Anthony,Brown,anthony.brown3567@example.com,Abu Dhabi,Egypt,2026-01-10
3568,Peter,Flores,peter.flores3568@example.com,London,Saudi Arabia,2024-04-13
3569,Robert,Nguyen,robert.nguyen3569@example.com,Abu Dhabi,United States,2026-03-06
3570,Nicholas,Carey,nicholas.carey3570@example.com,Dubai,France,2022-06-22
3571,David,Harris,david.harris3571@example.com,Riyadh,Kuwait,2022-04-15
3572,Karen,Willis,karen.willis3572@example.com,London,Germany,2021-09-29
3573,Trevor,Goodwin,trevor.goodwin3573@example.com,Amman,Jordan,2024-11-12
3574,Paul,Wilson,paul.wilson3574@example.com,Riyadh,UAE,2025-05-16
3575,Bruce,Marshall,bruce.marshall3575@example.com,Giza,France,2022-01-13
3576,Richard,Washington,richard.washington3576@example.com,Amman,UAE,2021-12-22
3577,Rick,Hall,rick.hall3577@example.com,Dubai,United States,2025-07-02
3578,Olivia,Adams,olivia.adams3578@example.com,Alexandria,Kuwait,2020-03-27
3579,Tabitha,Leonard,tabitha.leonard3579@example.com,Abu Dhabi,UAE,2021-12-28
3580,John,Peters,john.peters3580@example.com,Jeddah,United States,2022-02-08
3581,Kristen,Torres,kristen.torres3581@example.com,Giza,UAE,2020-10-22
3582,Richard,Miller,richard.miller3582@example.com,Jeddah,Jordan,2025-02-06
3583,Cynthia,Harris,cynthia.harris3583@example.com,Jeddah,Saudi Arabia,2025-11-27
3584,Tammy,Brooks,tammy.brooks3584@example.com,Alexandria,Egypt,2021-02-12
3585,Tricia,Casey,tricia.casey3585@example.com,Jeddah,Germany,2020-03-25
3586,Amanda,Henderson,amanda.henderson3586@example.com,Giza,Egypt,2020-06-28
3587,Rhonda,Hayes,rhonda.hayes3587@example.com,Alexandria,Jordan,2020-12-08
3588,Aaron,Marshall,aaron.marshall3588@example.com,Abu Dhabi,UAE,2020-02-25
3589,Maria,Roberts,maria.roberts3589@example.com,Cairo,Saudi Arabia,2026-01-30
3590,Teresa,Smith,teresa.smith3590@example.com,Riyadh,Saudi Arabia,2022-04-08
3591,Sarah,Olson,sarah.olson3591@example.com,Alexandria,France,2026-04-24
3592,Carla,Franco,carla.franco3592@example.com,Amman,UAE,2023-06-13
3593,Omar,Bell,omar.bell3593@example.com,Riyadh,France,2021-09-24
3594,Crystal,Richards,crystal.richards3594@example.com,Dubai,Egypt,2026-02-04
3595,William,Williams,william.williams3595@example.com,Abu Dhabi,United Kingdom,2021-05-19
3596,Jocelyn,Hart,jocelyn.hart3596@example.com,Cairo,Egypt,2021-02-25
3597,Kevin,Foster,kevin.foster3597@example.com,Berlin,Kuwait,2021-02-24
3598,David,Taylor,david.taylor3598@example.com,Berlin,Germany,2021-08-03
3599,Angela,Ramirez,angela.ramirez3599@example.com,Cairo,Jordan,2020-04-08
3600,Ryan,Bishop,ryan.bishop3600@example.com,Dubai,Germany,2024-04-27
3601,Susan,Flores,susan.flores3601@example.com,Alexandria,Qatar,2023-03-20
3602,Evelyn,Cooper,evelyn.cooper3602@example.com,Dubai,Germany,2021-04-05
3603,Jose,Mullins,jose.mullins3603@example.com,Amman,UAE,2021-03-27
3604,Shawn,Sanchez,shawn.sanchez3604@example.com,Dubai,Saudi Arabia,2023-02-28
3605,Tonya,Peterson,tonya.peterson3605@example.com,Riyadh,Saudi Arabia,2023-09-28
3606,Steve,Greene,steve.greene3606@example.com,Giza,Qatar,2020-12-13
3607,Allen,Holt,allen.holt3607@example.com,Cairo,United States,2021-09-10
3608,Deborah,Smith,deborah.smith3608@example.com,Alexandria,Germany,2025-12-12
3609,Thomas,Valenzuela,thomas.valenzuela3609@example.com,Riyadh,United States,2022-01-12
3610,Emily,Gutierrez,emily.gutierrez3610@example.com,Jeddah,UAE,2023-05-20
3611,Paula,Warner,paula.warner3611@example.com,London,Kuwait,2023-11-27
3612,Kathryn,Medina,kathryn.medina3612@example.com,Giza,Kuwait,2025-08-06
3613,Kristin,Banks,kristin.banks3613@example.com,Riyadh,Kuwait,2020-11-08
3614,Chris,Johnson,chris.johnson3614@example.com,Cairo,UAE,2021-08-23
3615,Marilyn,Powers,marilyn.powers3615@example.com,Riyadh,UAE,2024-05-18
3616,Emily,Gomez,emily.gomez3616@example.com,Amman,France,2020-10-02
3617,Lisa,Carey,lisa.carey3617@example.com,Giza,United States,2024-10-16
3618,Michael,Thompson,michael.thompson3618@example.com,Abu Dhabi,UAE,2021-01-05
3619,Katrina,Terry,katrina.terry3619@example.com,Riyadh,UAE,2022-01-14
3620,Alan,Ford,alan.ford3620@example.com,Jeddah,Qatar,2023-07-31
3621,Sharon,Wallace,sharon.wallace3621@example.com,Amman,Germany,2025-05-25
3622,Jeffrey,Smith,jeffrey.smith3622@example.com,Jeddah,United States,2023-09-27
3623,Juan,Morse,juan.morse3623@example.com,Alexandria,Jordan,2024-04-18
3624,Michael,Davis,michael.davis3624@example.com,Jeddah,United Kingdom,2025-07-29
3625,Christina,Turner,christina.turner3625@example.com,Berlin,United Kingdom,2025-07-10
3626,Jennifer,Young,jennifer.young3626@example.com,Berlin,United Kingdom,2022-07-31
3627,Troy,Cox,troy.cox3627@example.com,Jeddah,Saudi Arabia,2026-07-07
3628,Juan,Conway,juan.conway3628@example.com,Jeddah,United Kingdom,2026-06-24
3629,Jasmine,Clark,jasmine.clark3629@example.com,Dubai,Saudi Arabia,2022-08-21
3630,James,Nicholson,james.nicholson3630@example.com,Riyadh,Egypt,2022-04-12
3631,Randy,Kane,randy.kane3631@example.com,Cairo,Qatar,2026-04-06
3632,Ashley,Snyder,ashley.snyder3632@example.com,Amman,UAE,2021-03-27
3633,Andrea,Keller,andrea.keller3633@example.com,Cairo,Qatar,2024-01-18
3634,Ariel,Fleming,ariel.fleming3634@example.com,Alexandria,Kuwait,2025-02-28
3635,Annette,Jones,annette.jones3635@example.com,Alexandria,United Kingdom,2024-09-20
3636,David,Brown,david.brown3636@example.com,Dubai,Jordan,2022-07-08
3637,Jordan,Hudson,jordan.hudson3637@example.com,Cairo,UAE,2021-04-25
3638,Jeremy,Mills,jeremy.mills3638@example.com,Alexandria,Germany,2020-04-17
3639,Kimberly,Lee,kimberly.lee3639@example.com,Jeddah,Qatar,2020-08-09
3640,Erica,Braun,erica.braun3640@example.com,Giza,United States,2020-10-29
3641,Heather,Patel,heather.patel3641@example.com,Amman,United States,2021-10-09
3642,Johnny,Castro,johnny.castro3642@example.com,Cairo,UAE,2024-02-05
3643,Shawn,Pace,shawn.pace3643@example.com,Alexandria,Saudi Arabia,2022-09-30
3644,Danielle,Hahn,danielle.hahn3644@example.com,Giza,Egypt,2026-05-20
3645,Brett,Mcmillan,brett.mcmillan3645@example.com,Jeddah,UAE,2022-01-17
3646,Ryan,Carney,ryan.carney3646@example.com,Amman,UAE,2025-11-30
3647,Joshua,Frazier,joshua.frazier3647@example.com,Abu Dhabi,France,2024-08-12
3648,Steven,Ward,steven.ward3648@example.com,Riyadh,France,2020-02-24
3649,Katherine,Stephenson,katherine.stephenson3649@example.com,Abu Dhabi,Saudi Arabia,2021-09-30
3650,Jeffrey,Ramirez,jeffrey.ramirez3650@example.com,Cairo,Egypt,2021-12-11
3651,Robert,Cole,robert.cole3651@example.com,Berlin,UAE,2020-02-14
3652,Adam,Lee,adam.lee3652@example.com,Jeddah,Germany,2025-02-03
3653,Christopher,Armstrong,christopher.armstrong3653@example.com,Berlin,Kuwait,2026-06-01
3654,Anthony,Mclaughlin,anthony.mclaughlin3654@example.com,Berlin,Kuwait,2022-07-20
3655,Tiffany,Coleman,tiffany.coleman3655@example.com,Jeddah,UAE,2023-01-18
3656,Charles,Wright,charles.wright3656@example.com,Giza,United Kingdom,2024-03-26
3657,Frank,Collins,frank.collins3657@example.com,Alexandria,Jordan,2024-06-28
3658,Connie,Davis,connie.davis3658@example.com,London,Egypt,2022-06-15
3659,Timothy,Morton,timothy.morton3659@example.com,Jeddah,UAE,2026-04-09
3660,Brittany,Sims,brittany.sims3660@example.com,London,Saudi Arabia,2025-04-02
3661,Matthew,Wright,matthew.wright3661@example.com,Amman,Qatar,2024-07-17
3662,Daniel,Allen,daniel.allen3662@example.com,Jeddah,UAE,2020-08-11
3663,Matthew,Brown,matthew.brown3663@example.com,Riyadh,Germany,2022-03-08
3664,Matthew,Bauer,matthew.bauer3664@example.com,Abu Dhabi,Saudi Arabia,2021-03-03
3665,Sherry,Parsons,sherry.parsons3665@example.com,Giza,Qatar,2023-10-06
3666,Christine,Duran,christine.duran3666@example.com,Cairo,Jordan,2023-03-01
3667,Colleen,Riley,colleen.riley3667@example.com,Alexandria,United Kingdom,2021-03-12
3668,Christopher,Brown,christopher.brown3668@example.com,Giza,Jordan,2026-09-11
3669,Arthur,Edwards,arthur.edwards3669@example.com,Cairo,Kuwait,2022-02-07
3670,Melanie,Brown,melanie.brown3670@example.com,Berlin,Jordan,2020-05-12
3671,David,Ellison,david.ellison3671@example.com,Dubai,Kuwait,2020-12-14
3672,Scott,Turner,scott.turner3672@example.com,London,United States,2020-07-02
3673,Connie,Jones,connie.jones3673@example.com,London,France,2020-07-06
3674,Erica,Hansen,erica.hansen3674@example.com,Cairo,Qatar,2021-01-16
3675,Kenneth,James,kenneth.james3675@example.com,Abu Dhabi,Egypt,2023-12-31
3676,Cody,Walton,cody.walton3676@example.com,Abu Dhabi,Germany,2025-08-10
3677,Jesse,Greene,jesse.greene3677@example.com,Dubai,Qatar,2024-05-19
3678,Donna,Smith,donna.smith3678@example.com,Riyadh,UAE,2021-02-02
3679,Patrick,Pope,patrick.pope3679@example.com,Riyadh,Germany,2025-08-24
3680,Nichole,Harvey,nichole.harvey3680@example.com,Giza,United Kingdom,2021-09-07
3681,Matthew,Pace,matthew.pace3681@example.com,Cairo,United States,2024-04-14
3682,Krista,Gibson,krista.gibson3682@example.com,Amman,United States,2020-06-02
3683,Mark,Lee,mark.lee3683@example.com,Abu Dhabi,UAE,2021-09-12
3684,Curtis,Larson,curtis.larson3684@example.com,Amman,Saudi Arabia,2021-01-17
3685,Carlos,Clarke,carlos.clarke3685@example.com,Dubai,Jordan,2021-07-30
3686,James,Berry,james.berry3686@example.com,Alexandria,United Kingdom,2025-10-15
3687,Dana,Scott,dana.scott3687@example.com,London,United Kingdom,2023-10-30
3688,Robert,Hardy,robert.hardy3688@example.com,Amman,UAE,2023-10-20
3689,Sean,Sanchez,sean.sanchez3689@example.com,Abu Dhabi,Qatar,2024-10-30
3690,Laura,Brown,laura.brown3690@example.com,Cairo,Germany,2022-09-06
3691,Larry,Graham,larry.graham3691@example.com,Dubai,United States,2020-11-03
3692,Susan,Webster,susan.webster3692@example.com,Alexandria,United States,2025-07-30
3693,Larry,Mcclure,larry.mcclure3693@example.com,Giza,Egypt,2021-08-07
3694,Kimberly,Hernandez,kimberly.hernandez3694@example.com,Abu Dhabi,United Kingdom,2020-12-23
3695,Kyle,Cooper,kyle.cooper3695@example.com,Amman,Saudi Arabia,2025-02-05
3696,Miguel,Smith,miguel.smith3696@example.com,Riyadh,UAE,2023-04-25
3697,Brenda,Gregory,brenda.gregory3697@example.com,Alexandria,Saudi Arabia,2023-02-21
3698,Brian,Hunter,brian.hunter3698@example.com,London,Qatar,2023-12-18
3699,Mary,Trevino,mary.trevino3699@example.com,Giza,Saudi Arabia,2022-01-03
3700,Robert,Gonzalez,robert.gonzalez3700@example.com,Amman,Kuwait,2025-04-22
3701,James,Kerr,james.kerr3701@example.com,Abu Dhabi,France,2021-07-29
3702,Kristen,Peterson,kristen.peterson3702@example.com,Giza,United States,2025-06-22
3703,Elizabeth,Neal,elizabeth.neal3703@example.com,Cairo,Qatar,2023-03-20
3704,Tina,Greene,tina.greene3704@example.com,Jeddah,Germany,2021-06-12
3705,Mark,Lane,mark.lane3705@example.com,Amman,Qatar,2025-09-30
3706,Sylvia,Jensen,sylvia.jensen3706@example.com,London,Qatar,2024-03-10
3707,Robert,Martin,robert.martin3707@example.com,Giza,Germany,2025-09-03
3708,Shawn,Mccormick,shawn.mccormick3708@example.com,Amman,Kuwait,2020-06-23
3709,Bobby,Robinson,bobby.robinson3709@example.com,London,Egypt,2022-09-29
3710,Adam,Walker,adam.walker3710@example.com,Berlin,Egypt,2021-09-25
3711,Jerry,Hanson,jerry.hanson3711@example.com,Giza,Kuwait,2024-03-19
3712,John,Navarro,john.navarro3712@example.com,Alexandria,United States,2024-06-23
3713,Stephanie,Rivera,stephanie.rivera3713@example.com,Giza,Jordan,2024-05-09
3714,Jody,Harris,jody.harris3714@example.com,Amman,Saudi Arabia,2023-11-30
3715,Jack,Fritz,jack.fritz3715@example.com,Amman,France,2025-12-31
3716,Michael,Jones,michael.jones3716@example.com,Amman,Saudi Arabia,2020-12-17
3717,Anthony,Wilson,anthony.wilson3717@example.com,Alexandria,Saudi Arabia,2024-06-13
3718,Kelly,Lee,kelly.lee3718@example.com,Jeddah,Jordan,2024-07-02
3719,Brenda,Cannon,brenda.cannon3719@example.com,Riyadh,Saudi Arabia,2023-07-23
3720,Bradley,Johnson,bradley.johnson3720@example.com,Riyadh,United States,2025-06-14
3721,James,Thompson,james.thompson3721@example.com,Dubai,France,2021-04-13
3722,Nicole,Higgins,nicole.higgins3722@example.com,Abu Dhabi,France,2020-06-05
3723,Matthew,Spencer,matthew.spencer3723@example.com,Berlin,UAE,2025-04-08
3724,Gregory,Smith,gregory.smith3724@example.com,Alexandria,Jordan,2023-08-04
3725,Megan,Lozano,megan.lozano3725@example.com,London,Egypt,2024-04-06
3726,Andrew,Byrd,andrew.byrd3726@example.com,Cairo,Qatar,2024-10-27
3727,Nicholas,Cobb,nicholas.cobb3727@example.com,Amman,Jordan,2020-08-09
3728,Daniel,Boyle,daniel.boyle3728@example.com,Dubai,Egypt,2024-09-28
3729,Kevin,Allen,kevin.allen3729@example.com,Abu Dhabi,Kuwait,2021-12-22
3730,Lisa,Guerrero,lisa.guerrero3730@example.com,Giza,UAE,2020-10-10
3731,Shelley,Rowland,shelley.rowland3731@example.com,Abu Dhabi,Germany,2020-11-30
3732,Whitney,Keith,whitney.keith3732@example.com,Abu Dhabi,France,2024-09-15
3733,Natalie,Jones,natalie.jones3733@example.com,Berlin,Jordan,2022-11-28
3734,Drew,Glass,drew.glass3734@example.com,Alexandria,Egypt,2021-01-13
3735,Laura,Lee,laura.lee3735@example.com,Jeddah,Qatar,2023-05-01
3736,Nicholas,Brooks,nicholas.brooks3736@example.com,Alexandria,Jordan,2023-12-01
3737,Carol,Rowland,carol.rowland3737@example.com,Jeddah,France,2025-05-01
3738,John,Williams,john.williams3738@example.com,Berlin,UAE,2024-11-24
3739,Christina,Lopez,christina.lopez3739@example.com,Riyadh,United States,2024-05-12
3740,Amanda,Clarke,amanda.clarke3740@example.com,Cairo,United Kingdom,2026-09-11
3741,Mark,Brown,mark.brown3741@example.com,Dubai,Saudi Arabia,2026-06-27
3742,Laura,Salas,laura.salas3742@example.com,London,UAE,2023-08-19
3743,Melissa,Schmitt,melissa.schmitt3743@example.com,Riyadh,Egypt,2021-09-08
3744,Norma,Clark,norma.clark3744@example.com,Amman,UAE,2025-08-07
3745,Christopher,Ruiz,christopher.ruiz3745@example.com,Riyadh,Saudi Arabia,2024-07-22
3746,Elizabeth,Brown,elizabeth.brown3746@example.com,Abu Dhabi,United Kingdom,2020-01-16
3747,William,Potter,william.potter3747@example.com,Amman,UAE,2025-01-14
3748,Deanna,Hicks,deanna.hicks3748@example.com,London,Saudi Arabia,2020-05-29
3749,Victor,Marshall,victor.marshall3749@example.com,Dubai,Jordan,2024-09-17
3750,Marc,Brooks,marc.brooks3750@example.com,Berlin,UAE,2024-03-26
3751,Heather,Baldwin,heather.baldwin3751@example.com,Dubai,Qatar,2022-05-09
3752,Troy,Adams,troy.adams3752@example.com,Dubai,United States,2020-02-28
3753,Richard,Morse,richard.morse3753@example.com,Riyadh,Qatar,2020-03-07
3754,Brandy,Johnson,brandy.johnson3754@example.com,Abu Dhabi,Kuwait,2025-08-18
3755,Jeffrey,Harris,jeffrey.harris3755@example.com,Giza,France,2025-02-10
3756,Michelle,Foster,michelle.foster3756@example.com,Jeddah,Germany,2023-12-11
3757,Kevin,Oneal,kevin.oneal3757@example.com,Riyadh,United Kingdom,2024-10-10
3758,Ashley,Walls,ashley.walls3758@example.com,Berlin,Qatar,2021-04-09
3759,Neil,Pierce,neil.pierce3759@example.com,Alexandria,France,2024-10-20
3760,Dennis,Miller,dennis.miller3760@example.com,Riyadh,UAE,2026-03-14
3761,Sean,Bell,sean.bell3761@example.com,London,UAE,2026-02-01
3762,Brandy,Marshall,brandy.marshall3762@example.com,Jeddah,Germany,2023-03-13
3763,Christine,Simmons,christine.simmons3763@example.com,Jeddah,Kuwait,2021-02-10
3764,Taylor,Ortiz,taylor.ortiz3764@example.com,Giza,Saudi Arabia,2021-01-02
3765,Linda,Stewart,linda.stewart3765@example.com,Cairo,United States,2024-08-11
3766,Patrick,White,patrick.white3766@example.com,Giza,France,2026-02-09
3767,Jesus,Brewer,jesus.brewer3767@example.com,Giza,France,2025-08-23
3768,Michael,Miller,michael.miller3768@example.com,London,Egypt,2023-04-02
3769,Megan,Hunt,megan.hunt3769@example.com,Jeddah,Jordan,2022-07-01
3770,Dawn,Hartman,dawn.hartman3770@example.com,Amman,United Kingdom,2024-04-09
3771,Sara,Garcia,sara.garcia3771@example.com,Giza,Jordan,2025-04-07
3772,Charles,Johnson,charles.johnson3772@example.com,Giza,Qatar,2025-03-15
3773,James,Gonzalez,james.gonzalez3773@example.com,Jeddah,Germany,2020-02-01
3774,Mark,Turner,mark.turner3774@example.com,Riyadh,Jordan,2025-09-09
3775,Lisa,Sutton,lisa.sutton3775@example.com,Abu Dhabi,Kuwait,2022-12-19
3776,Joshua,Thornton,joshua.thornton3776@example.com,Abu Dhabi,Germany,2022-09-16
3777,Whitney,Murillo,whitney.murillo3777@example.com,Cairo,Germany,2020-05-13
3778,Karen,Singh,karen.singh3778@example.com,Cairo,Egypt,2021-09-20
3779,Rita,Smith,rita.smith3779@example.com,Riyadh,United Kingdom,2023-07-24
3780,Kevin,Short,kevin.short3780@example.com,Riyadh,UAE,2026-06-01
3781,Krista,Powell,krista.powell3781@example.com,Jeddah,Jordan,2026-03-26
3782,Richard,Carpenter,richard.carpenter3782@example.com,Jeddah,Jordan,2024-05-30
3783,Diana,Kennedy,diana.kennedy3783@example.com,Cairo,United States,2024-10-23
3784,William,Juarez,william.juarez3784@example.com,Alexandria,Germany,2021-12-12
3785,Edward,Sanders,edward.sanders3785@example.com,Jeddah,Qatar,2025-10-19
3786,Jeremy,Curry,jeremy.curry3786@example.com,Alexandria,Germany,2022-08-04
3787,Thomas,Black,thomas.black3787@example.com,Giza,UAE,2025-08-27
3788,Kristi,Todd,kristi.todd3788@example.com,Giza,United States,2024-05-24
3789,Jennifer,Murray,jennifer.murray3789@example.com,Abu Dhabi,United Kingdom,2021-10-13
3790,Latoya,Edwards,latoya.edwards3790@example.com,Riyadh,Jordan,2021-01-16
3791,Jacob,Carrillo,jacob.carrillo3791@example.com,Giza,Egypt,2024-11-26
3792,Heidi,Clark,heidi.clark3792@example.com,Cairo,United States,2021-09-18
3793,Shannon,Hansen,shannon.hansen3793@example.com,Cairo,United States,2026-02-04
3794,Nicholas,Ray,nicholas.ray3794@example.com,Giza,United States,2024-04-15
3795,David,Harding,david.harding3795@example.com,Cairo,UAE,2025-02-01
3796,Alec,Cochran,alec.cochran3796@example.com,Riyadh,UAE,2022-09-08
3797,Mary,Morgan,mary.morgan3797@example.com,Dubai,Kuwait,2022-03-04
3798,Robert,Jennings,robert.jennings3798@example.com,Berlin,Jordan,2024-03-28
3799,Richard,Osborne,richard.osborne3799@example.com,Abu Dhabi,Egypt,2023-01-31
3800,Amanda,Nguyen,amanda.nguyen3800@example.com,Giza,UAE,2020-04-04
3801,Andrew,Floyd,andrew.floyd3801@example.com,London,Saudi Arabia,2021-03-30
3802,Sandra,Hernandez,sandra.hernandez3802@example.com,Amman,United States,2021-05-17
3803,Stephanie,Rivera,stephanie.rivera3803@example.com,Giza,UAE,2023-03-02
3804,Crystal,Morrison,crystal.morrison3804@example.com,Abu Dhabi,UAE,2021-01-15
3805,Cathy,Camacho,cathy.camacho3805@example.com,Giza,France,2024-01-20
3806,Tina,Harris,tina.harris3806@example.com,Dubai,Germany,2021-02-16
3807,Peter,Ferguson,peter.ferguson3807@example.com,Amman,Egypt,2024-08-21
3808,Jacob,Rodriguez,jacob.rodriguez3808@example.com,Giza,France,2020-11-08
3809,Ashley,Hayes,ashley.hayes3809@example.com,Dubai,Germany,2024-03-17
3810,Patricia,Davis,patricia.davis3810@example.com,Riyadh,France,2021-10-21
3811,Damon,Tran,damon.tran3811@example.com,Alexandria,Kuwait,2020-02-11
3812,Antonio,Barker,antonio.barker3812@example.com,Alexandria,United States,2020-05-08
3813,Tracy,Lopez,tracy.lopez3813@example.com,Giza,Qatar,2023-11-21
3814,Chad,Mccarty,chad.mccarty3814@example.com,Amman,United States,2026-02-16
3815,Justin,Hall,justin.hall3815@example.com,Cairo,UAE,2025-11-07
3816,Donna,Jones,donna.jones3816@example.com,Abu Dhabi,Saudi Arabia,2022-02-28
3817,Brian,Stone,brian.stone3817@example.com,London,Egypt,2026-01-04
3818,George,Heath,george.heath3818@example.com,Cairo,United Kingdom,2025-09-27
3819,Robert,Moore,robert.moore3819@example.com,Alexandria,Jordan,2024-02-03
3820,Daniel,Herrera,daniel.herrera3820@example.com,Giza,Jordan,2020-04-30
3821,Timothy,Jones,timothy.jones3821@example.com,Riyadh,UAE,2022-06-19
3822,Stephanie,Glenn,stephanie.glenn3822@example.com,Giza,UAE,2023-01-01
3823,David,Harris,david.harris3823@example.com,Abu Dhabi,France,2022-03-27
3824,Ryan,Mckinney,ryan.mckinney3824@example.com,Giza,Qatar,2026-03-08
3825,Thomas,Munoz,thomas.munoz3825@example.com,Abu Dhabi,France,2025-07-23
3826,Sheila,Matthews,sheila.matthews3826@example.com,Jeddah,United Kingdom,2024-06-26
3827,Wayne,Cohen,wayne.cohen3827@example.com,Dubai,Kuwait,2021-12-09
3828,Joshua,Smith,joshua.smith3828@example.com,Dubai,Kuwait,2024-05-28
3829,Douglas,Brown,douglas.brown3829@example.com,Giza,United States,2026-08-03
3830,Reginald,Aguirre,reginald.aguirre3830@example.com,Abu Dhabi,UAE,2022-04-23
3831,Alicia,Kent,alicia.kent3831@example.com,Amman,Germany,2025-01-01
3832,Natasha,Stevens,natasha.stevens3832@example.com,Jeddah,United States,2023-01-17
3833,Barbara,Mclaughlin,barbara.mclaughlin3833@example.com,Riyadh,United States,2021-03-16
3834,Keith,Ibarra,keith.ibarra3834@example.com,London,Germany,2024-10-24
3835,Stephen,Graves,stephen.graves3835@example.com,Dubai,United States,2023-12-16
3836,Jennifer,Evans,jennifer.evans3836@example.com,Riyadh,Saudi Arabia,2025-01-14
3837,Chloe,Patrick,chloe.patrick3837@example.com,Alexandria,Egypt,2025-09-25
3838,Gregory,Wright,gregory.wright3838@example.com,Abu Dhabi,United States,2024-08-05
3839,Rachel,Quinn,rachel.quinn3839@example.com,Abu Dhabi,United States,2025-12-12
3840,Stephen,Bartlett,stephen.bartlett3840@example.com,Riyadh,Germany,2020-05-02
3841,Isaac,Carroll,isaac.carroll3841@example.com,Giza,UAE,2023-08-14
3842,Phillip,Bautista,phillip.bautista3842@example.com,Jeddah,UAE,2024-01-05
3843,John,Harrell,john.harrell3843@example.com,Dubai,Saudi Arabia,2022-05-31
3844,Joshua,Fuller,joshua.fuller3844@example.com,Riyadh,Qatar,2021-08-17
3845,Kelly,Hendricks,kelly.hendricks3845@example.com,Riyadh,Saudi Arabia,2020-02-09
3846,Helen,Bowen,helen.bowen3846@example.com,Riyadh,Egypt,2023-09-09
3847,Jeff,Snyder,jeff.snyder3847@example.com,Dubai,France,2026-05-13
3848,Victoria,Tran,victoria.tran3848@example.com,Riyadh,Jordan,2026-04-19
3849,Wanda,Jones,wanda.jones3849@example.com,Giza,Germany,2023-03-07
3850,Daniel,Miranda,daniel.miranda3850@example.com,London,Jordan,2025-11-29
3851,Mark,Hayes,mark.hayes3851@example.com,Dubai,Saudi Arabia,2026-04-16
3852,Johnny,Hunter,johnny.hunter3852@example.com,Abu Dhabi,United States,2020-11-02
3853,Steven,Jones,steven.jones3853@example.com,London,Germany,2024-11-17
3854,Heather,Brady,heather.brady3854@example.com,Riyadh,Qatar,2022-03-22
3855,Patrick,Reese,patrick.reese3855@example.com,Dubai,Egypt,2025-07-16
3856,Melissa,Sanders,melissa.sanders3856@example.com,Amman,Egypt,2023-01-29
3857,Alex,Wilson,alex.wilson3857@example.com,Jeddah,Saudi Arabia,2021-05-23
3858,Sally,Murphy,sally.murphy3858@example.com,Amman,UAE,2023-08-31
3859,Kaitlyn,Washington,kaitlyn.washington3859@example.com,London,Germany,2022-08-26
3860,Carlos,Kelley,carlos.kelley3860@example.com,London,Egypt,2023-03-13
3861,John,Dodson,john.dodson3861@example.com,Cairo,United States,2020-01-20
3862,Donald,Hoover,donald.hoover3862@example.com,Amman,Kuwait,2021-06-20
3863,Mckenzie,Jackson,mckenzie.jackson3863@example.com,Jeddah,Egypt,2025-12-25
3864,Andrew,Garcia,andrew.garcia3864@example.com,Berlin,Egypt,2023-10-13
3865,Kelly,Nichols,kelly.nichols3865@example.com,Cairo,Saudi Arabia,2025-04-08
3866,Peter,Jones,peter.jones3866@example.com,Giza,Germany,2023-05-17
3867,Kathryn,Byrd,kathryn.byrd3867@example.com,Abu Dhabi,Qatar,2023-11-17
3868,Eric,Howard,eric.howard3868@example.com,Jeddah,Saudi Arabia,2026-03-29
3869,Jay,Johnson,jay.johnson3869@example.com,Riyadh,France,2020-07-11
3870,Emily,Robinson,emily.robinson3870@example.com,Jeddah,Kuwait,2025-02-04
3871,Heather,Copeland,heather.copeland3871@example.com,Amman,Saudi Arabia,2024-03-11
3872,Lisa,Davidson,lisa.davidson3872@example.com,London,Saudi Arabia,2020-04-29
3873,Jennifer,Prince,jennifer.prince3873@example.com,Dubai,Egypt,2020-02-12
3874,Peter,Parker,peter.parker3874@example.com,Alexandria,Saudi Arabia,2023-08-15
3875,Brian,Smith,brian.smith3875@example.com,Jeddah,Jordan,2021-11-28
3876,Kelsey,Wang,kelsey.wang3876@example.com,Giza,Jordan,2024-02-19
3877,Sarah,Brooks,sarah.brooks3877@example.com,Berlin,Egypt,2020-08-03
3878,John,Davis,john.davis3878@example.com,Abu Dhabi,Egypt,2021-03-29
3879,Robert,Hays,robert.hays3879@example.com,Cairo,Kuwait,2020-11-03
3880,Matthew,Lee,matthew.lee3880@example.com,Abu Dhabi,Qatar,2024-04-03
3881,Elizabeth,Walker,elizabeth.walker3881@example.com,Abu Dhabi,UAE,2021-07-18
3882,Nicole,Robles,nicole.robles3882@example.com,London,France,2021-05-06
3883,Maria,Jackson,maria.jackson3883@example.com,Alexandria,Qatar,2021-08-29
3884,Gary,Perry,gary.perry3884@example.com,London,Germany,2025-01-04
3885,Daniel,Murphy,daniel.murphy3885@example.com,Giza,United Kingdom,2025-12-01
3886,Anna,Lopez,anna.lopez3886@example.com,Dubai,United States,2025-05-11
3887,Jamie,Weaver,jamie.weaver3887@example.com,Amman,Kuwait,2023-08-11
3888,Sheila,Martinez,sheila.martinez3888@example.com,Amman,Jordan,2021-01-11
3889,Jason,Kelly,jason.kelly3889@example.com,Abu Dhabi,Kuwait,2020-12-05
3890,Glenn,Morales,glenn.morales3890@example.com,Riyadh,United Kingdom,2022-09-19
3891,Leslie,Price,leslie.price3891@example.com,Dubai,Saudi Arabia,2020-11-03
3892,Stephen,Jones,stephen.jones3892@example.com,Amman,Egypt,2022-05-20
3893,Lisa,Santos,lisa.santos3893@example.com,Cairo,Jordan,2025-04-01
3894,Miguel,Jones,miguel.jones3894@example.com,Jeddah,Jordan,2025-06-20
3895,Jeffery,Turner,jeffery.turner3895@example.com,Giza,Qatar,2022-05-04
3896,Carol,Bird,carol.bird3896@example.com,London,United Kingdom,2025-10-06
3897,Cristian,Herrera,cristian.herrera3897@example.com,Riyadh,Kuwait,2025-02-02
3898,Veronica,Jefferson,veronica.jefferson3898@example.com,Alexandria,United Kingdom,2021-03-08
3899,George,Haley,george.haley3899@example.com,Alexandria,Jordan,2024-01-29
3900,Carol,Jarvis,carol.jarvis3900@example.com,Jeddah,France,2025-10-04
3901,Heather,Gregory,heather.gregory3901@example.com,Dubai,Germany,2022-02-08
3902,Teresa,Benson,teresa.benson3902@example.com,Giza,Kuwait,2024-09-28
3903,Martin,Reid,martin.reid3903@example.com,Alexandria,Kuwait,2026-06-22
3904,Nicole,Stewart,nicole.stewart3904@example.com,Giza,UAE,2025-03-03
3905,Melissa,Olson,melissa.olson3905@example.com,Giza,Saudi Arabia,2022-09-12
3906,Matthew,Franklin,matthew.franklin3906@example.com,Cairo,France,2022-02-05
3907,Brenda,Reyes,brenda.reyes3907@example.com,Abu Dhabi,Egypt,2025-05-04
3908,Danielle,Hall,danielle.hall3908@example.com,Berlin,France,2023-12-12
3909,Briana,Mcneil,briana.mcneil3909@example.com,Abu Dhabi,Saudi Arabia,2026-03-04
3910,Jesse,Jensen,jesse.jensen3910@example.com,Giza,Qatar,2024-11-02
3911,Penny,Parker,penny.parker3911@example.com,Dubai,UAE,2024-06-13
3912,Joann,Todd,joann.todd3912@example.com,Berlin,Germany,2025-09-11
3913,Christine,Brown,christine.brown3913@example.com,Riyadh,Egypt,2024-12-12
3914,Nicholas,Phillips,nicholas.phillips3914@example.com,Abu Dhabi,Qatar,2021-02-04
3915,Edward,Harris,edward.harris3915@example.com,Cairo,Germany,2024-09-26
3916,Benjamin,Mclean,benjamin.mclean3916@example.com,Dubai,Kuwait,2022-02-14
3917,Carly,Bautista,carly.bautista3917@example.com,Jeddah,UAE,2026-08-30
3918,Jocelyn,Murphy,jocelyn.murphy3918@example.com,Abu Dhabi,United Kingdom,2025-07-14
3919,Joshua,Schneider,joshua.schneider3919@example.com,Berlin,Germany,2021-03-23
3920,Kathleen,Meyer,kathleen.meyer3920@example.com,Cairo,Jordan,2021-03-30
3921,Tiffany,Wong,tiffany.wong3921@example.com,Dubai,Saudi Arabia,2020-08-05
3922,Keith,Johnson,keith.johnson3922@example.com,Cairo,United States,2022-12-26
3923,Melanie,Rivera,melanie.rivera3923@example.com,Dubai,Saudi Arabia,2025-12-19
3924,John,Ryan,john.ryan3924@example.com,Giza,Kuwait,2022-07-16
3925,Rebecca,Ortega,rebecca.ortega3925@example.com,London,Germany,2024-05-24
3926,John,Mcdaniel,john.mcdaniel3926@example.com,Jeddah,Saudi Arabia,2022-06-19
3927,Jennifer,Franklin,jennifer.franklin3927@example.com,Abu Dhabi,France,2022-04-22
3928,Patrick,Morris,patrick.morris3928@example.com,Alexandria,Jordan,2023-11-24
3929,Scott,Smith,scott.smith3929@example.com,Abu Dhabi,United States,2023-03-25
3930,Molly,Jones,molly.jones3930@example.com,Cairo,Saudi Arabia,2022-01-28
3931,James,Walters,james.walters3931@example.com,Berlin,United States,2025-05-06
3932,Donald,Harris,donald.harris3932@example.com,Abu Dhabi,Jordan,2021-11-28
3933,Christopher,Watkins,christopher.watkins3933@example.com,Riyadh,Saudi Arabia,2021-11-13
3934,Marie,Frederick,marie.frederick3934@example.com,Alexandria,Qatar,2025-02-07
3935,Joel,Miller,joel.miller3935@example.com,Alexandria,Egypt,2025-04-27
3936,Jessica,Collins,jessica.collins3936@example.com,Jeddah,Qatar,2020-03-26
3937,Jennifer,Sanchez,jennifer.sanchez3937@example.com,Alexandria,Kuwait,2020-11-11
3938,Gregory,Wright,gregory.wright3938@example.com,Alexandria,Egypt,2026-08-30
3939,Justin,West,justin.west3939@example.com,Riyadh,France,2026-07-16
3940,Cynthia,Nelson,cynthia.nelson3940@example.com,Cairo,France,2022-10-10
3941,Kimberly,Miller,kimberly.miller3941@example.com,Amman,Saudi Arabia,2020-07-04
3942,Teresa,Sanders,teresa.sanders3942@example.com,Cairo,United States,2023-04-05
3943,Gary,Alexander,gary.alexander3943@example.com,Dubai,United Kingdom,2025-08-22
3944,William,Moss,william.moss3944@example.com,Alexandria,UAE,2021-01-19
3945,Kathleen,Weiss,kathleen.weiss3945@example.com,Giza,Kuwait,2023-10-06
3946,Laura,Smith,laura.smith3946@example.com,Amman,France,2023-12-07
3947,Patrick,Dickerson,patrick.dickerson3947@example.com,Berlin,Kuwait,2025-06-15
3948,Katherine,Dorsey,katherine.dorsey3948@example.com,Abu Dhabi,Qatar,2025-02-22
3949,Brooke,Hernandez,brooke.hernandez3949@example.com,Cairo,Qatar,2023-05-18
3950,Jessica,Scott,jessica.scott3950@example.com,Riyadh,United Kingdom,2026-09-06
3951,Steven,Chavez,steven.chavez3951@example.com,Amman,Saudi Arabia,2023-01-10
3952,Nicholas,Obrien,nicholas.obrien3952@example.com,Berlin,Egypt,2021-08-28
3953,Charles,Taylor,charles.taylor3953@example.com,Jeddah,Jordan,2021-08-03
3954,Taylor,Moore,taylor.moore3954@example.com,Riyadh,France,2020-05-06
3955,Jake,Smith,jake.smith3955@example.com,Dubai,United States,2024-10-30
3956,Vincent,Swanson,vincent.swanson3956@example.com,Riyadh,Jordan,2020-12-31
3957,Travis,Frost,travis.frost3957@example.com,Dubai,Germany,2021-03-18
3958,Shelby,Waller,shelby.waller3958@example.com,Abu Dhabi,United Kingdom,2025-01-14
3959,Nathan,Burns,nathan.burns3959@example.com,Berlin,UAE,2022-12-22
3960,Danielle,Chapman,danielle.chapman3960@example.com,Riyadh,Qatar,2024-05-20
3961,Riley,Williams,riley.williams3961@example.com,London,Germany,2023-02-05
3962,Sandra,Cruz,sandra.cruz3962@example.com,Abu Dhabi,Jordan,2020-06-17
3963,Ariel,Lee,ariel.lee3963@example.com,London,United Kingdom,2023-11-07
3964,Samuel,Scott,samuel.scott3964@example.com,London,Saudi Arabia,2024-11-10
3965,Robin,Bowen,robin.bowen3965@example.com,Amman,United States,2023-11-22
3966,William,Burns,william.burns3966@example.com,Abu Dhabi,Saudi Arabia,2020-02-04
3967,Haley,Horton,haley.horton3967@example.com,Amman,UAE,2025-03-25
3968,Debra,House,debra.house3968@example.com,Alexandria,United Kingdom,2023-04-01
3969,Jill,Allen,jill.allen3969@example.com,London,United Kingdom,2021-10-28
3970,Austin,Li,austin.li3970@example.com,Abu Dhabi,France,2023-03-26
3971,Crystal,Rhodes,crystal.rhodes3971@example.com,Giza,Kuwait,2020-03-04
3972,Heidi,Brewer,heidi.brewer3972@example.com,Amman,Egypt,2022-06-09
3973,Jose,Gibson,jose.gibson3973@example.com,Abu Dhabi,United States,2021-05-20
3974,Erin,King,erin.king3974@example.com,Cairo,France,2023-06-06
3975,Carrie,Lynn,carrie.lynn3975@example.com,Cairo,Germany,2023-12-13
3976,Mckenzie,Smith,mckenzie.smith3976@example.com,Cairo,Egypt,2022-10-26
3977,Kelli,Newman,kelli.newman3977@example.com,Alexandria,Qatar,2023-03-06
3978,Sabrina,Sanders,sabrina.sanders3978@example.com,Berlin,United Kingdom,2021-09-27
3979,Brenda,Santana,brenda.santana3979@example.com,Giza,Kuwait,2021-08-07
3980,April,Lopez,april.lopez3980@example.com,Dubai,Germany,2026-07-25
3981,Rodney,Gallegos,rodney.gallegos3981@example.com,Giza,Kuwait,2022-06-15
3982,Johnny,Turner,johnny.turner3982@example.com,Cairo,France,2023-12-23
3983,Tammy,Barrett,tammy.barrett3983@example.com,Dubai,Germany,2024-09-26
3984,Patrick,Parker,patrick.parker3984@example.com,Jeddah,Saudi Arabia,2022-12-06
3985,Robert,Walter,robert.walter3985@example.com,Abu Dhabi,United States,2023-06-26
3986,Jessica,Davis,jessica.davis3986@example.com,Alexandria,United States,2024-11-20
3987,Daisy,Frank,daisy.frank3987@example.com,Riyadh,United States,2021-07-24
3988,Maxwell,Thomas,maxwell.thomas3988@example.com,Dubai,Kuwait,2021-07-09
3989,Kaitlyn,Conrad,kaitlyn.conrad3989@example.com,Jeddah,United Kingdom,2022-03-28
3990,Raymond,Parker,raymond.parker3990@example.com,Abu Dhabi,Kuwait,2020-12-16
3991,Valerie,Velasquez,valerie.velasquez3991@example.com,Abu Dhabi,United States,2025-03-03
3992,Aaron,Jones,aaron.jones3992@example.com,Berlin,UAE,2024-03-19
3993,Heather,Warren,heather.warren3993@example.com,Jeddah,Saudi Arabia,2021-07-21
3994,Diamond,Quinn,diamond.quinn3994@example.com,Berlin,France,2023-07-07
3995,George,Brooks,george.brooks3995@example.com,Berlin,Qatar,2025-04-02
3996,Jane,Gonzalez,jane.gonzalez3996@example.com,Riyadh,Germany,2025-03-25
3997,Hunter,Fry,hunter.fry3997@example.com,Jeddah,Germany,2025-03-04
3998,Shannon,Olsen,shannon.olsen3998@example.com,Cairo,United Kingdom,2020-04-18
3999,Jacob,Brown,jacob.brown3999@example.com,Jeddah,Saudi Arabia,2021-07-29
4000,Ian,Malone,ian.malone4000@example.com,London,Kuwait,2022-09-20
4001,Jordan,Barrera,jordan.barrera4001@example.com,London,United Kingdom,2024-03-08
4002,Riley,Sims,riley.sims4002@example.com,Alexandria,United States,2026-02-03
4003,Claudia,Oneill,claudia.oneill4003@example.com,London,Kuwait,2020-08-07
4004,Gabriel,Carter,gabriel.carter4004@example.com,Jeddah,UAE,2024-07-08
4005,Nicholas,Hill,nicholas.hill4005@example.com,Cairo,France,2025-10-22
4006,Matthew,Richards,matthew.richards4006@example.com,Amman,Egypt,2020-12-12
4007,Timothy,Chambers,timothy.chambers4007@example.com,Cairo,Kuwait,2021-03-14
4008,Craig,Brown,craig.brown4008@example.com,Riyadh,United States,2021-02-02
4009,Karen,Smith,karen.smith4009@example.com,Abu Dhabi,United States,2025-05-26
4010,Brandi,Huerta,brandi.huerta4010@example.com,Riyadh,Egypt,2021-05-12
4011,Collin,Boyd,collin.boyd4011@example.com,London,United Kingdom,2020-08-05
4012,Adrian,Morrison,adrian.morrison4012@example.com,Dubai,United Kingdom,2021-08-13
4013,Valerie,Juarez,valerie.juarez4013@example.com,Berlin,France,2021-07-12
4014,Sarah,Kennedy,sarah.kennedy4014@example.com,Dubai,UAE,2023-05-17
4015,Matthew,Jordan,matthew.jordan4015@example.com,Abu Dhabi,Egypt,2025-06-09
4016,Nathan,Wu,nathan.wu4016@example.com,London,Jordan,2021-04-14
4017,Yvonne,Montoya,yvonne.montoya4017@example.com,Giza,Egypt,2021-09-18
4018,Shelley,Ortega,shelley.ortega4018@example.com,London,Saudi Arabia,2025-10-30
4019,Nicholas,Brown,nicholas.brown4019@example.com,Giza,Jordan,2022-04-16
4020,Michael,Rivera,michael.rivera4020@example.com,Giza,France,2020-04-10
4021,Craig,Bryant,craig.bryant4021@example.com,Berlin,France,2024-05-19
4022,Holly,Hardy,holly.hardy4022@example.com,Cairo,Saudi Arabia,2023-05-13
4023,Pamela,Taylor,pamela.taylor4023@example.com,Jeddah,France,2022-01-23
4024,Carolyn,Melton,carolyn.melton4024@example.com,Dubai,United Kingdom,2022-12-02
4025,Joshua,Lyons,joshua.lyons4025@example.com,London,France,2021-05-19
4026,Lisa,Richardson,lisa.richardson4026@example.com,Jeddah,UAE,2020-03-29
4027,Christine,Hopkins,christine.hopkins4027@example.com,Alexandria,UAE,2022-09-12
4028,Thomas,Gutierrez,thomas.gutierrez4028@example.com,Alexandria,United Kingdom,2026-02-17
4029,Jacob,Andersen,jacob.andersen4029@example.com,Dubai,France,2025-05-21
4030,Susan,Hess,susan.hess4030@example.com,Abu Dhabi,Kuwait,2021-02-13
4031,Allen,Ward,allen.ward4031@example.com,London,France,2024-02-13
4032,Brandon,Aguirre,brandon.aguirre4032@example.com,Abu Dhabi,Germany,2024-04-29
4033,Mark,Wallace,mark.wallace4033@example.com,Giza,France,2024-09-03
4034,Catherine,Ross,catherine.ross4034@example.com,Jeddah,UAE,2020-04-24
4035,Cheyenne,Miller,cheyenne.miller4035@example.com,Abu Dhabi,France,2021-05-07
4036,Ronnie,Huynh,ronnie.huynh4036@example.com,London,Germany,2020-02-15
4037,Sarah,Hatfield,sarah.hatfield4037@example.com,London,Kuwait,2020-05-19
4038,Mercedes,Stein,mercedes.stein4038@example.com,London,France,2020-06-23
4039,Jessica,Carter,jessica.carter4039@example.com,Riyadh,UAE,2025-03-31
4040,James,Thomas,james.thomas4040@example.com,Amman,Kuwait,2020-02-07
4041,Abigail,Armstrong,abigail.armstrong4041@example.com,Alexandria,Qatar,2025-08-12
4042,Melissa,Wagner,melissa.wagner4042@example.com,Berlin,Jordan,2023-11-29
4043,David,Robles,david.robles4043@example.com,Berlin,Germany,2025-10-02
4044,Kevin,Nunez,kevin.nunez4044@example.com,Giza,UAE,2021-09-12
4045,Ana,Baxter,ana.baxter4045@example.com,Riyadh,United States,2023-10-21
4046,Gary,Griffin,gary.griffin4046@example.com,Amman,UAE,2023-02-14
4047,Darrell,Bates,darrell.bates4047@example.com,Abu Dhabi,Germany,2020-10-06
4048,John,Lewis,john.lewis4048@example.com,Amman,Germany,2025-04-16
4049,Karen,Keller,karen.keller4049@example.com,London,UAE,2026-06-17
4050,Christopher,Graham,christopher.graham4050@example.com,Berlin,United Kingdom,2022-11-27
4051,Jennifer,Martin,jennifer.martin4051@example.com,Alexandria,Qatar,2026-08-08
4052,Sarah,Orr,sarah.orr4052@example.com,London,Qatar,2026-07-22
4053,Katie,Robinson,katie.robinson4053@example.com,London,Germany,2020-10-03
4054,Jonathan,Alvarez,jonathan.alvarez4054@example.com,Cairo,Egypt,2021-10-13
4055,Priscilla,Martinez,priscilla.martinez4055@example.com,Dubai,Saudi Arabia,2021-03-11
4056,Derek,Nichols,derek.nichols4056@example.com,Amman,France,2023-08-18
4057,Jessica,Davis,jessica.davis4057@example.com,Dubai,Jordan,2021-03-07
4058,Heather,Wiggins,heather.wiggins4058@example.com,Alexandria,Germany,2024-09-16
4059,Sarah,Miranda,sarah.miranda4059@example.com,Giza,Egypt,2022-10-22
4060,Caroline,Schneider,caroline.schneider4060@example.com,Giza,Egypt,2020-10-25
4061,Nicholas,Love,nicholas.love4061@example.com,Amman,Qatar,2020-04-30
4062,Jill,James,jill.james4062@example.com,Alexandria,Qatar,2021-03-16
4063,Dawn,Hoffman,dawn.hoffman4063@example.com,Amman,Germany,2021-06-29
4064,Melissa,Stokes,melissa.stokes4064@example.com,London,United Kingdom,2022-03-29
4065,Jeffrey,Wilson,jeffrey.wilson4065@example.com,Dubai,Kuwait,2025-07-04
4066,Christopher,Davis,christopher.davis4066@example.com,Amman,Kuwait,2022-07-12
4067,Joy,Pineda,joy.pineda4067@example.com,Dubai,UAE,2024-11-12
4068,Julie,Wilson,julie.wilson4068@example.com,Berlin,Jordan,2020-12-18
4069,Michael,Castaneda,michael.castaneda4069@example.com,London,Egypt,2021-01-29
4070,Stephanie,Ray,stephanie.ray4070@example.com,Dubai,Egypt,2021-07-29
4071,Aaron,Brown,aaron.brown4071@example.com,Cairo,Qatar,2024-07-29
4072,Amanda,Boone,amanda.boone4072@example.com,London,United Kingdom,2020-10-21
4073,Tina,Flores,tina.flores4073@example.com,Riyadh,UAE,2025-12-03
4074,Michael,Shelton,michael.shelton4074@example.com,Amman,Jordan,2022-04-29
4075,Laura,Meyer,laura.meyer4075@example.com,London,France,2025-08-13
4076,Carolyn,Walker,carolyn.walker4076@example.com,Riyadh,Qatar,2026-04-07
4077,Randall,Medina,randall.medina4077@example.com,Alexandria,Saudi Arabia,2024-12-02
4078,Steven,Thomas,steven.thomas4078@example.com,Jeddah,Germany,2020-10-17
4079,Sherri,Hood,sherri.hood4079@example.com,London,Saudi Arabia,2021-06-04
4080,Vincent,Bryant,vincent.bryant4080@example.com,Berlin,Kuwait,2021-02-17
4081,Carolyn,Thomas,carolyn.thomas4081@example.com,Giza,France,2022-08-02
4082,Elizabeth,Solis,elizabeth.solis4082@example.com,Cairo,United States,2026-01-23
4083,Jacqueline,George,jacqueline.george4083@example.com,Riyadh,Egypt,2022-07-06
4084,Kyle,Mooney,kyle.mooney4084@example.com,Abu Dhabi,Kuwait,2024-05-18
4085,David,Shea,david.shea4085@example.com,Riyadh,Saudi Arabia,2021-10-08
4086,Jasmine,Mendoza,jasmine.mendoza4086@example.com,Abu Dhabi,Saudi Arabia,2025-12-28
4087,Maria,Simpson,maria.simpson4087@example.com,London,Jordan,2025-10-21
4088,Janet,Bennett,janet.bennett4088@example.com,London,United Kingdom,2023-07-02
4089,Tina,Cook,tina.cook4089@example.com,Jeddah,United States,2020-08-20
4090,Maria,Clark,maria.clark4090@example.com,Berlin,Saudi Arabia,2026-07-15
4091,Jessica,Cochran,jessica.cochran4091@example.com,Amman,Kuwait,2020-05-02
4092,Isabella,Williams,isabella.williams4092@example.com,Cairo,Qatar,2024-09-22
4093,Michelle,White,michelle.white4093@example.com,Abu Dhabi,Jordan,2023-10-02
4094,Tony,Myers,tony.myers4094@example.com,Cairo,UAE,2022-04-16
4095,Tracey,Hopkins,tracey.hopkins4095@example.com,Berlin,Qatar,2020-09-12
4096,Melinda,Ritter,melinda.ritter4096@example.com,Dubai,France,2020-10-25
4097,Amy,Rogers,amy.rogers4097@example.com,London,United States,2020-05-24
4098,Erica,Mooney,erica.mooney4098@example.com,Riyadh,Saudi Arabia,2024-08-31
4099,Katherine,Myers,katherine.myers4099@example.com,London,United States,2020-11-26
4100,Allison,Campbell,allison.campbell4100@example.com,Berlin,France,2021-06-14
4101,Heather,Lee,heather.lee4101@example.com,Abu Dhabi,Egypt,2021-03-02
4102,Melissa,Long,melissa.long4102@example.com,Cairo,France,2025-09-10
4103,David,Goodwin,david.goodwin4103@example.com,Dubai,Qatar,2024-11-02
4104,Betty,Trujillo,betty.trujillo4104@example.com,Amman,Kuwait,2022-07-21
4105,Melissa,Mckinney,melissa.mckinney4105@example.com,Cairo,Egypt,2020-04-17
4106,Stephen,Martin,stephen.martin4106@example.com,Dubai,United Kingdom,2024-04-02
4107,Devin,Dominguez,devin.dominguez4107@example.com,Cairo,United Kingdom,2025-05-28
4108,Kelly,Thomas,kelly.thomas4108@example.com,Cairo,Germany,2024-03-25
4109,Jeffery,Goodman,jeffery.goodman4109@example.com,Alexandria,Germany,2024-10-14
4110,Jill,Smith,jill.smith4110@example.com,Berlin,UAE,2021-04-18
4111,Jessica,Johnston,jessica.johnston4111@example.com,Amman,Saudi Arabia,2024-02-15
4112,Erika,Hinton,erika.hinton4112@example.com,Riyadh,Jordan,2023-11-06
4113,Dylan,Clements,dylan.clements4113@example.com,Jeddah,Egypt,2022-09-02
4114,Ronald,Skinner,ronald.skinner4114@example.com,Dubai,Saudi Arabia,2026-08-07
4115,Sara,Davis,sara.davis4115@example.com,Cairo,Jordan,2024-08-18
4116,Terri,White,terri.white4116@example.com,Berlin,United States,2020-07-06
4117,Brian,Baird,brian.baird4117@example.com,Cairo,Jordan,2020-08-20
4118,Debra,Watkins,debra.watkins4118@example.com,Giza,Egypt,2021-06-03
4119,Tara,Sims,tara.sims4119@example.com,Amman,UAE,2023-03-03
4120,Richard,Johnson,richard.johnson4120@example.com,Cairo,Qatar,2023-12-03
4121,John,Burns,john.burns4121@example.com,London,Jordan,2023-04-12
4122,Hailey,Blevins,hailey.blevins4122@example.com,Alexandria,United States,2024-06-17
4123,Denise,Bennett,denise.bennett4123@example.com,Amman,Saudi Arabia,2020-11-10
4124,Heather,Pope,heather.pope4124@example.com,Giza,Kuwait,2026-02-04
4125,Donna,Strickland,donna.strickland4125@example.com,Dubai,France,2024-01-02
4126,Michelle,Santos,michelle.santos4126@example.com,Dubai,France,2023-05-24
4127,Joshua,Delgado,joshua.delgado4127@example.com,Riyadh,United Kingdom,2023-04-13
4128,Michael,Wilson,michael.wilson4128@example.com,Dubai,United Kingdom,2022-12-31
4129,Christopher,Burns,christopher.burns4129@example.com,Riyadh,United Kingdom,2025-08-24
4130,Elizabeth,Hicks,elizabeth.hicks4130@example.com,Giza,Egypt,2023-11-20
4131,Andrew,Berry,andrew.berry4131@example.com,Jeddah,United States,2025-06-14
4132,Ashley,Hill,ashley.hill4132@example.com,Abu Dhabi,Saudi Arabia,2022-04-13
4133,Julie,Bauer,julie.bauer4133@example.com,Alexandria,United Kingdom,2022-08-02
4134,Herbert,Washington,herbert.washington4134@example.com,Abu Dhabi,United Kingdom,2022-05-13
4135,Deanna,Hamilton,deanna.hamilton4135@example.com,Giza,Qatar,2021-08-04
4136,Ashley,Garcia,ashley.garcia4136@example.com,Cairo,Jordan,2024-12-08
4137,Bryan,Stout,bryan.stout4137@example.com,Amman,Saudi Arabia,2020-03-28
4138,Laura,Lopez,laura.lopez4138@example.com,Amman,Egypt,2023-01-12
4139,Lisa,Smith,lisa.smith4139@example.com,Abu Dhabi,United States,2024-04-22
4140,Angela,Herrera,angela.herrera4140@example.com,Abu Dhabi,Saudi Arabia,2020-09-01
4141,Lisa,Freeman,lisa.freeman4141@example.com,Abu Dhabi,United States,2024-04-21
4142,April,Richards,april.richards4142@example.com,Amman,Egypt,2024-04-16
4143,Jennifer,Tyler,jennifer.tyler4143@example.com,Jeddah,France,2020-06-30
4144,David,Mullins,david.mullins4144@example.com,Dubai,Jordan,2024-04-02
4145,Tammy,Merritt,tammy.merritt4145@example.com,Alexandria,Germany,2025-12-21
4146,Henry,George,henry.george4146@example.com,Cairo,Kuwait,2020-05-08
4147,Hector,Peters,hector.peters4147@example.com,Berlin,Qatar,2020-04-16
4148,Lauren,Martinez,lauren.martinez4148@example.com,London,Qatar,2022-12-11
4149,David,Harris,david.harris4149@example.com,London,Jordan,2020-04-22
4150,Evan,Hart,evan.hart4150@example.com,Riyadh,United States,2024-11-12
4151,Melissa,Johnson,melissa.johnson4151@example.com,Jeddah,Egypt,2021-03-23
4152,Tina,Hunter,tina.hunter4152@example.com,Berlin,Germany,2023-03-23
4153,Michael,Stephens,michael.stephens4153@example.com,Berlin,France,2024-10-02
4154,Rodney,Landry,rodney.landry4154@example.com,London,United States,2025-10-26
4155,Aaron,Turner,aaron.turner4155@example.com,Abu Dhabi,UAE,2024-04-10
4156,Sophia,Stone,sophia.stone4156@example.com,Amman,Jordan,2021-06-24
4157,Kirsten,Hopkins,kirsten.hopkins4157@example.com,Cairo,Kuwait,2023-01-28
4158,Sean,Ray,sean.ray4158@example.com,Giza,Jordan,2026-02-01
4159,Heather,Mills,heather.mills4159@example.com,Abu Dhabi,Qatar,2026-05-28
4160,Valerie,Bell,valerie.bell4160@example.com,Jeddah,Egypt,2023-01-28
4161,Amanda,Clark,amanda.clark4161@example.com,Riyadh,Kuwait,2022-10-23
4162,Corey,Weiss,corey.weiss4162@example.com,London,Egypt,2021-05-24
4163,Joel,Lopez,joel.lopez4163@example.com,Abu Dhabi,United States,2023-08-07
4164,Kevin,Wall,kevin.wall4164@example.com,Abu Dhabi,UAE,2024-12-22
4165,Susan,Guzman,susan.guzman4165@example.com,Amman,Egypt,2024-12-06
4166,Jason,Howard,jason.howard4166@example.com,Cairo,France,2020-05-31
4167,David,Dean,david.dean4167@example.com,Riyadh,France,2026-03-29
4168,Charles,Scott,charles.scott4168@example.com,Dubai,Germany,2020-08-27
4169,Patrick,Mckee,patrick.mckee4169@example.com,London,Saudi Arabia,2023-02-06
4170,Ricardo,Miller,ricardo.miller4170@example.com,London,United Kingdom,2023-07-10
4171,Jonathan,Coleman,jonathan.coleman4171@example.com,Giza,France,2022-01-06
4172,Heather,Herrera,heather.herrera4172@example.com,Abu Dhabi,Kuwait,2022-11-29
4173,Chad,Oconnor,chad.oconnor4173@example.com,Amman,UAE,2022-07-20
4174,Wanda,Terry,wanda.terry4174@example.com,Alexandria,UAE,2020-07-22
4175,James,Watson,james.watson4175@example.com,Dubai,Saudi Arabia,2020-06-06
4176,Diane,Hoover,diane.hoover4176@example.com,Alexandria,United Kingdom,2024-12-08
4177,Cassidy,Barnes,cassidy.barnes4177@example.com,London,Qatar,2020-06-20
4178,Eric,Riddle,eric.riddle4178@example.com,Berlin,Jordan,2020-09-06
4179,Ryan,Johnson,ryan.johnson4179@example.com,Abu Dhabi,Kuwait,2020-03-07
4180,Cassandra,Jones,cassandra.jones4180@example.com,Riyadh,United Kingdom,2020-07-02
4181,David,Rodriguez,david.rodriguez4181@example.com,London,Jordan,2023-12-03
4182,Amy,Jones,amy.jones4182@example.com,Giza,Saudi Arabia,2025-09-07
4183,Danielle,Cox,danielle.cox4183@example.com,Amman,Saudi Arabia,2025-09-24
4184,Matthew,Nelson,matthew.nelson4184@example.com,Giza,Jordan,2022-04-15
4185,Misty,Perez,misty.perez4185@example.com,Riyadh,United States,2024-03-01
4186,Alejandro,Bennett,alejandro.bennett4186@example.com,Jeddah,Saudi Arabia,2024-10-12
4187,Tanya,Gray,tanya.gray4187@example.com,Abu Dhabi,UAE,2020-04-11
4188,Daniel,Frost,daniel.frost4188@example.com,Riyadh,United States,2024-01-15
4189,Gregory,Chandler,gregory.chandler4189@example.com,Riyadh,Germany,2024-03-14
4190,Kristopher,Nicholson,kristopher.nicholson4190@example.com,Amman,Kuwait,2020-05-07
4191,Tracy,Rice,tracy.rice4191@example.com,Alexandria,Qatar,2020-07-01
4192,Jackie,Grimes,jackie.grimes4192@example.com,Abu Dhabi,UAE,2026-08-18
4193,Andrea,Lawson,andrea.lawson4193@example.com,Cairo,Saudi Arabia,2022-05-16
4194,Peggy,Jackson,peggy.jackson4194@example.com,Riyadh,United Kingdom,2025-09-12
4195,Stacey,Price,stacey.price4195@example.com,London,Qatar,2022-05-30
4196,Michael,Figueroa,michael.figueroa4196@example.com,Jeddah,United States,2020-05-13
4197,Tammy,Schmidt,tammy.schmidt4197@example.com,Alexandria,Germany,2020-11-17
4198,Brooke,Atkinson,brooke.atkinson4198@example.com,Giza,Jordan,2026-05-04
4199,Thomas,Anderson,thomas.anderson4199@example.com,Berlin,United States,2026-02-23
4200,Albert,Palmer,albert.palmer4200@example.com,Jeddah,United Kingdom,2021-05-11
4201,Eric,Martinez,eric.martinez4201@example.com,Berlin,Egypt,2025-04-18
4202,Nicholas,Moss,nicholas.moss4202@example.com,Berlin,United Kingdom,2024-12-11
4203,Brian,Swanson,brian.swanson4203@example.com,Riyadh,Kuwait,2022-03-09
4204,Terri,Zimmerman,terri.zimmerman4204@example.com,London,Kuwait,2022-09-26
4205,John,Franklin,john.franklin4205@example.com,Riyadh,Jordan,2024-01-22
4206,Jasmine,White,jasmine.white4206@example.com,Dubai,France,2023-07-13
4207,Valerie,Lindsey,valerie.lindsey4207@example.com,Giza,Jordan,2024-12-27
4208,Wayne,Hill,wayne.hill4208@example.com,Jeddah,Qatar,2020-11-22
4209,Ronald,David,ronald.david4209@example.com,Riyadh,United Kingdom,2025-09-02
4210,Nicole,Cervantes,nicole.cervantes4210@example.com,Giza,Qatar,2025-06-06
4211,Kevin,Hodge,kevin.hodge4211@example.com,London,Jordan,2025-01-12
4212,Stacey,Russell,stacey.russell4212@example.com,Jeddah,Jordan,2026-05-21
4213,Lawrence,Davis,lawrence.davis4213@example.com,Alexandria,United Kingdom,2022-09-30
4214,Christopher,Blair,christopher.blair4214@example.com,Jeddah,United States,2021-07-19
4215,Shirley,Martin,shirley.martin4215@example.com,London,Kuwait,2023-03-21
4216,Brian,Paul,brian.paul4216@example.com,Riyadh,Qatar,2021-04-28
4217,Angela,Vasquez,angela.vasquez4217@example.com,Giza,Germany,2024-09-20
4218,Nancy,Hayden,nancy.hayden4218@example.com,Berlin,UAE,2026-06-17
4219,Roger,Romero,roger.romero4219@example.com,Amman,Jordan,2022-01-06
4220,Jessica,Castillo,jessica.castillo4220@example.com,Amman,Egypt,2021-11-14
4221,Zachary,Cuevas,zachary.cuevas4221@example.com,Giza,Germany,2022-12-14
4222,Pamela,Wolfe,pamela.wolfe4222@example.com,Berlin,France,2021-02-17
4223,Richard,Jensen,richard.jensen4223@example.com,Alexandria,Egypt,2024-11-02
4224,Rhonda,Reese,rhonda.reese4224@example.com,Cairo,UAE,2020-10-26
4225,Jennifer,Park,jennifer.park4225@example.com,Alexandria,United Kingdom,2025-12-08
4226,Kara,Sanchez,kara.sanchez4226@example.com,Jeddah,Germany,2023-12-22
4227,Joanne,Tapia,joanne.tapia4227@example.com,Alexandria,Germany,2026-03-31
4228,Madeline,Beard,madeline.beard4228@example.com,Dubai,Kuwait,2021-05-02
4229,Allison,Lynch,allison.lynch4229@example.com,Riyadh,Qatar,2026-08-19
4230,Catherine,Oconnell,catherine.oconnell4230@example.com,London,United States,2021-03-17
4231,Emily,Macias,emily.macias4231@example.com,Cairo,Saudi Arabia,2023-12-24
4232,Alexandra,Walker,alexandra.walker4232@example.com,Amman,Germany,2025-01-16
4233,Charles,Franco,charles.franco4233@example.com,Jeddah,Kuwait,2025-05-08
4234,Willie,Farley,willie.farley4234@example.com,Alexandria,UAE,2026-08-11
4235,Roberto,Gray,roberto.gray4235@example.com,Berlin,Saudi Arabia,2021-09-15
4236,Nathaniel,Wilson,nathaniel.wilson4236@example.com,Cairo,United States,2026-08-26
4237,Robin,Wright,robin.wright4237@example.com,Riyadh,France,2024-04-02
4238,Amber,Miranda,amber.miranda4238@example.com,Riyadh,France,2021-12-24
4239,David,Evans,david.evans4239@example.com,Berlin,United States,2023-02-18
4240,Kelly,Lewis,kelly.lewis4240@example.com,Giza,Jordan,2023-05-02
4241,Joann,Carroll,joann.carroll4241@example.com,Amman,Qatar,2020-07-16
4242,Jeff,Torres,jeff.torres4242@example.com,London,United Kingdom,2025-11-21
4243,Sarah,Day,sarah.day4243@example.com,London,United Kingdom,2024-10-13
4244,Margaret,Johnson,margaret.johnson4244@example.com,Abu Dhabi,Qatar,2024-04-22
4245,Steven,Williamson,steven.williamson4245@example.com,Riyadh,UAE,2021-08-09
4246,Tracy,Kelly,tracy.kelly4246@example.com,Cairo,Jordan,2024-10-29
4247,Christina,Murphy,christina.murphy4247@example.com,Berlin,Kuwait,2026-06-13
4248,Michael,Smith,michael.smith4248@example.com,London,Qatar,2021-02-11
4249,Pamela,Lopez,pamela.lopez4249@example.com,Riyadh,Kuwait,2021-11-09
4250,Michael,Garcia,michael.garcia4250@example.com,Giza,Kuwait,2023-01-26
4251,Travis,Miller,travis.miller4251@example.com,Amman,France,2022-07-05
4252,Willie,Hernandez,willie.hernandez4252@example.com,Alexandria,Kuwait,2022-11-28
4253,David,Freeman,david.freeman4253@example.com,London,Saudi Arabia,2022-08-06
4254,Eric,Douglas,eric.douglas4254@example.com,Abu Dhabi,UAE,2021-01-28
4255,Jeremy,Foster,jeremy.foster4255@example.com,Dubai,United Kingdom,2025-09-14
4256,Kevin,Patterson,kevin.patterson4256@example.com,Alexandria,Egypt,2020-06-11
4257,Ian,Cain,ian.cain4257@example.com,Berlin,United Kingdom,2022-03-10
4258,Daniel,Gonzales,daniel.gonzales4258@example.com,Cairo,France,2020-04-15
4259,Mary,Martin,mary.martin4259@example.com,Riyadh,Jordan,2023-02-28
4260,Michael,Hamilton,michael.hamilton4260@example.com,London,Germany,2024-12-27
4261,Michael,Harrell,michael.harrell4261@example.com,Berlin,UAE,2025-02-01
4262,James,Lopez,james.lopez4262@example.com,Abu Dhabi,Saudi Arabia,2021-05-06
4263,Billy,Foster,billy.foster4263@example.com,Amman,Germany,2025-07-13
4264,Julie,Santana,julie.santana4264@example.com,Abu Dhabi,Saudi Arabia,2021-07-14
4265,Ethan,Gonzalez,ethan.gonzalez4265@example.com,Abu Dhabi,Saudi Arabia,2023-12-19
4266,Timothy,Ortega,timothy.ortega4266@example.com,Giza,Jordan,2020-10-31
4267,Joseph,Fisher,joseph.fisher4267@example.com,Riyadh,UAE,2025-09-07
4268,Andrea,Marsh,andrea.marsh4268@example.com,Riyadh,Kuwait,2025-01-31
4269,Jennifer,Nguyen,jennifer.nguyen4269@example.com,Berlin,Saudi Arabia,2023-07-13
4270,Kathy,Macias,kathy.macias4270@example.com,Cairo,Germany,2021-02-15
4271,Warren,Mclean,warren.mclean4271@example.com,Berlin,Qatar,2022-02-18
4272,Megan,Price,megan.price4272@example.com,Berlin,Egypt,2020-02-02
4273,Daniel,Rodriguez,daniel.rodriguez4273@example.com,Dubai,UAE,2026-07-29
4274,Andrew,Moore,andrew.moore4274@example.com,Jeddah,Jordan,2022-03-12
4275,Vincent,Saunders,vincent.saunders4275@example.com,Abu Dhabi,France,2021-09-12
4276,Joel,Gregory,joel.gregory4276@example.com,Amman,UAE,2025-07-27
4277,Matthew,Bray,matthew.bray4277@example.com,Abu Dhabi,UAE,2022-03-24
4278,Joan,Hamilton,joan.hamilton4278@example.com,Giza,United Kingdom,2022-05-27
4279,Keith,Tucker,keith.tucker4279@example.com,Cairo,Germany,2020-10-02
4280,Kathleen,Wright,kathleen.wright4280@example.com,Amman,United Kingdom,2022-05-04
4281,Elijah,Dixon,elijah.dixon4281@example.com,Alexandria,Egypt,2024-09-08
4282,John,Wang,john.wang4282@example.com,Abu Dhabi,United States,2024-04-06
4283,Michelle,Gamble,michelle.gamble4283@example.com,London,Jordan,2023-11-29
4284,John,Hoover,john.hoover4284@example.com,Amman,United Kingdom,2022-01-07
4285,James,Mccarthy,james.mccarthy4285@example.com,Abu Dhabi,Jordan,2023-04-11
4286,Lisa,Haynes,lisa.haynes4286@example.com,Amman,France,2024-05-25
4287,Wayne,White,wayne.white4287@example.com,London,Qatar,2026-02-03
4288,Victoria,Garza,victoria.garza4288@example.com,Amman,Kuwait,2021-01-30
4289,Cynthia,Perez,cynthia.perez4289@example.com,Dubai,Saudi Arabia,2023-03-22
4290,David,Johnson,david.johnson4290@example.com,Jeddah,France,2023-08-25
4291,Veronica,Hickman,veronica.hickman4291@example.com,Dubai,Germany,2021-04-19
4292,Ronald,Jensen,ronald.jensen4292@example.com,Alexandria,France,2023-07-30
4293,Christopher,Williams,christopher.williams4293@example.com,Giza,Qatar,2024-06-18
4294,Richard,Torres,richard.torres4294@example.com,Alexandria,France,2025-06-26
4295,Cynthia,Hall,cynthia.hall4295@example.com,London,Germany,2022-08-19
4296,Matthew,Mendoza,matthew.mendoza4296@example.com,Cairo,Kuwait,2023-01-02
4297,William,Schneider,william.schneider4297@example.com,Berlin,Jordan,2024-08-02
4298,Kevin,Adams,kevin.adams4298@example.com,Cairo,United Kingdom,2023-08-16
4299,Juan,Bell,juan.bell4299@example.com,Abu Dhabi,Qatar,2024-08-11
4300,Robert,Flores,robert.flores4300@example.com,Jeddah,France,2024-10-07
4301,Brandon,Williams,brandon.williams4301@example.com,Jeddah,Kuwait,2020-08-11
4302,Brett,Garner,brett.garner4302@example.com,Abu Dhabi,France,2022-06-15
4303,Jason,Kennedy,jason.kennedy4303@example.com,Riyadh,Egypt,2023-06-17
4304,Rebekah,Garcia,rebekah.garcia4304@example.com,Amman,Germany,2022-06-25
4305,Jack,Vaughan,jack.vaughan4305@example.com,London,UAE,2026-01-04
4306,Michael,Torres,michael.torres4306@example.com,Dubai,Saudi Arabia,2023-09-12
4307,Collin,Smith,collin.smith4307@example.com,Alexandria,United States,2026-01-19
4308,Andrea,Atkins,andrea.atkins4308@example.com,Cairo,Egypt,2024-04-02
4309,Mark,Figueroa,mark.figueroa4309@example.com,Giza,Qatar,2023-12-15
4310,Michael,Maxwell,michael.maxwell4310@example.com,Berlin,Saudi Arabia,2020-07-20
4311,Allison,Watson,allison.watson4311@example.com,Berlin,Jordan,2024-01-23
4312,Debra,Clark,debra.clark4312@example.com,Berlin,Jordan,2021-10-05
4313,Patrick,Eaton,patrick.eaton4313@example.com,Berlin,Germany,2022-07-28
4314,David,Newton,david.newton4314@example.com,Abu Dhabi,UAE,2024-03-11
4315,David,Willis,david.willis4315@example.com,Riyadh,Germany,2022-06-02
4316,Rhonda,Pena,rhonda.pena4316@example.com,Berlin,Jordan,2020-02-25
4317,James,Bush,james.bush4317@example.com,Cairo,Egypt,2025-11-26
4318,Sara,Jones,sara.jones4318@example.com,Giza,United Kingdom,2024-06-17
4319,Amy,Cooper,amy.cooper4319@example.com,Amman,Egypt,2021-10-04
4320,Jessica,Mayo,jessica.mayo4320@example.com,Abu Dhabi,Kuwait,2020-04-09
4321,James,Le,james.le4321@example.com,Dubai,Jordan,2020-05-18
4322,Bradley,Lee,bradley.lee4322@example.com,Abu Dhabi,Saudi Arabia,2024-03-27
4323,Andrea,King,andrea.king4323@example.com,Jeddah,UAE,2023-01-10
4324,Natalie,Castaneda,natalie.castaneda4324@example.com,Giza,Saudi Arabia,2020-10-29
4325,Rebecca,Hester,rebecca.hester4325@example.com,Berlin,Germany,2020-03-23
4326,Patricia,West,patricia.west4326@example.com,Cairo,United Kingdom,2021-09-13
4327,Jennifer,Bartlett,jennifer.bartlett4327@example.com,Giza,United States,2024-05-21
4328,Carlos,Barnes,carlos.barnes4328@example.com,Dubai,United States,2023-07-02
4329,Sarah,Gordon,sarah.gordon4329@example.com,Riyadh,Germany,2025-09-29
4330,Andrew,Greene,andrew.greene4330@example.com,Cairo,Kuwait,2023-01-27
4331,Heather,Anderson,heather.anderson4331@example.com,Amman,Jordan,2021-02-12
4332,Brandon,Knight,brandon.knight4332@example.com,Abu Dhabi,United States,2025-04-14
4333,Laura,Benson,laura.benson4333@example.com,Jeddah,Kuwait,2024-10-25
4334,Joy,Sanders,joy.sanders4334@example.com,Giza,Jordan,2024-07-22
4335,Gail,Berg,gail.berg4335@example.com,Berlin,Kuwait,2025-06-02
4336,Teresa,Martin,teresa.martin4336@example.com,Abu Dhabi,United Kingdom,2025-09-06
4337,Karen,Cruz,karen.cruz4337@example.com,Dubai,Germany,2020-03-11
4338,Kimberly,Morales,kimberly.morales4338@example.com,Amman,Germany,2024-03-06
4339,Joseph,White,joseph.white4339@example.com,Berlin,Saudi Arabia,2025-01-26
4340,Ernest,Robinson,ernest.robinson4340@example.com,Dubai,United States,2020-04-11
4341,Heather,Suarez,heather.suarez4341@example.com,Jeddah,Jordan,2025-01-05
4342,Krystal,Gibson,krystal.gibson4342@example.com,Riyadh,France,2026-04-25
4343,Jasmine,Warren,jasmine.warren4343@example.com,Giza,Kuwait,2023-09-23
4344,Kevin,Robinson,kevin.robinson4344@example.com,Alexandria,Saudi Arabia,2021-01-25
4345,Jeanette,Arnold,jeanette.arnold4345@example.com,Berlin,UAE,2022-04-30
4346,George,Williams,george.williams4346@example.com,Amman,United States,2022-10-20
4347,John,Williams,john.williams4347@example.com,Giza,UAE,2024-07-09
4348,Eddie,Stephenson,eddie.stephenson4348@example.com,London,France,2025-11-13
4349,Sara,Nelson,sara.nelson4349@example.com,London,Jordan,2020-08-29
4350,Krystal,Day,krystal.day4350@example.com,Amman,Kuwait,2024-08-13
4351,John,Colon,john.colon4351@example.com,Abu Dhabi,Qatar,2021-09-08
4352,Amanda,Smith,amanda.smith4352@example.com,Cairo,Qatar,2026-05-04
4353,Michael,Jacobs,michael.jacobs4353@example.com,London,Germany,2020-01-23
4354,Miguel,Miller,miguel.miller4354@example.com,Abu Dhabi,Jordan,2026-04-22
4355,Janice,Dunn,janice.dunn4355@example.com,Amman,United Kingdom,2025-08-09
4356,Jennifer,Ortiz,jennifer.ortiz4356@example.com,Riyadh,Jordan,2023-08-11
4357,Cheryl,Nguyen,cheryl.nguyen4357@example.com,Amman,France,2025-10-08
4358,Brian,Cabrera,brian.cabrera4358@example.com,Berlin,Saudi Arabia,2021-03-06
4359,Madison,Robinson,madison.robinson4359@example.com,Jeddah,Saudi Arabia,2024-03-18
4360,Tammy,Thompson,tammy.thompson4360@example.com,Alexandria,Egypt,2021-10-25
4361,Teresa,Medina,teresa.medina4361@example.com,Berlin,Saudi Arabia,2021-11-11
4362,Tiffany,Osborne,tiffany.osborne4362@example.com,Dubai,France,2021-04-10
4363,Kimberly,Rodriguez,kimberly.rodriguez4363@example.com,Cairo,Germany,2025-07-21
4364,Julie,Reyes,julie.reyes4364@example.com,Alexandria,United Kingdom,2025-06-18
4365,Desiree,Berg,desiree.berg4365@example.com,Alexandria,United Kingdom,2024-09-08
4366,Cynthia,Pierce,cynthia.pierce4366@example.com,Jeddah,Egypt,2023-04-30
4367,Lisa,Walker,lisa.walker4367@example.com,Giza,Germany,2023-04-20
4368,Joseph,Perkins,joseph.perkins4368@example.com,Abu Dhabi,United Kingdom,2023-08-13
4369,Lindsey,Mullins,lindsey.mullins4369@example.com,London,Qatar,2026-04-28
4370,Eric,Hall,eric.hall4370@example.com,Alexandria,UAE,2023-04-03
4371,Jessica,Richardson,jessica.richardson4371@example.com,Berlin,Jordan,2024-02-29
4372,Rachel,Davis,rachel.davis4372@example.com,Berlin,United States,2022-10-26
4373,Hunter,Lopez,hunter.lopez4373@example.com,Amman,France,2022-05-12
4374,Michelle,Lopez,michelle.lopez4374@example.com,Riyadh,UAE,2021-11-03
4375,Tracy,Blair,tracy.blair4375@example.com,Berlin,France,2020-02-10
4376,Deborah,Smith,deborah.smith4376@example.com,Riyadh,Germany,2022-01-04
4377,Frank,Thompson,frank.thompson4377@example.com,Alexandria,France,2020-10-01
4378,Phillip,Franklin,phillip.franklin4378@example.com,Cairo,Kuwait,2022-02-07
4379,Chad,Jones,chad.jones4379@example.com,Dubai,Saudi Arabia,2026-01-11
4380,John,Stout,john.stout4380@example.com,Amman,Qatar,2021-01-22
4381,Tara,Garcia,tara.garcia4381@example.com,Cairo,United States,2025-04-03
4382,Alison,Acosta,alison.acosta4382@example.com,London,UAE,2020-09-30
4383,Lindsey,Morrison,lindsey.morrison4383@example.com,Riyadh,United Kingdom,2022-07-14
4384,Nicholas,Smith,nicholas.smith4384@example.com,Riyadh,Egypt,2022-02-28
4385,Margaret,Hines,margaret.hines4385@example.com,Abu Dhabi,Kuwait,2024-10-11
4386,Deanna,Williams,deanna.williams4386@example.com,London,Kuwait,2024-02-13
4387,John,Miller,john.miller4387@example.com,London,Germany,2022-11-09
4388,Douglas,Burton,douglas.burton4388@example.com,Berlin,United Kingdom,2022-04-09
4389,Alexander,Burch,alexander.burch4389@example.com,Giza,United States,2021-09-16
4390,Susan,Rodriguez,susan.rodriguez4390@example.com,Giza,Jordan,2023-02-20
4391,Jill,Morgan,jill.morgan4391@example.com,Alexandria,Kuwait,2026-04-27
4392,Jasmine,Harris,jasmine.harris4392@example.com,Giza,UAE,2025-11-09
4393,Timothy,Hart,timothy.hart4393@example.com,London,Germany,2023-09-14
4394,Sean,Martin,sean.martin4394@example.com,London,United States,2023-02-09
4395,Martin,Moore,martin.moore4395@example.com,London,France,2022-05-07
4396,Brian,Holt,brian.holt4396@example.com,Alexandria,Egypt,2022-08-07
4397,Courtney,Martinez,courtney.martinez4397@example.com,Dubai,Saudi Arabia,2021-08-23
4398,Mallory,Garcia,mallory.garcia4398@example.com,Alexandria,UAE,2025-05-01
4399,Kenneth,Hunt,kenneth.hunt4399@example.com,Cairo,Qatar,2020-11-14
4400,Mary,Thomas,mary.thomas4400@example.com,Cairo,UAE,2025-09-26
4401,Rhonda,Johnson,rhonda.johnson4401@example.com,Amman,Germany,2025-04-16
4402,Ronald,Hernandez,ronald.hernandez4402@example.com,Riyadh,Kuwait,2025-08-11
4403,Diana,Perez,diana.perez4403@example.com,Giza,Jordan,2026-04-13
4404,Natasha,Cruz,natasha.cruz4404@example.com,Jeddah,Germany,2024-04-28
4405,Nicole,Carson,nicole.carson4405@example.com,Amman,Qatar,2023-06-30
4406,Daniel,Jackson,daniel.jackson4406@example.com,Berlin,Qatar,2025-12-13
4407,Daniel,Garcia,daniel.garcia4407@example.com,Giza,United States,2022-05-26
4408,Stephanie,Howard,stephanie.howard4408@example.com,Alexandria,Kuwait,2021-08-08
4409,Christina,Wilson,christina.wilson4409@example.com,Jeddah,United Kingdom,2024-12-13
4410,Sandra,Gillespie,sandra.gillespie4410@example.com,Amman,Kuwait,2021-05-07
4411,Paula,Munoz,paula.munoz4411@example.com,Berlin,Germany,2023-11-27
4412,Gregory,Moreno,gregory.moreno4412@example.com,Alexandria,Egypt,2024-02-06
4413,Carol,Shelton,carol.shelton4413@example.com,Amman,Qatar,2024-10-03
4414,Edward,Contreras,edward.contreras4414@example.com,Dubai,United States,2026-04-11
4415,Kevin,Roth,kevin.roth4415@example.com,Dubai,Germany,2024-03-12
4416,Michael,Garcia,michael.garcia4416@example.com,Alexandria,Egypt,2022-03-13
4417,Sabrina,Stanley,sabrina.stanley4417@example.com,Amman,Qatar,2025-11-24
4418,Sarah,Cochran,sarah.cochran4418@example.com,Dubai,Egypt,2026-07-29
4419,Jennifer,Jones,jennifer.jones4419@example.com,Abu Dhabi,Qatar,2021-01-20
4420,Aaron,Fitzpatrick,aaron.fitzpatrick4420@example.com,Riyadh,Kuwait,2025-08-21
4421,Edgar,Rios,edgar.rios4421@example.com,Cairo,United States,2023-01-23
4422,Luke,Myers,luke.myers4422@example.com,Cairo,Kuwait,2025-05-14
4423,Jennifer,Floyd,jennifer.floyd4423@example.com,Jeddah,Egypt,2022-11-02
4424,Timothy,Jones,timothy.jones4424@example.com,Abu Dhabi,Egypt,2026-06-01
4425,Becky,Moyer,becky.moyer4425@example.com,Cairo,France,2025-02-04
4426,Joshua,Davis,joshua.davis4426@example.com,Amman,UAE,2025-04-23
4427,Wanda,White,wanda.white4427@example.com,Berlin,Saudi Arabia,2020-06-05
4428,Paul,Flores,paul.flores4428@example.com,Riyadh,Egypt,2021-09-19
4429,Rodney,Steele,rodney.steele4429@example.com,Alexandria,UAE,2020-12-05
4430,Robert,Leon,robert.leon4430@example.com,Jeddah,Saudi Arabia,2020-08-17
4431,Mathew,Pham,mathew.pham4431@example.com,Amman,Egypt,2023-07-11
4432,Desiree,Sanchez,desiree.sanchez4432@example.com,Giza,United Kingdom,2023-02-10
4433,Robert,Crawford,robert.crawford4433@example.com,Dubai,United States,2020-03-09
4434,Amanda,Patel,amanda.patel4434@example.com,Riyadh,Qatar,2021-11-24
4435,Lori,Cruz,lori.cruz4435@example.com,London,Qatar,2025-10-15
4436,Bianca,Fisher,bianca.fisher4436@example.com,Cairo,Germany,2024-09-01
4437,Becky,Steele,becky.steele4437@example.com,Cairo,Saudi Arabia,2022-03-01
4438,Kaitlin,Warner,kaitlin.warner4438@example.com,Berlin,UAE,2022-12-28
4439,Joe,Smith,joe.smith4439@example.com,Giza,UAE,2024-12-21
4440,Victoria,Smith,victoria.smith4440@example.com,Cairo,Kuwait,2022-03-24
4441,Angela,Rosario,angela.rosario4441@example.com,Berlin,Germany,2021-12-09
4442,Samantha,Brown,samantha.brown4442@example.com,Cairo,Kuwait,2023-01-26
4443,Michael,Allison,michael.allison4443@example.com,Berlin,Qatar,2021-04-27
4444,Michelle,Fuentes,michelle.fuentes4444@example.com,Riyadh,France,2026-05-16
4445,Kenneth,Thomas,kenneth.thomas4445@example.com,Giza,United States,2025-03-11
4446,Melissa,Bonilla,melissa.bonilla4446@example.com,Giza,Saudi Arabia,2021-01-05
4447,Robin,Sanchez,robin.sanchez4447@example.com,Alexandria,Saudi Arabia,2022-01-30
4448,Maria,Brown,maria.brown4448@example.com,Riyadh,United States,2020-03-23
4449,Devin,Hayden,devin.hayden4449@example.com,Alexandria,Egypt,2022-06-09
4450,Jane,Bennett,jane.bennett4450@example.com,Riyadh,France,2020-11-28
4451,Anthony,Hanna,anthony.hanna4451@example.com,Dubai,Kuwait,2022-02-21
4452,Nathan,Miles,nathan.miles4452@example.com,Alexandria,Kuwait,2020-08-06
4453,Elizabeth,Jones,elizabeth.jones4453@example.com,Jeddah,Kuwait,2021-12-30
4454,Mary,Harrell,mary.harrell4454@example.com,Abu Dhabi,UAE,2026-05-03
4455,Anthony,Diaz,anthony.diaz4455@example.com,Riyadh,Germany,2022-07-14
4456,Christian,Jones,christian.jones4456@example.com,Dubai,Kuwait,2022-03-27
4457,Ashley,Cervantes,ashley.cervantes4457@example.com,Alexandria,Kuwait,2022-11-28
4458,Edward,White,edward.white4458@example.com,Amman,Kuwait,2021-01-13
4459,Julia,Adkins,julia.adkins4459@example.com,Amman,Qatar,2026-06-28
4460,Holly,Evans,holly.evans4460@example.com,Riyadh,Qatar,2025-11-12
4461,Robert,Rogers,robert.rogers4461@example.com,Amman,UAE,2020-05-30
4462,Kimberly,Dominguez,kimberly.dominguez4462@example.com,London,Germany,2021-09-29
4463,Justin,Moore,justin.moore4463@example.com,Berlin,United States,2022-05-12
4464,Nicole,Johnson,nicole.johnson4464@example.com,Jeddah,Qatar,2023-03-28
4465,Karen,Gordon,karen.gordon4465@example.com,Dubai,Qatar,2025-08-25
4466,Alex,Wall,alex.wall4466@example.com,Berlin,Kuwait,2021-01-06
4467,Erin,Liu,erin.liu4467@example.com,Berlin,Jordan,2022-11-23
4468,Angela,Gallegos,angela.gallegos4468@example.com,Dubai,France,2022-12-04
4469,Samantha,Shaw,samantha.shaw4469@example.com,Cairo,Saudi Arabia,2025-10-18
4470,Jenna,Henderson,jenna.henderson4470@example.com,Alexandria,France,2021-07-26
4471,Eric,Dudley,eric.dudley4471@example.com,Amman,United States,2023-08-15
4472,Adrienne,Spence,adrienne.spence4472@example.com,Riyadh,United States,2024-03-27
4473,David,Lewis,david.lewis4473@example.com,London,Egypt,2023-08-13
4474,Christine,Robinson,christine.robinson4474@example.com,Giza,Qatar,2020-02-02
4475,Isaiah,Reese,isaiah.reese4475@example.com,Alexandria,Germany,2025-05-01
4476,Anita,Skinner,anita.skinner4476@example.com,Riyadh,Qatar,2021-02-14
4477,Lisa,Mcdonald,lisa.mcdonald4477@example.com,Alexandria,Qatar,2023-06-08
4478,Lawrence,May,lawrence.may4478@example.com,Alexandria,France,2026-02-17
4479,Margaret,Martin,margaret.martin4479@example.com,Alexandria,Egypt,2024-12-03
4480,Linda,Lucas,linda.lucas4480@example.com,London,France,2026-08-28
4481,James,Rodriguez,james.rodriguez4481@example.com,London,Germany,2024-06-23
4482,Christian,Morrison,christian.morrison4482@example.com,Amman,Jordan,2022-10-31
4483,Melanie,Johnson,melanie.johnson4483@example.com,Riyadh,United States,2023-10-15
4484,Julian,Weaver,julian.weaver4484@example.com,Amman,Germany,2023-05-14
4485,Cameron,Harper,cameron.harper4485@example.com,Cairo,Jordan,2025-09-07
4486,Katherine,Parker,katherine.parker4486@example.com,Giza,Germany,2024-10-10
4487,Andrea,Little,andrea.little4487@example.com,Abu Dhabi,United States,2024-06-29
4488,Antonio,Adams,antonio.adams4488@example.com,London,Egypt,2021-11-02
4489,Tiffany,Cunningham,tiffany.cunningham4489@example.com,Berlin,UAE,2023-05-16
4490,Anne,Tyler,anne.tyler4490@example.com,London,United Kingdom,2022-03-23
4491,Brandon,Edwards,brandon.edwards4491@example.com,London,UAE,2021-06-16
4492,Sherry,Smith,sherry.smith4492@example.com,Riyadh,Egypt,2021-01-05
4493,Michael,Campbell,michael.campbell4493@example.com,Abu Dhabi,UAE,2023-11-18
4494,Raymond,Lee,raymond.lee4494@example.com,Amman,Germany,2021-11-08
4495,Karen,Swanson,karen.swanson4495@example.com,Amman,Egypt,2021-08-27
4496,Terri,Park,terri.park4496@example.com,Dubai,UAE,2023-05-19
4497,Connor,Russell,connor.russell4497@example.com,Abu Dhabi,Saudi Arabia,2022-01-26
4498,Judith,Garcia,judith.garcia4498@example.com,Dubai,Jordan,2024-11-23
4499,Lindsey,Hernandez,lindsey.hernandez4499@example.com,Giza,Jordan,2021-09-23
4500,Brenda,Reyes,brenda.reyes4500@example.com,Berlin,Qatar,2020-01-21
4501,Brenda,Christian,brenda.christian4501@example.com,Amman,UAE,2023-11-12
4502,Kelly,Hernandez,kelly.hernandez4502@example.com,Giza,France,2026-03-02
4503,Steven,Mcclure,steven.mcclure4503@example.com,Jeddah,Jordan,2025-04-18
4504,Christopher,Higgins,christopher.higgins4504@example.com,Jeddah,France,2022-09-21
4505,Nicole,Aguirre,nicole.aguirre4505@example.com,Giza,Germany,2021-06-10
4506,Destiny,Mack,destiny.mack4506@example.com,Riyadh,UAE,2024-06-25
4507,Eugene,Stuart,eugene.stuart4507@example.com,Riyadh,Kuwait,2024-10-05
4508,Zachary,Chandler,zachary.chandler4508@example.com,London,Germany,2025-12-27
4509,Denise,Conrad,denise.conrad4509@example.com,Giza,Qatar,2025-06-23
4510,Matthew,Floyd,matthew.floyd4510@example.com,London,Egypt,2022-06-27
4511,Matthew,Ward,matthew.ward4511@example.com,London,UAE,2022-08-21
4512,Melissa,Jordan,melissa.jordan4512@example.com,Riyadh,Qatar,2023-10-24
4513,Pamela,Schroeder,pamela.schroeder4513@example.com,Berlin,Egypt,2024-06-18
4514,Paul,Clark,paul.clark4514@example.com,Giza,Jordan,2021-07-19
4515,Cheryl,Jones,cheryl.jones4515@example.com,Amman,Jordan,2020-06-30
4516,Elijah,Burton,elijah.burton4516@example.com,Dubai,Kuwait,2024-11-18
4517,Tyler,Ballard,tyler.ballard4517@example.com,Giza,Qatar,2024-04-22
4518,Douglas,Harrell,douglas.harrell4518@example.com,Alexandria,Germany,2021-09-09
4519,Amy,Novak,amy.novak4519@example.com,Abu Dhabi,Kuwait,2024-05-03
4520,Kimberly,Miller,kimberly.miller4520@example.com,Amman,Egypt,2022-12-05
4521,Clinton,Edwards,clinton.edwards4521@example.com,Jeddah,UAE,2021-10-31
4522,Sarah,Martin,sarah.martin4522@example.com,Jeddah,United Kingdom,2021-03-11
4523,Joshua,Cox,joshua.cox4523@example.com,Amman,Saudi Arabia,2023-11-19
4524,Christopher,White,christopher.white4524@example.com,Giza,Germany,2020-02-20
4525,Kelsey,Scott,kelsey.scott4525@example.com,Alexandria,Qatar,2021-06-11
4526,Thomas,Scott,thomas.scott4526@example.com,London,United Kingdom,2024-04-21
4527,Nancy,Santos,nancy.santos4527@example.com,Amman,Egypt,2025-06-14
4528,Donald,Martinez,donald.martinez4528@example.com,Jeddah,Germany,2020-08-11
4529,Ashley,Williams,ashley.williams4529@example.com,Abu Dhabi,Germany,2022-11-25
4530,Michele,Morales,michele.morales4530@example.com,Giza,United States,2025-01-18
4531,Melody,Stark,melody.stark4531@example.com,Berlin,Qatar,2025-04-23
4532,David,Richardson,david.richardson4532@example.com,Riyadh,United Kingdom,2024-02-03
4533,Megan,Crane,megan.crane4533@example.com,Giza,UAE,2024-10-02
4534,Nathaniel,Fleming,nathaniel.fleming4534@example.com,Berlin,Germany,2020-11-23
4535,William,Baker,william.baker4535@example.com,Alexandria,Egypt,2023-10-12
4536,Nancy,Fleming,nancy.fleming4536@example.com,London,Kuwait,2022-03-20
4537,Christine,Schneider,christine.schneider4537@example.com,Berlin,United States,2025-02-06
4538,Joyce,Sanchez,joyce.sanchez4538@example.com,Jeddah,Egypt,2025-03-18
4539,Lori,Smith,lori.smith4539@example.com,Abu Dhabi,Egypt,2021-05-12
4540,Melissa,Roberts,melissa.roberts4540@example.com,Amman,France,2024-02-12
4541,Eric,Ross,eric.ross4541@example.com,Cairo,United States,2024-02-21
4542,Charles,Price,charles.price4542@example.com,Abu Dhabi,Germany,2023-10-14
4543,Steven,Davis,steven.davis4543@example.com,Abu Dhabi,Egypt,2026-02-01
4544,Steven,Day,steven.day4544@example.com,Abu Dhabi,UAE,2023-04-16
4545,Rachel,Marshall,rachel.marshall4545@example.com,Riyadh,Germany,2020-03-12
4546,Christopher,Dennis,christopher.dennis4546@example.com,Amman,Qatar,2023-05-04
4547,Samantha,Nielsen,samantha.nielsen4547@example.com,Cairo,United States,2021-04-02
4548,Kayla,Gonzalez,kayla.gonzalez4548@example.com,Riyadh,Egypt,2025-12-16
4549,Mark,Stewart,mark.stewart4549@example.com,Jeddah,Jordan,2021-12-18
4550,Wendy,Tucker,wendy.tucker4550@example.com,Giza,United Kingdom,2021-01-22
4551,Jacqueline,Alvarez,jacqueline.alvarez4551@example.com,Alexandria,UAE,2025-07-14
4552,Joshua,Johnson,joshua.johnson4552@example.com,Jeddah,Kuwait,2023-11-15
4553,Eric,Harrison,eric.harrison4553@example.com,Amman,United States,2022-09-26
4554,Danielle,Flores,danielle.flores4554@example.com,Berlin,United States,2025-02-20
4555,Anthony,Burke,anthony.burke4555@example.com,Cairo,Saudi Arabia,2023-08-30
4556,Omar,Mayer,omar.mayer4556@example.com,Riyadh,Egypt,2021-08-24
4557,Michael,Jordan,michael.jordan4557@example.com,London,Saudi Arabia,2024-04-13
4558,Thomas,Brown,thomas.brown4558@example.com,Berlin,Saudi Arabia,2023-10-15
4559,Miranda,Cisneros,miranda.cisneros4559@example.com,Abu Dhabi,Germany,2024-06-29
4560,Gabriela,Nelson,gabriela.nelson4560@example.com,Cairo,UAE,2022-11-18
4561,Cynthia,Miller,cynthia.miller4561@example.com,Giza,Germany,2021-04-21
4562,Chad,Sullivan,chad.sullivan4562@example.com,Dubai,United States,2022-12-04
4563,Kenneth,Joseph,kenneth.joseph4563@example.com,Abu Dhabi,United States,2025-10-06
4564,Monica,Warren,monica.warren4564@example.com,Berlin,Jordan,2020-07-19
4565,Elizabeth,Green,elizabeth.green4565@example.com,Riyadh,United States,2025-04-21
4566,Maria,Davis,maria.davis4566@example.com,Dubai,Germany,2023-01-30
4567,Rachel,Peterson,rachel.peterson4567@example.com,Alexandria,Kuwait,2025-08-16
4568,Karen,Martin,karen.martin4568@example.com,Cairo,United States,2024-06-20
4569,Michael,Barnes,michael.barnes4569@example.com,Alexandria,Kuwait,2023-01-21
4570,Thomas,Barker,thomas.barker4570@example.com,Cairo,Germany,2022-04-28
4571,Ethan,Horton,ethan.horton4571@example.com,Cairo,Germany,2021-06-15
4572,Michael,Schwartz,michael.schwartz4572@example.com,Abu Dhabi,Kuwait,2025-03-09
4573,Paul,Smith,paul.smith4573@example.com,London,Qatar,2021-02-01
4574,Krista,Harper,krista.harper4574@example.com,Dubai,Jordan,2020-03-15
4575,Christian,Contreras,christian.contreras4575@example.com,Riyadh,Jordan,2020-09-18
4576,Christina,Morris,christina.morris4576@example.com,London,Kuwait,2025-03-01
4577,Valerie,Mcmillan,valerie.mcmillan4577@example.com,London,Germany,2026-09-04
4578,Julia,Doyle,julia.doyle4578@example.com,Riyadh,United Kingdom,2024-05-12
4579,Leslie,Hernandez,leslie.hernandez4579@example.com,Amman,United Kingdom,2020-02-21
4580,Stephen,Hernandez,stephen.hernandez4580@example.com,Riyadh,Qatar,2023-08-02
4581,Michelle,Wilson,michelle.wilson4581@example.com,Riyadh,France,2021-09-13
4582,Tara,Russell,tara.russell4582@example.com,Amman,France,2022-05-12
4583,Abigail,Smith,abigail.smith4583@example.com,Berlin,UAE,2024-05-16
4584,Shannon,Wall,shannon.wall4584@example.com,Abu Dhabi,Germany,2020-05-12
4585,David,Cole,david.cole4585@example.com,London,Saudi Arabia,2025-06-15
4586,Tara,Davis,tara.davis4586@example.com,Berlin,Qatar,2020-12-06
4587,Jeffery,Werner,jeffery.werner4587@example.com,Dubai,United Kingdom,2024-02-21
4588,Robert,Payne,robert.payne4588@example.com,Abu Dhabi,Kuwait,2023-07-15
4589,Gabriel,Gray,gabriel.gray4589@example.com,Amman,France,2020-05-01
4590,Michael,Farley,michael.farley4590@example.com,Alexandria,United States,2026-07-23
4591,Teresa,Ray,teresa.ray4591@example.com,Alexandria,United States,2023-12-11
4592,Alexis,Cervantes,alexis.cervantes4592@example.com,London,Germany,2024-08-28
4593,Allen,Mosley,allen.mosley4593@example.com,Cairo,Kuwait,2026-03-29
4594,Wayne,Parrish,wayne.parrish4594@example.com,Amman,Jordan,2024-03-17
4595,Holly,Banks,holly.banks4595@example.com,Berlin,UAE,2024-03-30
4596,Stephen,Jenkins,stephen.jenkins4596@example.com,London,Saudi Arabia,2021-02-01
4597,Michael,Daniels,michael.daniels4597@example.com,Jeddah,Jordan,2022-05-15
4598,Alexandra,Hubbard,alexandra.hubbard4598@example.com,Giza,United States,2023-03-31
4599,Daniel,Thompson,daniel.thompson4599@example.com,Alexandria,UAE,2024-06-30
4600,Ross,Thompson,ross.thompson4600@example.com,Berlin,Germany,2023-12-12
4601,Brooke,Daniels,brooke.daniels4601@example.com,Dubai,Germany,2023-02-16
4602,Patrick,Bruce,patrick.bruce4602@example.com,Riyadh,Qatar,2021-03-08
4603,Haley,Kim,haley.kim4603@example.com,Riyadh,United Kingdom,2026-01-02
4604,Justin,Oliver,justin.oliver4604@example.com,Berlin,Germany,2022-07-11
4605,Sara,Vincent,sara.vincent4605@example.com,Jeddah,France,2025-03-15
4606,Wanda,Shaffer,wanda.shaffer4606@example.com,Abu Dhabi,France,2021-10-04
4607,Dale,Banks,dale.banks4607@example.com,Alexandria,Germany,2023-03-27
4608,Christina,Jenkins,christina.jenkins4608@example.com,Cairo,United Kingdom,2023-09-30
4609,Tyler,Walton,tyler.walton4609@example.com,Amman,UAE,2021-02-06
4610,Sara,Garcia,sara.garcia4610@example.com,Jeddah,United States,2024-09-08
4611,Sean,Perkins,sean.perkins4611@example.com,Jeddah,Germany,2022-02-12
4612,Antonio,Roberts,antonio.roberts4612@example.com,Cairo,United States,2022-07-07
4613,Robert,Walker,robert.walker4613@example.com,Alexandria,United States,2025-08-23
4614,Shawn,James,shawn.james4614@example.com,Giza,United States,2026-05-26
4615,James,Harrison,james.harrison4615@example.com,Jeddah,Egypt,2023-08-24
4616,David,Ponce,david.ponce4616@example.com,London,Jordan,2021-11-12
4617,Robin,Gutierrez,robin.gutierrez4617@example.com,London,France,2021-01-07
4618,Lori,Padilla,lori.padilla4618@example.com,Riyadh,Egypt,2024-05-13
4619,Joyce,Smith,joyce.smith4619@example.com,Berlin,United Kingdom,2022-03-01
4620,Nicholas,Walker,nicholas.walker4620@example.com,Alexandria,France,2024-02-20
4621,Justin,Hobbs,justin.hobbs4621@example.com,Dubai,UAE,2025-04-18
4622,Joseph,Roberson,joseph.roberson4622@example.com,Dubai,Qatar,2021-06-27
4623,Laura,Perry,laura.perry4623@example.com,Abu Dhabi,Saudi Arabia,2020-05-06
4624,John,Mccullough,john.mccullough4624@example.com,Dubai,United States,2025-03-03
4625,Robert,Smith,robert.smith4625@example.com,Amman,Jordan,2024-12-22
4626,Eric,Brooks,eric.brooks4626@example.com,Dubai,UAE,2025-03-04
4627,Lisa,Wilkins,lisa.wilkins4627@example.com,Berlin,Saudi Arabia,2023-09-18
4628,Carol,Rogers,carol.rogers4628@example.com,Alexandria,Jordan,2025-03-08
4629,Susan,Haney,susan.haney4629@example.com,Giza,Egypt,2020-05-12
4630,John,Beltran,john.beltran4630@example.com,Jeddah,United Kingdom,2025-04-09
4631,James,Newman,james.newman4631@example.com,Jeddah,Saudi Arabia,2024-09-04
4632,Maria,Solis,maria.solis4632@example.com,Abu Dhabi,United Kingdom,2021-05-10
4633,Becky,Anderson,becky.anderson4633@example.com,London,United Kingdom,2020-04-07
4634,Daisy,Madden,daisy.madden4634@example.com,Amman,France,2020-09-01
4635,Glenn,Strong,glenn.strong4635@example.com,Abu Dhabi,Germany,2020-06-12
4636,Zachary,Kim,zachary.kim4636@example.com,Riyadh,Germany,2025-09-26
4637,Cory,Owen,cory.owen4637@example.com,Amman,Germany,2021-05-23
4638,William,Welch,william.welch4638@example.com,Giza,UAE,2022-12-11
4639,Kristen,Cameron,kristen.cameron4639@example.com,London,Saudi Arabia,2021-11-23
4640,Courtney,Green,courtney.green4640@example.com,Riyadh,Germany,2023-10-23
4641,Angela,Fry,angela.fry4641@example.com,Alexandria,Jordan,2025-05-30
4642,James,Davis,james.davis4642@example.com,Dubai,Kuwait,2021-02-01
4643,Samuel,Fuller,samuel.fuller4643@example.com,Riyadh,Saudi Arabia,2025-02-19
4644,Brittney,Johnson,brittney.johnson4644@example.com,Amman,Jordan,2022-11-30
4645,Jasmine,Knapp,jasmine.knapp4645@example.com,Riyadh,Kuwait,2024-12-26
4646,Christian,Reyes,christian.reyes4646@example.com,Riyadh,France,2022-11-22
4647,Julia,Anderson,julia.anderson4647@example.com,London,Kuwait,2026-08-31
4648,Shawn,Welch,shawn.welch4648@example.com,Cairo,UAE,2021-08-29
4649,Michael,Allen,michael.allen4649@example.com,Berlin,Kuwait,2020-04-16
4650,Rachael,Phillips,rachael.phillips4650@example.com,Dubai,Qatar,2026-04-27
4651,Amanda,Sanchez,amanda.sanchez4651@example.com,Riyadh,Kuwait,2023-06-10
4652,Kimberly,Hartman,kimberly.hartman4652@example.com,Alexandria,United States,2023-06-02
4653,Kaylee,Hopkins,kaylee.hopkins4653@example.com,Amman,France,2023-04-22
4654,Joshua,Donovan,joshua.donovan4654@example.com,Alexandria,UAE,2021-08-23
4655,Courtney,Little,courtney.little4655@example.com,London,Kuwait,2024-04-22
4656,Beth,Garcia,beth.garcia4656@example.com,Abu Dhabi,Jordan,2020-04-24
4657,Stephen,Carlson,stephen.carlson4657@example.com,Dubai,United States,2023-05-25
4658,Daniel,Campbell,daniel.campbell4658@example.com,Alexandria,United States,2020-02-19
4659,Patricia,Davis,patricia.davis4659@example.com,Abu Dhabi,Qatar,2025-09-14
4660,Troy,Ward,troy.ward4660@example.com,Berlin,Germany,2025-05-07
4661,Mary,Myers,mary.myers4661@example.com,London,UAE,2023-11-10
4662,Travis,Johnson,travis.johnson4662@example.com,Alexandria,United States,2025-08-14
4663,Charles,Chung,charles.chung4663@example.com,Riyadh,United Kingdom,2024-03-13
4664,Charles,Mcdaniel,charles.mcdaniel4664@example.com,Jeddah,France,2021-11-23
4665,Nicholas,Edwards,nicholas.edwards4665@example.com,Berlin,France,2021-12-19
4666,Rebekah,Stokes,rebekah.stokes4666@example.com,Amman,Germany,2020-02-28
4667,Hector,Smith,hector.smith4667@example.com,Giza,Qatar,2022-07-09
4668,Guy,Bradley,guy.bradley4668@example.com,Abu Dhabi,Jordan,2022-07-07
4669,Catherine,Johnson,catherine.johnson4669@example.com,Alexandria,Kuwait,2021-05-04
4670,Theresa,Chaney,theresa.chaney4670@example.com,Dubai,Qatar,2025-08-05
4671,Timothy,Mendez,timothy.mendez4671@example.com,Amman,United States,2020-02-19
4672,Amy,Moore,amy.moore4672@example.com,Berlin,Jordan,2022-04-09
4673,Judy,House,judy.house4673@example.com,Riyadh,Egypt,2024-06-20
4674,James,Johnson,james.johnson4674@example.com,Giza,Qatar,2025-09-09
4675,Andrew,Hunt,andrew.hunt4675@example.com,Giza,Kuwait,2026-03-16
4676,Edwin,Camacho,edwin.camacho4676@example.com,Berlin,United Kingdom,2020-11-21
4677,Danny,Robinson,danny.robinson4677@example.com,Cairo,France,2026-05-10
4678,Mark,Robinson,mark.robinson4678@example.com,Berlin,Jordan,2022-09-29
4679,Jessica,Case,jessica.case4679@example.com,Abu Dhabi,UAE,2022-09-30
4680,Joseph,Olson,joseph.olson4680@example.com,Dubai,France,2021-12-27
4681,Stephanie,Bailey,stephanie.bailey4681@example.com,Cairo,United States,2022-12-24
4682,Andrea,Phillips,andrea.phillips4682@example.com,Berlin,Kuwait,2021-01-09
4683,Julie,Simpson,julie.simpson4683@example.com,Dubai,Saudi Arabia,2021-06-26
4684,William,Ross,william.ross4684@example.com,Berlin,Kuwait,2020-09-06
4685,James,Thompson,james.thompson4685@example.com,Dubai,Jordan,2022-09-26
4686,Gloria,Clay,gloria.clay4686@example.com,London,United States,2025-05-08
4687,Juan,Long,juan.long4687@example.com,Amman,Saudi Arabia,2026-01-08
4688,Brandy,Miranda,brandy.miranda4688@example.com,Cairo,Qatar,2020-10-26
4689,Larry,Bauer,larry.bauer4689@example.com,Dubai,France,2021-04-21
4690,Stephanie,Freeman,stephanie.freeman4690@example.com,Amman,Saudi Arabia,2025-05-03
4691,Nicole,Henderson,nicole.henderson4691@example.com,Dubai,Saudi Arabia,2026-01-30
4692,Julie,Cabrera,julie.cabrera4692@example.com,London,Jordan,2025-06-18
4693,Cindy,Lawson,cindy.lawson4693@example.com,Abu Dhabi,United States,2020-02-09
4694,Ruben,Bradley,ruben.bradley4694@example.com,London,Germany,2021-04-01
4695,Nathaniel,Chen,nathaniel.chen4695@example.com,Amman,Jordan,2026-08-09
4696,Caleb,Jackson,caleb.jackson4696@example.com,London,France,2020-01-03
4697,Arthur,Dixon,arthur.dixon4697@example.com,Abu Dhabi,Germany,2023-01-13
4698,Brenda,Carter,brenda.carter4698@example.com,Amman,UAE,2023-09-08
4699,Margaret,Newman,margaret.newman4699@example.com,Berlin,France,2025-10-07
4700,Tammy,Bell,tammy.bell4700@example.com,Abu Dhabi,Kuwait,2022-12-18
4701,Anthony,White,anthony.white4701@example.com,Berlin,Jordan,2023-10-29
4702,Marcus,Gibbs,marcus.gibbs4702@example.com,Abu Dhabi,United Kingdom,2025-08-22
4703,Michael,Jones,michael.jones4703@example.com,Abu Dhabi,France,2021-04-01
4704,Diane,Watson,diane.watson4704@example.com,Alexandria,France,2020-01-27
4705,Kimberly,Martinez,kimberly.martinez4705@example.com,Riyadh,United Kingdom,2025-04-11
4706,Lucas,Smith,lucas.smith4706@example.com,Amman,UAE,2022-01-02
4707,Mark,Marshall,mark.marshall4707@example.com,Giza,Germany,2023-06-01
4708,Laura,Roach,laura.roach4708@example.com,Giza,France,2023-11-03
4709,Anna,Cruz,anna.cruz4709@example.com,Berlin,UAE,2022-03-03
4710,Carolyn,Rose,carolyn.rose4710@example.com,Giza,Jordan,2022-05-23
4711,Dakota,Ramirez,dakota.ramirez4711@example.com,Abu Dhabi,United Kingdom,2023-06-04
4712,Cathy,Ware,cathy.ware4712@example.com,Riyadh,United Kingdom,2025-04-16
4713,Michelle,Jones,michelle.jones4713@example.com,Giza,Kuwait,2022-05-11
4714,Patricia,Fisher,patricia.fisher4714@example.com,London,UAE,2023-08-19
4715,Katelyn,Stewart,katelyn.stewart4715@example.com,Alexandria,Jordan,2024-06-10
4716,Luke,Gonzalez,luke.gonzalez4716@example.com,Alexandria,UAE,2021-10-05
4717,Leah,Jimenez,leah.jimenez4717@example.com,Riyadh,United Kingdom,2025-04-24
4718,Veronica,Fisher,veronica.fisher4718@example.com,London,Germany,2023-01-08
4719,David,Jackson,david.jackson4719@example.com,Dubai,Kuwait,2025-04-17
4720,Mark,Reyes,mark.reyes4720@example.com,Abu Dhabi,Qatar,2021-08-16
4721,Barbara,Mitchell,barbara.mitchell4721@example.com,Abu Dhabi,Qatar,2023-12-20
4722,Dawn,Chase,dawn.chase4722@example.com,Riyadh,France,2023-06-15
4723,Vanessa,Buck,vanessa.buck4723@example.com,Jeddah,United States,2024-05-30
4724,Justin,Skinner,justin.skinner4724@example.com,Jeddah,Egypt,2024-07-13
4725,Richard,Huang,richard.huang4725@example.com,Cairo,Germany,2023-12-19
4726,Samantha,Williams,samantha.williams4726@example.com,Alexandria,France,2023-01-28
4727,Deanna,Jones,deanna.jones4727@example.com,Cairo,Jordan,2022-05-04
4728,Cody,Lang,cody.lang4728@example.com,Abu Dhabi,Kuwait,2024-03-09
4729,Jennifer,Hill,jennifer.hill4729@example.com,Cairo,Qatar,2024-10-17
4730,Karen,Ross,karen.ross4730@example.com,Jeddah,Qatar,2026-04-04
4731,Angela,Edwards,angela.edwards4731@example.com,Berlin,Jordan,2022-05-30
4732,Cheryl,Long,cheryl.long4732@example.com,London,United Kingdom,2024-12-07
4733,Heather,Gibson,heather.gibson4733@example.com,Abu Dhabi,Saudi Arabia,2020-10-31
4734,Melinda,Coffey,melinda.coffey4734@example.com,Dubai,UAE,2023-08-26
4735,David,Brooks,david.brooks4735@example.com,Amman,United States,2025-04-08
4736,Christine,Johnson,christine.johnson4736@example.com,Cairo,Germany,2025-06-17
4737,Brandon,Smith,brandon.smith4737@example.com,Dubai,Kuwait,2026-07-28
4738,Daniel,Morris,daniel.morris4738@example.com,Jeddah,Egypt,2021-02-19
4739,Grace,Graham,grace.graham4739@example.com,Cairo,Qatar,2023-02-04
4740,George,Lee,george.lee4740@example.com,Berlin,Qatar,2024-11-29
4741,Rachel,Wood,rachel.wood4741@example.com,Abu Dhabi,Saudi Arabia,2025-04-16
4742,Rebecca,Mayo,rebecca.mayo4742@example.com,Alexandria,Saudi Arabia,2023-08-22
4743,Sarah,Parrish,sarah.parrish4743@example.com,Jeddah,UAE,2021-09-08
4744,Jordan,Glover,jordan.glover4744@example.com,London,Kuwait,2026-06-09
4745,Daniel,Valentine,daniel.valentine4745@example.com,Dubai,United Kingdom,2020-12-26
4746,Charles,Murphy,charles.murphy4746@example.com,Amman,Jordan,2023-09-04
4747,Cheyenne,Burnett,cheyenne.burnett4747@example.com,London,United Kingdom,2022-12-03
4748,Joseph,Jackson,joseph.jackson4748@example.com,Berlin,United Kingdom,2023-04-08
4749,Devin,Murray,devin.murray4749@example.com,Cairo,UAE,2020-10-05
4750,David,Atkins,david.atkins4750@example.com,Riyadh,Qatar,2024-12-31
4751,Karen,Barron,karen.barron4751@example.com,Dubai,UAE,2023-08-08
4752,Tammy,Gutierrez,tammy.gutierrez4752@example.com,Amman,Jordan,2025-03-02
4753,Sean,Martinez,sean.martinez4753@example.com,Riyadh,Qatar,2022-03-26
4754,Allison,Lane,allison.lane4754@example.com,Abu Dhabi,Kuwait,2020-04-04
4755,Donna,Bray,donna.bray4755@example.com,Alexandria,Saudi Arabia,2024-08-09
4756,Marc,Simon,marc.simon4756@example.com,Jeddah,Germany,2025-06-15
4757,Jeremiah,Baker,jeremiah.baker4757@example.com,Cairo,United Kingdom,2020-09-03
4758,Kenneth,Miller,kenneth.miller4758@example.com,Berlin,Qatar,2020-03-07
4759,Angelica,Salas,angelica.salas4759@example.com,London,Germany,2020-05-11
4760,Donna,Moss,donna.moss4760@example.com,Berlin,Qatar,2026-01-15
4761,Jamie,Miller,jamie.miller4761@example.com,Amman,Kuwait,2026-06-12
4762,Teresa,Brown,teresa.brown4762@example.com,Riyadh,Saudi Arabia,2020-11-05
4763,Alexander,Robinson,alexander.robinson4763@example.com,London,Saudi Arabia,2026-04-05
4764,Lori,Lopez,lori.lopez4764@example.com,Giza,United Kingdom,2021-10-10
4765,Dan,Clark,dan.clark4765@example.com,Berlin,Saudi Arabia,2026-06-08
4766,Brittany,Rose,brittany.rose4766@example.com,Amman,United States,2022-02-20
4767,Michele,Hodges,michele.hodges4767@example.com,Giza,Germany,2023-02-08
4768,Larry,Gibson,larry.gibson4768@example.com,Amman,France,2021-09-15
4769,Eric,Wagner,eric.wagner4769@example.com,Riyadh,Saudi Arabia,2022-01-14
4770,Robin,Robinson,robin.robinson4770@example.com,London,Qatar,2025-02-02
4771,Michael,Hester,michael.hester4771@example.com,Berlin,Germany,2020-03-28
4772,Miranda,Palmer,miranda.palmer4772@example.com,Jeddah,United States,2023-04-18
4773,Kimberly,Lopez,kimberly.lopez4773@example.com,Cairo,United States,2024-05-16
4774,Joshua,Martin,joshua.martin4774@example.com,Cairo,Egypt,2022-07-11
4775,Kurt,Kane,kurt.kane4775@example.com,Riyadh,Germany,2021-09-08
4776,Deborah,Thomas,deborah.thomas4776@example.com,Abu Dhabi,Jordan,2026-07-21
4777,Nancy,Mcgee,nancy.mcgee4777@example.com,Riyadh,United Kingdom,2025-02-17
4778,John,Shannon,john.shannon4778@example.com,Dubai,United States,2023-12-23
4779,Jacob,Johnson,jacob.johnson4779@example.com,London,UAE,2022-02-12
4780,Dorothy,Chavez,dorothy.chavez4780@example.com,Alexandria,Jordan,2023-06-17
4781,Joseph,Mcintosh,joseph.mcintosh4781@example.com,Alexandria,Saudi Arabia,2020-04-17
4782,Christopher,Reynolds,christopher.reynolds4782@example.com,Berlin,United States,2020-06-10
4783,Edward,Shaw,edward.shaw4783@example.com,Alexandria,United Kingdom,2023-11-28
4784,William,Brown,william.brown4784@example.com,Giza,Qatar,2023-07-15
4785,Joseph,Davis,joseph.davis4785@example.com,Dubai,Jordan,2022-04-06
4786,Deborah,Dennis,deborah.dennis4786@example.com,Abu Dhabi,UAE,2024-10-03
4787,Roberto,Carter,roberto.carter4787@example.com,Abu Dhabi,Jordan,2022-06-08
4788,Richard,Wheeler,richard.wheeler4788@example.com,Riyadh,Egypt,2021-07-16
4789,Alyssa,Snyder,alyssa.snyder4789@example.com,Amman,Saudi Arabia,2024-03-16
4790,Ryan,Maldonado,ryan.maldonado4790@example.com,Cairo,France,2022-05-04
4791,Debbie,Haley,debbie.haley4791@example.com,Jeddah,Egypt,2025-01-04
4792,Jeffrey,Brown,jeffrey.brown4792@example.com,Amman,Germany,2022-03-24
4793,Austin,Adams,austin.adams4793@example.com,Dubai,Germany,2026-08-14
4794,Cameron,Garcia,cameron.garcia4794@example.com,Giza,Saudi Arabia,2021-12-18
4795,Jeremy,Oliver,jeremy.oliver4795@example.com,Berlin,United States,2025-10-16
4796,Jennifer,Myers,jennifer.myers4796@example.com,Giza,UAE,2022-05-08
4797,Craig,Gross,craig.gross4797@example.com,Giza,France,2024-01-07
4798,Natasha,Adams,natasha.adams4798@example.com,Riyadh,Germany,2022-02-21
4799,Jamie,Floyd,jamie.floyd4799@example.com,Dubai,Saudi Arabia,2025-09-07
4800,Michael,Roberts,michael.roberts4800@example.com,Riyadh,France,2022-11-11
4801,Caitlyn,Gross,caitlyn.gross4801@example.com,Berlin,Saudi Arabia,2025-02-14
4802,Clinton,Gordon,clinton.gordon4802@example.com,Cairo,Egypt,2024-04-05
4803,Jackie,Woods,jackie.woods4803@example.com,Jeddah,Germany,2021-02-13
4804,Kevin,Knox,kevin.knox4804@example.com,Riyadh,Qatar,2023-06-23
4805,John,Edwards,john.edwards4805@example.com,Giza,Germany,2023-05-16
4806,Chad,Lopez,chad.lopez4806@example.com,Dubai,Saudi Arabia,2024-05-15
4807,Rachel,Thomas,rachel.thomas4807@example.com,Amman,Egypt,2023-01-30
4808,Alexander,Wells,alexander.wells4808@example.com,Riyadh,Egypt,2021-07-30
4809,Matthew,Thompson,matthew.thompson4809@example.com,Dubai,UAE,2026-05-01
4810,Joseph,Jones,joseph.jones4810@example.com,Cairo,UAE,2025-10-25
4811,Erin,Castaneda,erin.castaneda4811@example.com,Alexandria,UAE,2025-04-08
4812,Brooke,Montes,brooke.montes4812@example.com,Cairo,Egypt,2026-09-08
4813,Brandy,Freeman,brandy.freeman4813@example.com,Dubai,Kuwait,2024-03-02
4814,John,Rodriguez,john.rodriguez4814@example.com,London,Germany,2021-10-07
4815,Lori,Bradley,lori.bradley4815@example.com,Jeddah,UAE,2021-12-16
4816,Veronica,Conley,veronica.conley4816@example.com,Berlin,UAE,2022-01-13
4817,Alicia,Jackson,alicia.jackson4817@example.com,Riyadh,Saudi Arabia,2021-10-27
4818,Dwayne,Davis,dwayne.davis4818@example.com,Cairo,France,2022-04-15
4819,Kevin,Fitzgerald,kevin.fitzgerald4819@example.com,Abu Dhabi,Germany,2024-03-08
4820,Shaun,Navarro,shaun.navarro4820@example.com,Abu Dhabi,United States,2023-08-08
4821,Veronica,Scott,veronica.scott4821@example.com,Cairo,Egypt,2023-09-20
4822,Tom,Diaz,tom.diaz4822@example.com,Cairo,France,2020-05-20
4823,Alexander,Gomez,alexander.gomez4823@example.com,Alexandria,Germany,2020-07-09
4824,Jennifer,Vance,jennifer.vance4824@example.com,Berlin,Germany,2025-11-21
4825,Kim,Vincent,kim.vincent4825@example.com,Alexandria,UAE,2021-02-14
4826,Rachel,Larson,rachel.larson4826@example.com,Cairo,Qatar,2022-07-01
4827,Daniel,Jennings,daniel.jennings4827@example.com,Giza,Germany,2020-09-28
4828,Jessica,Smith,jessica.smith4828@example.com,Giza,France,2025-03-17
4829,Tiffany,Chase,tiffany.chase4829@example.com,Jeddah,United Kingdom,2024-12-08
4830,Donna,Thomas,donna.thomas4830@example.com,Alexandria,United States,2020-01-03
4831,Tyler,Sanchez,tyler.sanchez4831@example.com,Abu Dhabi,France,2025-04-07
4832,Joyce,Mcpherson,joyce.mcpherson4832@example.com,Abu Dhabi,UAE,2023-08-15
4833,Michael,Garner,michael.garner4833@example.com,Berlin,Qatar,2021-01-29
4834,James,Blevins,james.blevins4834@example.com,Amman,France,2026-05-28
4835,Danielle,Sheppard,danielle.sheppard4835@example.com,Dubai,UAE,2022-06-17
4836,Natalie,Shelton,natalie.shelton4836@example.com,Berlin,UAE,2021-08-07
4837,Rachel,Cole,rachel.cole4837@example.com,Dubai,Saudi Arabia,2021-01-23
4838,Susan,Rose,susan.rose4838@example.com,Jeddah,Kuwait,2021-03-07
4839,Joseph,Shelton,joseph.shelton4839@example.com,Dubai,Jordan,2022-10-23
4840,Pamela,Myers,pamela.myers4840@example.com,Alexandria,Kuwait,2023-09-08
4841,Robert,Mcknight,robert.mcknight4841@example.com,Amman,United States,2025-10-30
4842,Kyle,Williams,kyle.williams4842@example.com,Berlin,United States,2022-12-28
4843,Abigail,Cooper,abigail.cooper4843@example.com,Alexandria,Qatar,2024-09-24
4844,Cheryl,Hamilton,cheryl.hamilton4844@example.com,Riyadh,UAE,2026-07-01
4845,Spencer,Donaldson,spencer.donaldson4845@example.com,Cairo,Germany,2020-07-15
4846,Laura,Roberts,laura.roberts4846@example.com,Dubai,UAE,2020-02-28
4847,Tara,Porter,tara.porter4847@example.com,Alexandria,Egypt,2022-09-01
4848,Gina,Owens,gina.owens4848@example.com,Alexandria,Germany,2023-08-14
4849,Edward,Levy,edward.levy4849@example.com,Cairo,United States,2025-05-23
4850,Cindy,Beck,cindy.beck4850@example.com,Amman,Qatar,2022-02-08
4851,Kevin,Roberts,kevin.roberts4851@example.com,London,Germany,2025-01-25
4852,Lauren,Smith,lauren.smith4852@example.com,Dubai,France,2022-12-12
4853,Blake,Campbell,blake.campbell4853@example.com,Berlin,France,2021-04-27
4854,Brittany,Brown,brittany.brown4854@example.com,Abu Dhabi,United Kingdom,2023-10-13
4855,Kevin,Jordan,kevin.jordan4855@example.com,Riyadh,UAE,2022-11-11
4856,Donna,Smith,donna.smith4856@example.com,Riyadh,France,2026-02-26
4857,John,Bell,john.bell4857@example.com,Amman,Saudi Arabia,2023-11-03
4858,Justin,Trevino,justin.trevino4858@example.com,Berlin,Kuwait,2020-09-15
4859,Elizabeth,Mack,elizabeth.mack4859@example.com,Riyadh,Germany,2020-04-14
4860,Eric,Miller,eric.miller4860@example.com,Berlin,UAE,2021-01-22
4861,Joseph,Ferrell,joseph.ferrell4861@example.com,Dubai,France,2021-03-31
4862,James,Richards,james.richards4862@example.com,Giza,United Kingdom,2023-04-26
4863,Christopher,Robinson,christopher.robinson4863@example.com,Alexandria,Qatar,2023-06-11
4864,Thomas,Gomez,thomas.gomez4864@example.com,Amman,Germany,2026-03-16
4865,Lisa,Walsh,lisa.walsh4865@example.com,Giza,United Kingdom,2022-01-17
4866,Roberto,Rasmussen,roberto.rasmussen4866@example.com,Jeddah,United Kingdom,2022-03-09
4867,Corey,Green,corey.green4867@example.com,Alexandria,Jordan,2020-03-09
4868,Kevin,Collins,kevin.collins4868@example.com,Dubai,Qatar,2025-11-22
4869,Anne,Shelton,anne.shelton4869@example.com,London,UAE,2026-04-24
4870,Marcus,Lane,marcus.lane4870@example.com,Berlin,United Kingdom,2020-07-11
4871,Felicia,Gonzalez,felicia.gonzalez4871@example.com,Berlin,Qatar,2026-01-18
4872,Derek,Spencer,derek.spencer4872@example.com,Dubai,United Kingdom,2021-11-14
4873,Kevin,Miller,kevin.miller4873@example.com,Riyadh,UAE,2021-02-14
4874,Ashley,Fuller,ashley.fuller4874@example.com,Alexandria,United States,2022-07-15
4875,Amy,Bennett,amy.bennett4875@example.com,Alexandria,United Kingdom,2024-10-02
4876,Nancy,Kim,nancy.kim4876@example.com,Dubai,Kuwait,2020-07-19
4877,Dillon,Ramos,dillon.ramos4877@example.com,Jeddah,Kuwait,2024-05-15
4878,Lawrence,Donovan,lawrence.donovan4878@example.com,Berlin,Germany,2025-05-05
4879,Jennifer,Mcdonald,jennifer.mcdonald4879@example.com,Amman,Qatar,2021-07-11
4880,Ronald,Fisher,ronald.fisher4880@example.com,Abu Dhabi,Egypt,2020-11-02
4881,Robert,Johnson,robert.johnson4881@example.com,Abu Dhabi,United Kingdom,2023-06-30
4882,Angelica,Bernard,angelica.bernard4882@example.com,Dubai,United States,2026-08-29
4883,Robert,Campos,robert.campos4883@example.com,Giza,Egypt,2024-08-07
4884,Christina,Turner,christina.turner4884@example.com,Alexandria,UAE,2025-05-23
4885,John,Hunt,john.hunt4885@example.com,Alexandria,Jordan,2024-05-21
4886,David,Daniels,david.daniels4886@example.com,Alexandria,Germany,2024-05-20
4887,Ariana,Carter,ariana.carter4887@example.com,London,Jordan,2022-10-15
4888,Karina,Long,karina.long4888@example.com,Riyadh,Saudi Arabia,2022-07-15
4889,Richard,Smith,richard.smith4889@example.com,Abu Dhabi,UAE,2024-07-02
4890,Lindsey,Golden,lindsey.golden4890@example.com,Giza,United States,2021-09-13
4891,Steve,Brown,steve.brown4891@example.com,Dubai,France,2021-08-06
4892,Brian,Gallegos,brian.gallegos4892@example.com,Abu Dhabi,Qatar,2020-02-14
4893,Debra,Cook,debra.cook4893@example.com,Giza,United Kingdom,2023-06-28
4894,Connor,Roberts,connor.roberts4894@example.com,Berlin,Saudi Arabia,2025-04-13
4895,Timothy,Rivera,timothy.rivera4895@example.com,Dubai,France,2023-05-08
4896,Bruce,Yang,bruce.yang4896@example.com,Giza,United Kingdom,2025-02-04
4897,Emily,Stevenson,emily.stevenson4897@example.com,Alexandria,Saudi Arabia,2023-10-30
4898,Brian,Harris,brian.harris4898@example.com,Abu Dhabi,Egypt,2024-04-11
4899,Douglas,Yang,douglas.yang4899@example.com,Abu Dhabi,Saudi Arabia,2025-03-25
4900,Tyler,Walker,tyler.walker4900@example.com,Jeddah,United States,2021-11-20
4901,Emma,Phelps,emma.phelps4901@example.com,Amman,Kuwait,2022-07-09
4902,Kevin,Collins,kevin.collins4902@example.com,Berlin,Saudi Arabia,2020-12-28
4903,Veronica,Smith,veronica.smith4903@example.com,London,United States,2024-01-25
4904,Todd,Watts,todd.watts4904@example.com,Dubai,France,2024-11-06
4905,Danny,Smith,danny.smith4905@example.com,Jeddah,Egypt,2021-03-06
4906,Cassandra,Martinez,cassandra.martinez4906@example.com,Abu Dhabi,Kuwait,2022-10-27
4907,Collin,Harris,collin.harris4907@example.com,Berlin,Qatar,2024-09-14
4908,Thomas,Wall,thomas.wall4908@example.com,Abu Dhabi,Qatar,2020-12-06
4909,Scott,Brown,scott.brown4909@example.com,Cairo,Saudi Arabia,2025-06-11
4910,David,Sullivan,david.sullivan4910@example.com,Dubai,United States,2025-07-20
4911,Toni,Wilkins,toni.wilkins4911@example.com,Dubai,United States,2024-11-11
4912,Meagan,Payne,meagan.payne4912@example.com,Abu Dhabi,Saudi Arabia,2025-06-21
4913,Lorraine,Maldonado,lorraine.maldonado4913@example.com,Berlin,United States,2026-05-05
4914,Michele,Williamson,michele.williamson4914@example.com,Jeddah,United States,2025-10-26
4915,Ryan,Fields,ryan.fields4915@example.com,Jeddah,Egypt,2021-03-17
4916,Jack,Cardenas,jack.cardenas4916@example.com,London,Saudi Arabia,2026-06-15
4917,Diane,Jackson,diane.jackson4917@example.com,Giza,Saudi Arabia,2022-09-04
4918,Judith,Payne,judith.payne4918@example.com,Riyadh,United States,2024-09-23
4919,Thomas,Roberts,thomas.roberts4919@example.com,Jeddah,Egypt,2023-11-23
4920,Elizabeth,Haley,elizabeth.haley4920@example.com,Amman,France,2026-06-06
4921,Trevor,Contreras,trevor.contreras4921@example.com,Berlin,Egypt,2024-06-21
4922,Peter,Wolfe,peter.wolfe4922@example.com,Jeddah,Egypt,2022-06-03
4923,Daniel,Butler,daniel.butler4923@example.com,London,UAE,2020-04-08
4924,Roger,Johnson,roger.johnson4924@example.com,Riyadh,Saudi Arabia,2023-04-12
4925,Stephen,Elliott,stephen.elliott4925@example.com,Jeddah,Egypt,2025-02-13
4926,Alex,Turner,alex.turner4926@example.com,Abu Dhabi,Qatar,2023-11-10
4927,Deanna,Barry,deanna.barry4927@example.com,Riyadh,Jordan,2023-02-07
4928,Christine,Williams,christine.williams4928@example.com,Amman,Egypt,2023-08-22
4929,Rebecca,Estes,rebecca.estes4929@example.com,Amman,Kuwait,2021-10-19
4930,Taylor,Sharp,taylor.sharp4930@example.com,Dubai,United Kingdom,2026-02-19
4931,Joshua,Holden,joshua.holden4931@example.com,Riyadh,Germany,2023-11-28
4932,Michael,Foley,michael.foley4932@example.com,Alexandria,France,2020-12-30
4933,Wesley,Bailey,wesley.bailey4933@example.com,Riyadh,Qatar,2026-01-13
4934,Jasmin,Myers,jasmin.myers4934@example.com,Dubai,Qatar,2023-06-06
4935,Bryan,Rios,bryan.rios4935@example.com,Giza,Saudi Arabia,2024-07-21
4936,Michael,Ball,michael.ball4936@example.com,Riyadh,United States,2025-07-29
4937,Matthew,Espinoza,matthew.espinoza4937@example.com,Alexandria,Germany,2022-04-08
4938,Kristin,Ramirez,kristin.ramirez4938@example.com,Abu Dhabi,France,2023-12-07
4939,Kathryn,Turner,kathryn.turner4939@example.com,Riyadh,France,2024-01-20
4940,Phillip,Hendricks,phillip.hendricks4940@example.com,Alexandria,UAE,2023-08-15
4941,Deanna,Bennett,deanna.bennett4941@example.com,Cairo,Saudi Arabia,2022-02-16
4942,Thomas,Hopkins,thomas.hopkins4942@example.com,London,Kuwait,2025-09-04
4943,Barbara,Pennington,barbara.pennington4943@example.com,Berlin,Kuwait,2026-04-12
4944,Kimberly,Fox,kimberly.fox4944@example.com,Berlin,UAE,2024-06-18
4945,David,Nguyen,david.nguyen4945@example.com,London,Saudi Arabia,2022-03-24
4946,Stephanie,Bailey,stephanie.bailey4946@example.com,Giza,Saudi Arabia,2026-09-15
4947,Christina,Powell,christina.powell4947@example.com,Jeddah,Kuwait,2021-08-20
4948,Brady,Christian,brady.christian4948@example.com,Riyadh,United Kingdom,2023-12-20
4949,Erik,Davis,erik.davis4949@example.com,Jeddah,UAE,2024-04-26
4950,Daniel,Villa,daniel.villa4950@example.com,Giza,Kuwait,2026-05-24
4951,Thomas,Wolf,thomas.wolf4951@example.com,Giza,Qatar,2022-07-09
4952,Tina,Stokes,tina.stokes4952@example.com,Amman,Egypt,2022-10-04
4953,Jessica,Young,jessica.young4953@example.com,Berlin,UAE,2023-01-26
4954,Rachel,Thompson,rachel.thompson4954@example.com,Cairo,France,2022-07-08
4955,Patricia,Campos,patricia.campos4955@example.com,Dubai,Jordan,2022-07-14
4956,Robert,Brown,robert.brown4956@example.com,Amman,Jordan,2021-08-18
4957,Cheryl,Wilson,cheryl.wilson4957@example.com,Cairo,Kuwait,2022-09-25
4958,Melanie,Jones,melanie.jones4958@example.com,Cairo,United States,2025-06-02
4959,Kathryn,Obrien,kathryn.obrien4959@example.com,Amman,Germany,2026-03-28
4960,Mary,Mclean,mary.mclean4960@example.com,Berlin,United States,2022-02-26
4961,Manuel,Hale,manuel.hale4961@example.com,Jeddah,UAE,2025-10-25
4962,Nicholas,Zhang,nicholas.zhang4962@example.com,London,Germany,2026-06-15
4963,Audrey,Gonzalez,audrey.gonzalez4963@example.com,Jeddah,Kuwait,2024-01-30
4964,Johnny,Kim,johnny.kim4964@example.com,Abu Dhabi,Germany,2024-02-25
4965,Justin,Harris,justin.harris4965@example.com,Riyadh,Jordan,2023-08-04
4966,Fernando,Cervantes,fernando.cervantes4966@example.com,Berlin,Qatar,2020-11-11
4967,Lindsey,Lee,lindsey.lee4967@example.com,Alexandria,Qatar,2022-10-08
4968,Brandi,Soto,brandi.soto4968@example.com,Berlin,United States,2021-06-11
4969,Elizabeth,Harris,elizabeth.harris4969@example.com,Giza,United Kingdom,2025-05-02
4970,Lisa,Barry,lisa.barry4970@example.com,Berlin,Qatar,2021-03-05
4971,Michael,Russell,michael.russell4971@example.com,London,Jordan,2023-11-27
4972,Amy,Jones,amy.jones4972@example.com,Berlin,Jordan,2025-03-20
4973,Jacob,Blair,jacob.blair4973@example.com,Abu Dhabi,United States,2020-08-05
4974,Rhonda,May,rhonda.may4974@example.com,Amman,United States,2024-11-28
4975,Tyler,Collier,tyler.collier4975@example.com,Amman,United States,2024-11-21
4976,Ashley,Wells,ashley.wells4976@example.com,Giza,UAE,2020-03-31
4977,Michael,Montgomery,michael.montgomery4977@example.com,Berlin,France,2026-04-08
4978,Angelica,Taylor,angelica.taylor4978@example.com,Cairo,Qatar,2025-05-06
4979,Carlos,Patterson,carlos.patterson4979@example.com,Alexandria,Saudi Arabia,2023-12-22
4980,Nicholas,Jones,nicholas.jones4980@example.com,Giza,Kuwait,2026-05-22
4981,Christian,Patton,christian.patton4981@example.com,Abu Dhabi,Egypt,2026-09-14
4982,Kenneth,Wilson,kenneth.wilson4982@example.com,Amman,Germany,2021-06-30
4983,Jerry,Guzman,jerry.guzman4983@example.com,Jeddah,Jordan,2025-01-25
4984,Mark,Walker,mark.walker4984@example.com,Abu Dhabi,United Kingdom,2023-06-01
4985,Shelia,Nielsen,shelia.nielsen4985@example.com,Riyadh,Jordan,2026-05-23
4986,John,Warner,john.warner4986@example.com,Berlin,Germany,2021-08-13
4987,Carlos,Savage,carlos.savage4987@example.com,Berlin,United States,2023-07-12
4988,Tammy,Jones,tammy.jones4988@example.com,Cairo,United States,2020-08-04
4989,Barbara,Castaneda,barbara.castaneda4989@example.com,Riyadh,United States,2021-05-05
4990,Sarah,Porter,sarah.porter4990@example.com,Giza,United States,2020-09-17
4991,Reginald,Brown,reginald.brown4991@example.com,Berlin,Germany,2021-10-22
4992,Heidi,Rodriguez,heidi.rodriguez4992@example.com,Dubai,Jordan,2022-01-04
4993,Thomas,Lowery,thomas.lowery4993@example.com,Alexandria,Egypt,2025-07-20
4994,Jose,Johnson,jose.johnson4994@example.com,Giza,Qatar,2020-12-30
4995,Matthew,Green,matthew.green4995@example.com,Giza,Germany,2026-06-09
4996,Matthew,Hubbard,matthew.hubbard4996@example.com,Jeddah,Germany,2024-04-10
4997,Donald,Payne,donald.payne4997@example.com,Amman,UAE,2023-11-07
4998,Jessica,Glass,jessica.glass4998@example.com,Alexandria,Saudi Arabia,2023-06-28
4999,Elizabeth,Johns,elizabeth.johns4999@example.com,Riyadh,UAE,2024-10-28
5000,Joe,Jones,joe.jones5000@example.com,Abu Dhabi,France,2021-01-06
5001,Stacy,Strong,stacy.strong5001@example.com,Alexandria,Kuwait,2024-07-02
5002,Jacqueline,Cannon,jacqueline.cannon5002@example.com,Dubai,Jordan,2023-12-09
5003,Austin,Zavala,austin.zavala5003@example.com,Giza,Qatar,2025-01-24
5004,Stephanie,George,stephanie.george5004@example.com,Giza,United Kingdom,2022-11-21
5005,Cheyenne,Miller,cheyenne.miller5005@example.com,Cairo,United States,2020-09-06
5006,Andrea,Potts,andrea.potts5006@example.com,Berlin,Egypt,2024-03-08
5007,Joseph,Williams,joseph.williams5007@example.com,Giza,UAE,2020-01-08
5008,Austin,Romero,austin.romero5008@example.com,Berlin,Egypt,2020-01-20
5009,Debra,Reynolds,debra.reynolds5009@example.com,Riyadh,Germany,2023-06-08
5010,Kevin,Horn,kevin.horn5010@example.com,Cairo,United States,2026-04-26
5011,Teresa,Smith,teresa.smith5011@example.com,Riyadh,Saudi Arabia,2021-12-07
5012,Brian,Ayala,brian.ayala5012@example.com,Dubai,United States,2025-08-02
5013,Lisa,Ferguson,lisa.ferguson5013@example.com,Alexandria,United Kingdom,2022-06-13
5014,Michelle,Fleming,michelle.fleming5014@example.com,Riyadh,Saudi Arabia,2021-09-25
5015,Joann,Tran,joann.tran5015@example.com,London,Qatar,2026-06-09
5016,Brett,Cannon,brett.cannon5016@example.com,Alexandria,France,2021-12-28
5017,Heather,Jordan,heather.jordan5017@example.com,Berlin,UAE,2024-12-28
5018,Ronald,Taylor,ronald.taylor5018@example.com,Cairo,United States,2020-06-07
5019,Samuel,Prince,samuel.prince5019@example.com,Berlin,Saudi Arabia,2023-06-30
5020,Toni,Richardson,toni.richardson5020@example.com,Abu Dhabi,Saudi Arabia,2023-11-30
5021,James,Kim,james.kim5021@example.com,Alexandria,United States,2025-10-24
5022,Brian,Hall,brian.hall5022@example.com,Alexandria,Saudi Arabia,2025-07-31
5023,Brianna,Perez,brianna.perez5023@example.com,Dubai,United States,2021-09-27
5024,Julie,Beasley,julie.beasley5024@example.com,London,Qatar,2025-02-05
5025,Laura,Bradley,laura.bradley5025@example.com,Berlin,Germany,2025-01-08
5026,Vicki,Smith,vicki.smith5026@example.com,Giza,United Kingdom,2020-09-25
5027,Jennifer,Hess,jennifer.hess5027@example.com,Riyadh,Jordan,2024-02-06
5028,Chase,Martinez,chase.martinez5028@example.com,Alexandria,Jordan,2025-07-03
5029,Henry,Williams,henry.williams5029@example.com,Dubai,Germany,2020-06-19
5030,Michael,Rios,michael.rios5030@example.com,Riyadh,Egypt,2025-05-21
5031,John,Carter,john.carter5031@example.com,London,Saudi Arabia,2025-10-30
5032,Catherine,Mendoza,catherine.mendoza5032@example.com,Giza,Qatar,2025-11-29
5033,David,Jones,david.jones5033@example.com,London,United States,2025-12-18
5034,John,Stephens,john.stephens5034@example.com,Berlin,Germany,2026-02-15
5035,Troy,Moss,troy.moss5035@example.com,Dubai,Kuwait,2023-08-05
5036,Michael,Herman,michael.herman5036@example.com,Alexandria,France,2022-03-22
5037,Jeffrey,Marquez,jeffrey.marquez5037@example.com,Abu Dhabi,Germany,2024-07-13
5038,Shelly,Deleon,shelly.deleon5038@example.com,Jeddah,Germany,2020-12-03
5039,Kelly,Valdez,kelly.valdez5039@example.com,Amman,Egypt,2025-07-05
5040,Alison,Adams,alison.adams5040@example.com,Giza,Qatar,2026-04-17
5041,Heidi,Gordon,heidi.gordon5041@example.com,Amman,United States,2024-05-11
5042,Brian,Mccullough,brian.mccullough5042@example.com,Abu Dhabi,France,2023-03-22
5043,Janice,Howell,janice.howell5043@example.com,Cairo,United Kingdom,2020-06-19
5044,Joshua,Harris,joshua.harris5044@example.com,Dubai,Saudi Arabia,2023-06-11
5045,Derrick,Daugherty,derrick.daugherty5045@example.com,London,United States,2026-02-01
5046,Jerry,Harmon,jerry.harmon5046@example.com,Alexandria,Qatar,2020-07-15
5047,Jason,Watson,jason.watson5047@example.com,Berlin,Egypt,2020-07-12
5048,Lisa,Thomas,lisa.thomas5048@example.com,Abu Dhabi,Germany,2022-02-10
5049,Tiffany,Hale,tiffany.hale5049@example.com,Riyadh,United Kingdom,2020-08-02
5050,Debra,Chavez,debra.chavez5050@example.com,Jeddah,United Kingdom,2025-11-16
5051,Danny,Porter,danny.porter5051@example.com,Alexandria,United Kingdom,2024-02-27
5052,Arthur,Ramirez,arthur.ramirez5052@example.com,Cairo,Jordan,2021-02-08
5053,Patrick,Wilcox,patrick.wilcox5053@example.com,Amman,UAE,2022-06-26
5054,Christopher,Ramirez,christopher.ramirez5054@example.com,Riyadh,Saudi Arabia,2022-04-13
5055,Chelsea,Simpson,chelsea.simpson5055@example.com,Amman,Jordan,2026-05-28
5056,Michelle,Cruz,michelle.cruz5056@example.com,London,Egypt,2020-07-04
5057,Bradley,Harris,bradley.harris5057@example.com,Jeddah,Jordan,2021-04-21
5058,Jack,Jordan,jack.jordan5058@example.com,Abu Dhabi,Egypt,2022-09-11
5059,Brett,Torres,brett.torres5059@example.com,Riyadh,UAE,2024-05-16
5060,Amber,Bailey,amber.bailey5060@example.com,Dubai,Qatar,2024-07-04
5061,Anthony,Franklin,anthony.franklin5061@example.com,Cairo,UAE,2021-08-03
5062,Patricia,Livingston,patricia.livingston5062@example.com,London,Jordan,2022-11-23
5063,Rebecca,Patrick,rebecca.patrick5063@example.com,Jeddah,United States,2023-06-22
5064,Brittany,Todd,brittany.todd5064@example.com,Dubai,Kuwait,2024-08-03
5065,Matthew,Calderon,matthew.calderon5065@example.com,Cairo,Germany,2024-08-21
5066,Ryan,Patterson,ryan.patterson5066@example.com,Jeddah,Kuwait,2022-02-15
5067,Jessica,Moss,jessica.moss5067@example.com,Amman,Kuwait,2020-02-12
5068,Brian,Rodriguez,brian.rodriguez5068@example.com,Jeddah,Egypt,2025-01-13
5069,Paul,Griffith,paul.griffith5069@example.com,Alexandria,Jordan,2020-10-15
5070,Erica,Garrison,erica.garrison5070@example.com,Giza,Saudi Arabia,2021-10-12
5071,Sharon,Ford,sharon.ford5071@example.com,Amman,Saudi Arabia,2022-01-21
5072,Ashley,Carroll,ashley.carroll5072@example.com,Berlin,Qatar,2021-11-16
5073,April,Martin,april.martin5073@example.com,Abu Dhabi,Germany,2023-03-12
5074,Patrick,Reese,patrick.reese5074@example.com,Berlin,Kuwait,2023-03-12
5075,Sandy,Anderson,sandy.anderson5075@example.com,London,Kuwait,2021-03-20
5076,Alexis,Marsh,alexis.marsh5076@example.com,Giza,Germany,2022-04-07
5077,Stephanie,Miller,stephanie.miller5077@example.com,Giza,United Kingdom,2025-08-01
5078,John,Daniels,john.daniels5078@example.com,Dubai,UAE,2025-10-23
5079,Matthew,Foster,matthew.foster5079@example.com,Cairo,France,2025-05-15
5080,Christina,Ward,christina.ward5080@example.com,Giza,Saudi Arabia,2022-07-25
5081,Donna,Patton,donna.patton5081@example.com,Cairo,Germany,2022-01-25
5082,Lisa,Franklin,lisa.franklin5082@example.com,Giza,Saudi Arabia,2022-09-17
5083,David,Carroll,david.carroll5083@example.com,Jeddah,United States,2024-02-28
5084,Manuel,Baker,manuel.baker5084@example.com,Amman,UAE,2024-12-15
5085,Harold,Ford,harold.ford5085@example.com,London,Egypt,2025-08-24
5086,Scott,Owens,scott.owens5086@example.com,Dubai,Jordan,2023-07-26
5087,Tammy,Castillo,tammy.castillo5087@example.com,Cairo,United States,2020-02-28
5088,Megan,Robinson,megan.robinson5088@example.com,Alexandria,Qatar,2022-10-24
5089,Brian,Mcmillan,brian.mcmillan5089@example.com,Alexandria,Qatar,2025-03-07
5090,Joshua,Bishop,joshua.bishop5090@example.com,Dubai,Egypt,2024-05-21
5091,Lee,Brown,lee.brown5091@example.com,Jeddah,UAE,2023-04-10
5092,Hector,Miranda,hector.miranda5092@example.com,Berlin,Saudi Arabia,2022-07-11
5093,Joshua,Booth,joshua.booth5093@example.com,Alexandria,Jordan,2023-10-07
5094,David,Mccoy,david.mccoy5094@example.com,Amman,Egypt,2024-12-09
5095,Dylan,Williamson,dylan.williamson5095@example.com,Giza,Jordan,2025-12-04
5096,Brandon,Wilson,brandon.wilson5096@example.com,Abu Dhabi,United Kingdom,2021-10-21
5097,Benjamin,Cohen,benjamin.cohen5097@example.com,Alexandria,United Kingdom,2023-07-24
5098,Michelle,Riley,michelle.riley5098@example.com,Cairo,Saudi Arabia,2020-09-23
5099,Bobby,Love,bobby.love5099@example.com,Jeddah,United Kingdom,2025-12-28
5100,Bruce,Klein,bruce.klein5100@example.com,Cairo,United States,2021-11-26
5101,Jonathon,Scott,jonathon.scott5101@example.com,Riyadh,Qatar,2020-06-06
5102,Erika,Mathews,erika.mathews5102@example.com,Alexandria,Saudi Arabia,2022-08-15
5103,Michael,Higgins,michael.higgins5103@example.com,Cairo,Germany,2020-01-15
5104,Caroline,Bailey,caroline.bailey5104@example.com,London,Egypt,2024-05-06
5105,Chris,Wallace,chris.wallace5105@example.com,London,Saudi Arabia,2022-07-08
5106,William,Young,william.young5106@example.com,Cairo,United States,2026-02-12
5107,Mark,Watson,mark.watson5107@example.com,Giza,Egypt,2025-05-05
5108,Mackenzie,Perry,mackenzie.perry5108@example.com,London,Germany,2023-03-02
5109,Dawn,Liu,dawn.liu5109@example.com,London,Germany,2025-01-15
5110,Douglas,Nguyen,douglas.nguyen5110@example.com,Dubai,France,2022-10-21
5111,Kristin,Rogers,kristin.rogers5111@example.com,Riyadh,France,2025-05-16
5112,Ricky,Pearson,ricky.pearson5112@example.com,Alexandria,France,2026-01-06
5113,Thomas,Beltran,thomas.beltran5113@example.com,Riyadh,Jordan,2021-08-14
5114,Christy,Martin,christy.martin5114@example.com,Abu Dhabi,UAE,2024-05-10
5115,Bradley,Conrad,bradley.conrad5115@example.com,Abu Dhabi,UAE,2024-02-16
5116,Rhonda,Johnson,rhonda.johnson5116@example.com,Cairo,Germany,2023-05-13
5117,Chelsea,Morton,chelsea.morton5117@example.com,Alexandria,Egypt,2025-02-26
5118,William,Norman,william.norman5118@example.com,Jeddah,United Kingdom,2022-07-18
5119,William,Perkins,william.perkins5119@example.com,Jeddah,UAE,2023-12-16
5120,Maurice,Lewis,maurice.lewis5120@example.com,Dubai,Germany,2024-09-20
5121,Mariah,Johnson,mariah.johnson5121@example.com,Jeddah,France,2025-01-26
5122,Jessica,James,jessica.james5122@example.com,Amman,Germany,2025-03-13
5123,Whitney,Miller,whitney.miller5123@example.com,Riyadh,Qatar,2023-08-28
5124,Chris,Walls,chris.walls5124@example.com,Jeddah,UAE,2025-12-10
5125,Jeffrey,Gordon,jeffrey.gordon5125@example.com,Dubai,Jordan,2022-06-07
5126,Autumn,Kelley,autumn.kelley5126@example.com,Dubai,United States,2022-03-08
5127,Robert,Quinn,robert.quinn5127@example.com,London,Qatar,2025-03-12
5128,Melanie,Rose,melanie.rose5128@example.com,Berlin,Germany,2024-03-15
5129,Brett,Kennedy,brett.kennedy5129@example.com,Abu Dhabi,Jordan,2024-05-28
5130,Alice,Alexander,alice.alexander5130@example.com,Alexandria,France,2021-03-21
5131,Joseph,Huff,joseph.huff5131@example.com,Berlin,France,2023-05-15
5132,Kelly,Sanchez,kelly.sanchez5132@example.com,London,Germany,2020-07-27
5133,John,Saunders,john.saunders5133@example.com,Dubai,Jordan,2023-10-15
5134,Michael,Bryant,michael.bryant5134@example.com,Berlin,UAE,2024-04-23
5135,Kaitlin,Wilson,kaitlin.wilson5135@example.com,Berlin,Germany,2022-01-08
5136,John,Oconnor,john.oconnor5136@example.com,Amman,Egypt,2022-04-25
5137,Nicole,Cox,nicole.cox5137@example.com,Jeddah,United States,2021-12-06
5138,Michael,Wagner,michael.wagner5138@example.com,Abu Dhabi,United States,2021-09-30
5139,Robin,Valdez,robin.valdez5139@example.com,Jeddah,United States,2022-03-21
5140,Cassie,Cole,cassie.cole5140@example.com,Alexandria,Germany,2023-07-20
5141,Robert,Hudson,robert.hudson5141@example.com,Amman,Jordan,2021-06-18
5142,Margaret,Martinez,margaret.martinez5142@example.com,Amman,Qatar,2025-12-13
5143,Amanda,Frank,amanda.frank5143@example.com,Cairo,Saudi Arabia,2020-09-24
5144,Rickey,Richards,rickey.richards5144@example.com,Giza,Egypt,2020-02-05
5145,Devin,Green,devin.green5145@example.com,Cairo,Qatar,2021-01-03
5146,Justin,Edwards,justin.edwards5146@example.com,Riyadh,Qatar,2022-04-11
5147,Christopher,Fisher,christopher.fisher5147@example.com,Alexandria,Jordan,2023-06-13
5148,Tonya,Johnston,tonya.johnston5148@example.com,Giza,Qatar,2023-07-16
5149,Cynthia,Barton,cynthia.barton5149@example.com,London,France,2025-04-29
5150,Rachel,Walter,rachel.walter5150@example.com,Riyadh,UAE,2023-04-01
5151,Alexis,Martinez,alexis.martinez5151@example.com,Abu Dhabi,Saudi Arabia,2026-04-20
5152,Jose,Spencer,jose.spencer5152@example.com,Alexandria,UAE,2021-10-30
5153,Sarah,Newton,sarah.newton5153@example.com,Jeddah,Saudi Arabia,2025-12-20
5154,David,Johnson,david.johnson5154@example.com,London,Germany,2021-10-10
5155,Ryan,Vaughn,ryan.vaughn5155@example.com,Berlin,United Kingdom,2025-04-07
5156,Veronica,Anderson,veronica.anderson5156@example.com,Abu Dhabi,Jordan,2021-04-09
5157,Michelle,Sellers,michelle.sellers5157@example.com,Alexandria,France,2021-02-01
5158,Rebecca,Gomez,rebecca.gomez5158@example.com,Cairo,UAE,2024-04-09
5159,Richard,Hawkins,richard.hawkins5159@example.com,Amman,Germany,2025-05-07
5160,Jennifer,Wilson,jennifer.wilson5160@example.com,Alexandria,Egypt,2026-07-28
5161,Phyllis,Villanueva,phyllis.villanueva5161@example.com,Riyadh,France,2026-07-23
5162,Brittany,Jensen,brittany.jensen5162@example.com,London,UAE,2025-01-06
5163,Virginia,Williams,virginia.williams5163@example.com,Cairo,France,2026-05-10
5164,Joanne,Kelly,joanne.kelly5164@example.com,Riyadh,Qatar,2020-12-14
5165,Shane,Ortiz,shane.ortiz5165@example.com,Riyadh,Saudi Arabia,2021-12-26
5166,Shannon,Davenport,shannon.davenport5166@example.com,Alexandria,United States,2023-05-14
5167,Keith,Woods,keith.woods5167@example.com,Jeddah,UAE,2021-03-30
5168,Dennis,White,dennis.white5168@example.com,Dubai,Qatar,2023-04-12
5169,Katie,Hendricks,katie.hendricks5169@example.com,Giza,Qatar,2025-07-19
5170,Sharon,Miller,sharon.miller5170@example.com,Cairo,United States,2026-08-14
5171,Paula,Watkins,paula.watkins5171@example.com,Jeddah,UAE,2024-02-04
5172,Mitchell,Banks,mitchell.banks5172@example.com,Abu Dhabi,Jordan,2025-10-03
5173,Nicolas,Gonzales,nicolas.gonzales5173@example.com,Abu Dhabi,United Kingdom,2020-04-06
5174,William,Chapman,william.chapman5174@example.com,Amman,Qatar,2021-11-14
5175,Shirley,Davis,shirley.davis5175@example.com,Cairo,Jordan,2023-06-09
5176,Kenneth,Peterson,kenneth.peterson5176@example.com,Abu Dhabi,France,2024-11-08
5177,Anne,Merritt,anne.merritt5177@example.com,Riyadh,Egypt,2023-01-22
5178,Bethany,Anthony,bethany.anthony5178@example.com,Amman,Saudi Arabia,2023-09-25
5179,Ronald,Morris,ronald.morris5179@example.com,Berlin,Egypt,2021-06-19
5180,Lucas,White,lucas.white5180@example.com,London,Egypt,2026-06-07
5181,Douglas,Cervantes,douglas.cervantes5181@example.com,Cairo,Kuwait,2024-04-08
5182,Jessica,Hays,jessica.hays5182@example.com,Dubai,France,2024-04-05
5183,Jason,Stone,jason.stone5183@example.com,Jeddah,Egypt,2023-01-12
5184,Barbara,Gilbert,barbara.gilbert5184@example.com,Jeddah,Qatar,2024-02-11
5185,Cory,Mitchell,cory.mitchell5185@example.com,Berlin,Germany,2024-07-25
5186,David,Hill,david.hill5186@example.com,Riyadh,UAE,2023-11-19
5187,Scott,Mcclure,scott.mcclure5187@example.com,Abu Dhabi,United Kingdom,2022-03-01
5188,Keith,Hardin,keith.hardin5188@example.com,Amman,Kuwait,2022-12-28
5189,Vanessa,Molina,vanessa.molina5189@example.com,Giza,France,2020-12-13
5190,Sandra,Estrada,sandra.estrada5190@example.com,Riyadh,United Kingdom,2021-04-09
5191,Donald,Clark,donald.clark5191@example.com,Cairo,UAE,2021-03-14
5192,Mary,Fischer,mary.fischer5192@example.com,Dubai,Saudi Arabia,2021-12-26
5193,Anthony,Orr,anthony.orr5193@example.com,Riyadh,Saudi Arabia,2021-09-22
5194,Susan,Fernandez,susan.fernandez5194@example.com,London,Jordan,2020-12-23
5195,Lauren,Smith,lauren.smith5195@example.com,Giza,Egypt,2020-02-25
5196,Marissa,Johnson,marissa.johnson5196@example.com,Riyadh,United States,2020-10-15
5197,James,Mcmahon,james.mcmahon5197@example.com,Alexandria,United States,2025-03-02
5198,Ashley,Dennis,ashley.dennis5198@example.com,Riyadh,Saudi Arabia,2021-05-14
5199,Abigail,Guerra,abigail.guerra5199@example.com,Cairo,UAE,2022-03-28
5200,Kenneth,Rodriguez,kenneth.rodriguez5200@example.com,Giza,UAE,2021-01-10
5201,Jasmine,Kirk,jasmine.kirk5201@example.com,Giza,Egypt,2024-11-08
5202,Sean,Reynolds,sean.reynolds5202@example.com,Dubai,Jordan,2020-07-23
5203,Jose,Lin,jose.lin5203@example.com,Giza,Germany,2023-08-05
5204,Victoria,Dennis,victoria.dennis5204@example.com,Berlin,Jordan,2025-05-03
5205,Darren,Gomez,darren.gomez5205@example.com,Dubai,France,2022-02-01
5206,Christian,Mcguire,christian.mcguire5206@example.com,Amman,Kuwait,2026-08-21
5207,Jessica,Murphy,jessica.murphy5207@example.com,Cairo,France,2022-01-27
5208,William,Hill,william.hill5208@example.com,Berlin,Egypt,2020-11-21
5209,Crystal,Hunt,crystal.hunt5209@example.com,Alexandria,Jordan,2022-12-14
5210,Kimberly,Mann,kimberly.mann5210@example.com,Alexandria,United Kingdom,2026-06-14
5211,Leroy,Middleton,leroy.middleton5211@example.com,Dubai,Saudi Arabia,2020-11-06
5212,Ryan,Randolph,ryan.randolph5212@example.com,Dubai,UAE,2023-08-09
5213,Laura,Stewart,laura.stewart5213@example.com,Dubai,UAE,2024-06-04
5214,Mckenzie,Guerrero,mckenzie.guerrero5214@example.com,London,Kuwait,2024-08-15
5215,Natalie,Johnson,natalie.johnson5215@example.com,Berlin,Kuwait,2022-06-12
5216,Cynthia,Smith,cynthia.smith5216@example.com,Jeddah,Kuwait,2023-11-13
5217,Derrick,Bennett,derrick.bennett5217@example.com,Dubai,United Kingdom,2020-01-29
5218,Sherry,Nunez,sherry.nunez5218@example.com,Abu Dhabi,Kuwait,2021-10-22
5219,Joseph,Hernandez,joseph.hernandez5219@example.com,Giza,Egypt,2020-09-14
5220,Lisa,Gross,lisa.gross5220@example.com,Amman,Qatar,2020-09-04
5221,Justin,Gonzalez,justin.gonzalez5221@example.com,London,Germany,2020-11-23
5222,Nancy,Tapia,nancy.tapia5222@example.com,Amman,Egypt,2020-12-27
5223,Mercedes,Curry,mercedes.curry5223@example.com,Riyadh,United States,2024-01-20
5224,Aaron,Jones,aaron.jones5224@example.com,London,Saudi Arabia,2026-05-20
5225,Angela,Clark,angela.clark5225@example.com,Abu Dhabi,Qatar,2025-01-20
5226,Gregory,Barnes,gregory.barnes5226@example.com,Riyadh,France,2024-02-26
5227,Jose,James,jose.james5227@example.com,Amman,Kuwait,2025-06-26
5228,Brandy,Little,brandy.little5228@example.com,Riyadh,United Kingdom,2022-02-18
5229,Todd,Sandoval,todd.sandoval5229@example.com,Dubai,United States,2021-11-29
5230,Hector,Evans,hector.evans5230@example.com,Cairo,Qatar,2024-08-05
5231,Jesse,Carter,jesse.carter5231@example.com,Amman,France,2023-08-21
5232,Todd,Robles,todd.robles5232@example.com,Jeddah,France,2025-03-17
5233,Philip,Howard,philip.howard5233@example.com,Amman,UAE,2021-08-04
5234,Timothy,Davis,timothy.davis5234@example.com,Jeddah,Germany,2020-04-10
5235,Daniel,Ibarra,daniel.ibarra5235@example.com,Alexandria,Qatar,2024-04-11
5236,Kari,Mitchell,kari.mitchell5236@example.com,Alexandria,Germany,2024-02-06
5237,Tara,Nguyen,tara.nguyen5237@example.com,Cairo,Germany,2021-12-08
5238,Elaine,Wilson,elaine.wilson5238@example.com,Alexandria,United States,2022-01-23
5239,Steven,Flores,steven.flores5239@example.com,Dubai,Saudi Arabia,2020-03-08
5240,Daniel,Terry,daniel.terry5240@example.com,Jeddah,France,2021-09-05
5241,Janet,Ayala,janet.ayala5241@example.com,Abu Dhabi,Qatar,2022-03-21
5242,Timothy,Ballard,timothy.ballard5242@example.com,Cairo,France,2024-05-25
5243,Tracy,Jenkins,tracy.jenkins5243@example.com,Alexandria,Kuwait,2026-02-28
5244,Jimmy,Carter,jimmy.carter5244@example.com,Abu Dhabi,Jordan,2022-02-17
5245,William,Wu,william.wu5245@example.com,Amman,United States,2025-08-06
5246,Kirsten,Brown,kirsten.brown5246@example.com,Jeddah,Germany,2021-10-16
5247,Kelsey,Green,kelsey.green5247@example.com,Amman,Egypt,2023-12-18
5248,Louis,Myers,louis.myers5248@example.com,Giza,Saudi Arabia,2023-08-17
5249,Scott,Ross,scott.ross5249@example.com,Amman,United States,2023-03-31
5250,Rita,Adams,rita.adams5250@example.com,Alexandria,Jordan,2025-10-25
5251,Jessica,Morgan,jessica.morgan5251@example.com,Amman,Jordan,2024-09-01
5252,Lori,Parker,lori.parker5252@example.com,Amman,Egypt,2023-06-15
5253,Robert,Armstrong,robert.armstrong5253@example.com,Alexandria,Qatar,2023-06-26
5254,Garrett,Harris,garrett.harris5254@example.com,London,Germany,2021-05-14
5255,Colleen,Gould,colleen.gould5255@example.com,London,UAE,2025-12-09
5256,Christina,Rivera,christina.rivera5256@example.com,Abu Dhabi,Qatar,2024-03-09
5257,Cassidy,Smith,cassidy.smith5257@example.com,Alexandria,Qatar,2026-05-04
5258,Jennifer,Lang,jennifer.lang5258@example.com,Amman,Saudi Arabia,2020-03-13
5259,Christopher,Bush,christopher.bush5259@example.com,Amman,Qatar,2024-09-04
5260,Rhonda,Wang,rhonda.wang5260@example.com,Dubai,Jordan,2023-08-29
5261,Angela,Pena,angela.pena5261@example.com,Dubai,Qatar,2025-05-04
5262,April,Cox,april.cox5262@example.com,Abu Dhabi,United Kingdom,2023-10-27
5263,James,Moore,james.moore5263@example.com,London,Qatar,2022-03-07
5264,Amanda,Heath,amanda.heath5264@example.com,Alexandria,Qatar,2026-06-02
5265,Jerome,Solis,jerome.solis5265@example.com,Dubai,United States,2022-08-28
5266,Renee,Rivera,renee.rivera5266@example.com,Dubai,France,2026-04-26
5267,Jason,Quinn,jason.quinn5267@example.com,Amman,Egypt,2023-07-07
5268,Shelby,Johnson,shelby.johnson5268@example.com,Berlin,Saudi Arabia,2024-04-22
5269,Andrew,Bentley,andrew.bentley5269@example.com,Alexandria,United States,2023-08-10
5270,Curtis,Sanders,curtis.sanders5270@example.com,Giza,United Kingdom,2025-07-03
5271,Todd,Moore,todd.moore5271@example.com,Amman,United States,2022-12-25
5272,Kevin,Hall,kevin.hall5272@example.com,Giza,France,2024-05-14
5273,Kelsey,Wright,kelsey.wright5273@example.com,Dubai,Kuwait,2021-08-09
5274,Joseph,Martinez,joseph.martinez5274@example.com,Riyadh,Egypt,2025-04-24
5275,Kristen,Rios,kristen.rios5275@example.com,Dubai,Jordan,2020-01-13
5276,David,Yang,david.yang5276@example.com,Riyadh,Qatar,2025-05-30
5277,Joseph,Miller,joseph.miller5277@example.com,Berlin,UAE,2023-01-22
5278,Charles,Bowen,charles.bowen5278@example.com,Riyadh,France,2023-07-10
5279,Kathryn,Perry,kathryn.perry5279@example.com,London,United Kingdom,2022-03-30
5280,Alexis,Greer,alexis.greer5280@example.com,Dubai,United States,2021-05-08
5281,Cassidy,Hernandez,cassidy.hernandez5281@example.com,Abu Dhabi,Egypt,2022-03-09
5282,Jill,Sparks,jill.sparks5282@example.com,Berlin,United Kingdom,2023-03-02
5283,James,Obrien,james.obrien5283@example.com,Dubai,Germany,2024-09-28
5284,Larry,Morris,larry.morris5284@example.com,Cairo,Kuwait,2022-12-05
5285,William,Johnson,william.johnson5285@example.com,Dubai,UAE,2023-04-27
5286,Joshua,Harris,joshua.harris5286@example.com,Cairo,Egypt,2024-09-22
5287,Joseph,Douglas,joseph.douglas5287@example.com,Giza,Qatar,2025-03-19
5288,Thomas,Carter,thomas.carter5288@example.com,Alexandria,France,2024-04-13
5289,Christopher,Rasmussen,christopher.rasmussen5289@example.com,Berlin,UAE,2026-08-29
5290,Ann,Webb,ann.webb5290@example.com,Amman,Qatar,2021-03-17
5291,Rebecca,Ferguson,rebecca.ferguson5291@example.com,Abu Dhabi,France,2023-02-04
5292,John,Smith,john.smith5292@example.com,Dubai,United States,2025-01-30
5293,Tyler,Long,tyler.long5293@example.com,Abu Dhabi,UAE,2026-07-30
5294,Nathan,Payne,nathan.payne5294@example.com,Alexandria,Qatar,2020-03-10
5295,Daniel,Walker,daniel.walker5295@example.com,Giza,Egypt,2023-08-30
5296,Theresa,Sanders,theresa.sanders5296@example.com,Berlin,France,2024-02-19
5297,Jesse,Wood,jesse.wood5297@example.com,Alexandria,Qatar,2024-03-16
5298,Anna,Day,anna.day5298@example.com,Berlin,Egypt,2024-11-13
5299,Martin,Pacheco,martin.pacheco5299@example.com,Riyadh,Germany,2021-12-30
5300,Theresa,Davis,theresa.davis5300@example.com,Riyadh,United States,2020-05-21
5301,Gary,Hancock,gary.hancock5301@example.com,Abu Dhabi,Qatar,2026-05-05
5302,Tracy,Wright,tracy.wright5302@example.com,London,Egypt,2025-09-26
5303,Donald,Jensen,donald.jensen5303@example.com,Cairo,UAE,2025-07-27
5304,Thomas,Sharp,thomas.sharp5304@example.com,Giza,Saudi Arabia,2021-07-27
5305,Ashley,Hall,ashley.hall5305@example.com,Alexandria,Saudi Arabia,2025-11-11
5306,Katrina,King,katrina.king5306@example.com,Alexandria,Jordan,2021-01-11
5307,Larry,Morgan,larry.morgan5307@example.com,Riyadh,Qatar,2023-10-17
5308,Edward,Morris,edward.morris5308@example.com,Giza,Germany,2023-11-08
5309,Annette,Russell,annette.russell5309@example.com,Giza,France,2024-06-28
5310,Adam,Vaughn,adam.vaughn5310@example.com,Berlin,Egypt,2025-11-19
5311,Kari,Norton,kari.norton5311@example.com,Jeddah,Germany,2021-09-26
5312,Amy,Edwards,amy.edwards5312@example.com,Berlin,Saudi Arabia,2022-04-28
5313,Denise,Morris,denise.morris5313@example.com,Amman,UAE,2021-04-17
5314,Jeanne,Robertson,jeanne.robertson5314@example.com,Abu Dhabi,Jordan,2022-09-07
5315,Michele,Haney,michele.haney5315@example.com,Cairo,United Kingdom,2020-04-09
5316,Christopher,Garcia,christopher.garcia5316@example.com,Cairo,Jordan,2025-05-14
5317,Holly,Bennett,holly.bennett5317@example.com,Cairo,Egypt,2022-06-16
5318,Katherine,Martin,katherine.martin5318@example.com,Dubai,UAE,2021-07-17
5319,Kaitlin,Martin,kaitlin.martin5319@example.com,Berlin,Qatar,2023-08-15
5320,Samuel,Stanton,samuel.stanton5320@example.com,Jeddah,Germany,2020-03-19
5321,Benjamin,Coleman,benjamin.coleman5321@example.com,Berlin,Kuwait,2025-07-09
5322,George,Pratt,george.pratt5322@example.com,Cairo,Germany,2026-03-02
5323,Tony,Curry,tony.curry5323@example.com,Giza,Egypt,2022-03-30
5324,Amy,Ross,amy.ross5324@example.com,London,Egypt,2022-05-05
5325,Kenneth,Graham,kenneth.graham5325@example.com,Dubai,United States,2025-07-06
5326,Kelly,Weeks,kelly.weeks5326@example.com,Cairo,Qatar,2020-11-26
5327,Erica,Mills,erica.mills5327@example.com,London,Qatar,2025-09-16
5328,Christina,Watson,christina.watson5328@example.com,Alexandria,Germany,2022-05-21
5329,Debra,Thomas,debra.thomas5329@example.com,Alexandria,United Kingdom,2020-01-31
5330,Alexandra,Harris,alexandra.harris5330@example.com,London,Kuwait,2022-12-24
5331,Christina,Klein,christina.klein5331@example.com,Berlin,Qatar,2025-09-23
5332,April,King,april.king5332@example.com,Jeddah,UAE,2022-04-05
5333,Steven,Mayer,steven.mayer5333@example.com,London,Kuwait,2023-10-02
5334,Sara,Cortez,sara.cortez5334@example.com,Dubai,Qatar,2022-12-02
5335,Melissa,Taylor,melissa.taylor5335@example.com,Jeddah,Saudi Arabia,2023-03-14
5336,Alice,Calderon,alice.calderon5336@example.com,Amman,Egypt,2024-12-29
5337,Alejandro,Butler,alejandro.butler5337@example.com,London,United Kingdom,2024-07-19
5338,Edward,Jones,edward.jones5338@example.com,Dubai,UAE,2021-04-06
5339,Tiffany,Collins,tiffany.collins5339@example.com,Cairo,Germany,2021-03-13
5340,Jacob,Benson,jacob.benson5340@example.com,Dubai,Jordan,2026-05-24
5341,Amanda,Rivera,amanda.rivera5341@example.com,Abu Dhabi,Jordan,2026-08-26
5342,Bruce,Harrison,bruce.harrison5342@example.com,Abu Dhabi,Qatar,2025-03-14
5343,Eric,Bell,eric.bell5343@example.com,Cairo,Jordan,2026-05-10
5344,Angie,Perez,angie.perez5344@example.com,Abu Dhabi,Jordan,2025-09-24
5345,Courtney,Reilly,courtney.reilly5345@example.com,Cairo,Kuwait,2020-02-20
5346,Joshua,Hoover,joshua.hoover5346@example.com,Dubai,UAE,2023-09-29
5347,Miranda,Silva,miranda.silva5347@example.com,Dubai,France,2024-05-10
5348,Kevin,Weber,kevin.weber5348@example.com,Riyadh,France,2024-05-19
5349,Richard,Scott,richard.scott5349@example.com,London,UAE,2025-07-06
5350,Amber,Hopkins,amber.hopkins5350@example.com,Amman,United Kingdom,2026-09-10
5351,Chris,Hernandez,chris.hernandez5351@example.com,Abu Dhabi,Jordan,2020-11-14
5352,Jessica,Ramirez,jessica.ramirez5352@example.com,London,Saudi Arabia,2020-01-02
5353,Jose,Garcia,jose.garcia5353@example.com,Cairo,United States,2020-07-23
5354,Laura,Matthews,laura.matthews5354@example.com,Cairo,Kuwait,2020-01-01
5355,Katie,Rivera,katie.rivera5355@example.com,Abu Dhabi,France,2024-04-11
5356,Kelsey,Vargas,kelsey.vargas5356@example.com,London,UAE,2021-02-02
5357,Joshua,Aguirre,joshua.aguirre5357@example.com,Cairo,Qatar,2022-05-31
5358,Monica,Barnett,monica.barnett5358@example.com,Dubai,Germany,2024-03-07
5359,Thomas,Jackson,thomas.jackson5359@example.com,Giza,Kuwait,2024-09-06
5360,Krista,Hays,krista.hays5360@example.com,Cairo,Kuwait,2020-05-23
5361,Christopher,Pratt,christopher.pratt5361@example.com,Giza,Kuwait,2021-08-03
5362,Dwayne,Martin,dwayne.martin5362@example.com,Abu Dhabi,France,2022-04-18
5363,Nancy,Morris,nancy.morris5363@example.com,Giza,Egypt,2025-05-05
5364,Paula,Williams,paula.williams5364@example.com,Alexandria,Egypt,2021-04-06
5365,William,Gonzales,william.gonzales5365@example.com,Giza,Jordan,2025-02-07
5366,Elizabeth,Murphy,elizabeth.murphy5366@example.com,London,United Kingdom,2023-01-23
5367,Vincent,Wilson,vincent.wilson5367@example.com,Abu Dhabi,Egypt,2026-04-25
5368,Ann,Bennett,ann.bennett5368@example.com,Amman,Saudi Arabia,2021-09-19
5369,Paul,Wells,paul.wells5369@example.com,Dubai,Saudi Arabia,2024-06-16
5370,Larry,Boyd,larry.boyd5370@example.com,Jeddah,Egypt,2020-06-01
5371,Alyssa,Ware,alyssa.ware5371@example.com,Amman,Germany,2025-03-22
5372,Megan,Moses,megan.moses5372@example.com,Jeddah,UAE,2020-02-24
5373,Sonia,Bass,sonia.bass5373@example.com,London,Egypt,2020-09-15
5374,Jennifer,Larsen,jennifer.larsen5374@example.com,Abu Dhabi,Kuwait,2025-05-16
5375,Ann,Henry,ann.henry5375@example.com,Dubai,Kuwait,2020-04-09
5376,Kristina,Jennings,kristina.jennings5376@example.com,Abu Dhabi,Jordan,2022-08-19
5377,Angela,Graham,angela.graham5377@example.com,Amman,Egypt,2020-06-29
5378,Michael,Johnson,michael.johnson5378@example.com,London,Germany,2026-04-08
5379,Michael,Owens,michael.owens5379@example.com,Amman,Jordan,2020-07-12
5380,Elizabeth,Chandler,elizabeth.chandler5380@example.com,Abu Dhabi,Qatar,2020-12-28
5381,Jason,Castro,jason.castro5381@example.com,London,Qatar,2025-02-11
5382,Whitney,Ayers,whitney.ayers5382@example.com,Amman,United Kingdom,2021-11-02
5383,Patrick,White,patrick.white5383@example.com,Riyadh,Qatar,2026-03-06
5384,Julie,Smith,julie.smith5384@example.com,Berlin,UAE,2023-08-06
5385,Scott,Fox,scott.fox5385@example.com,Riyadh,Germany,2021-12-13
5386,Adam,Collins,adam.collins5386@example.com,London,Germany,2024-03-04
5387,Clinton,Wood,clinton.wood5387@example.com,Amman,Qatar,2023-04-12
5388,Jon,Dorsey,jon.dorsey5388@example.com,Alexandria,France,2026-01-30
5389,Catherine,Johnson,catherine.johnson5389@example.com,Jeddah,Qatar,2024-11-03
5390,Joshua,Mendoza,joshua.mendoza5390@example.com,Giza,United States,2022-11-03
5391,Bradley,Dominguez,bradley.dominguez5391@example.com,Alexandria,Qatar,2024-01-09
5392,Johnny,Garrett,johnny.garrett5392@example.com,Amman,France,2026-01-17
5393,Teresa,Morrow,teresa.morrow5393@example.com,Alexandria,Egypt,2023-11-07
5394,Michelle,Pennington,michelle.pennington5394@example.com,Berlin,UAE,2023-10-31
5395,Wendy,Chen,wendy.chen5395@example.com,Berlin,UAE,2026-06-07
5396,Tracy,Wells,tracy.wells5396@example.com,Alexandria,Jordan,2024-06-11
5397,Nancy,Christensen,nancy.christensen5397@example.com,Giza,Germany,2021-04-03
5398,Lindsey,Johnson,lindsey.johnson5398@example.com,Berlin,United Kingdom,2020-06-20
5399,Anthony,Shannon,anthony.shannon5399@example.com,Berlin,Saudi Arabia,2026-06-15
5400,Eric,Fitzgerald,eric.fitzgerald5400@example.com,Cairo,Kuwait,2026-03-04
5401,Monica,Anderson,monica.anderson5401@example.com,Alexandria,Jordan,2023-10-03
5402,Robert,Singleton,robert.singleton5402@example.com,Amman,Saudi Arabia,2023-08-26
5403,Brian,Walsh,brian.walsh5403@example.com,Riyadh,United Kingdom,2024-06-05
5404,Bryan,Davis,bryan.davis5404@example.com,Berlin,Germany,2022-06-16
5405,Amy,Lucero,amy.lucero5405@example.com,London,Qatar,2024-07-29
5406,James,Mendez,james.mendez5406@example.com,Giza,Jordan,2025-02-01
5407,Allen,Hood,allen.hood5407@example.com,Alexandria,Jordan,2020-01-03
5408,Melanie,Stewart,melanie.stewart5408@example.com,Berlin,Saudi Arabia,2025-07-21
5409,Jenna,Bullock,jenna.bullock5409@example.com,Alexandria,Saudi Arabia,2023-06-09
5410,Brenda,Blackburn,brenda.blackburn5410@example.com,Dubai,Germany,2023-05-25
5411,Zachary,Shepard,zachary.shepard5411@example.com,Dubai,United Kingdom,2021-01-30
5412,Richard,Monroe,richard.monroe5412@example.com,Dubai,Egypt,2020-03-07
5413,Elizabeth,Brown,elizabeth.brown5413@example.com,Cairo,Kuwait,2021-05-10
5414,Mandy,Mason,mandy.mason5414@example.com,Dubai,UAE,2020-10-19
5415,Jessica,Miller,jessica.miller5415@example.com,Giza,Kuwait,2025-01-27
5416,Scott,Hill,scott.hill5416@example.com,Giza,Germany,2024-01-04
5417,James,Wagner,james.wagner5417@example.com,Jeddah,Egypt,2026-09-13
5418,Gerald,Francis,gerald.francis5418@example.com,Abu Dhabi,Qatar,2024-05-07
5419,Mary,Smith,mary.smith5419@example.com,Riyadh,Jordan,2023-05-29
5420,Joshua,Bell,joshua.bell5420@example.com,Jeddah,United States,2026-08-12
5421,Matthew,Carroll,matthew.carroll5421@example.com,Amman,United States,2026-08-27
5422,Heather,Knight,heather.knight5422@example.com,Cairo,France,2020-05-09
5423,Steven,Wilson,steven.wilson5423@example.com,Amman,Qatar,2023-12-10
5424,Christopher,Blair,christopher.blair5424@example.com,Cairo,Kuwait,2025-04-23
5425,Jacob,Garza,jacob.garza5425@example.com,Jeddah,United Kingdom,2021-02-05
5426,Tammy,Wang,tammy.wang5426@example.com,Jeddah,United States,2023-12-08
5427,Kristina,Robinson,kristina.robinson5427@example.com,Amman,Egypt,2024-04-05
5428,Nicholas,Miller,nicholas.miller5428@example.com,Cairo,France,2020-12-21
5429,Jennifer,Wright,jennifer.wright5429@example.com,Amman,Kuwait,2026-02-05
5430,Mary,May,mary.may5430@example.com,Giza,Saudi Arabia,2022-10-02
5431,Rachel,Lee,rachel.lee5431@example.com,Giza,France,2024-04-04
5432,Katelyn,Anderson,katelyn.anderson5432@example.com,Riyadh,Jordan,2025-04-06
5433,Brian,Mccarthy,brian.mccarthy5433@example.com,Cairo,Qatar,2023-06-22
5434,Gregory,Taylor,gregory.taylor5434@example.com,Berlin,France,2022-06-06
5435,Leslie,Perez,leslie.perez5435@example.com,London,Germany,2021-01-23
5436,Jacob,Stephenson,jacob.stephenson5436@example.com,Cairo,UAE,2026-08-27
5437,Gregory,Phillips,gregory.phillips5437@example.com,Cairo,United Kingdom,2024-12-25
5438,Heidi,Baker,heidi.baker5438@example.com,Giza,United Kingdom,2022-01-12
5439,Tracy,Lane,tracy.lane5439@example.com,Amman,Kuwait,2026-05-03
5440,Michael,May,michael.may5440@example.com,Jeddah,United Kingdom,2020-07-18
5441,Shannon,Welch,shannon.welch5441@example.com,Abu Dhabi,United States,2021-04-26
5442,Marie,Johnson,marie.johnson5442@example.com,Berlin,France,2021-12-13
5443,Mary,Cruz,mary.cruz5443@example.com,Amman,Kuwait,2021-10-28
5444,Amanda,Clark,amanda.clark5444@example.com,Cairo,Kuwait,2023-09-19
5445,Jacqueline,Reed,jacqueline.reed5445@example.com,Jeddah,Saudi Arabia,2021-09-26
5446,Lisa,Hogan,lisa.hogan5446@example.com,Giza,Jordan,2025-05-28
5447,Jared,Lyons,jared.lyons5447@example.com,Amman,Jordan,2020-01-24
5448,William,Gallegos,william.gallegos5448@example.com,Jeddah,UAE,2024-03-23
5449,Laura,Davis,laura.davis5449@example.com,Cairo,Kuwait,2022-01-18
5450,Kiara,Scott,kiara.scott5450@example.com,Dubai,Qatar,2026-07-18
5451,Taylor,Johnson,taylor.johnson5451@example.com,Amman,Jordan,2024-12-26
5452,Darius,Barrett,darius.barrett5452@example.com,Giza,Saudi Arabia,2021-11-04
5453,Jacob,Taylor,jacob.taylor5453@example.com,Alexandria,UAE,2026-04-24
5454,Brenda,Watson,brenda.watson5454@example.com,Cairo,France,2025-07-25
5455,Nicholas,Chapman,nicholas.chapman5455@example.com,Riyadh,Germany,2020-03-25
5456,Arthur,Haynes,arthur.haynes5456@example.com,Berlin,Qatar,2026-02-04
5457,Crystal,Booth,crystal.booth5457@example.com,Giza,Germany,2025-04-24
5458,Alan,Fisher,alan.fisher5458@example.com,Cairo,Kuwait,2024-11-22
5459,Matthew,Wong,matthew.wong5459@example.com,Berlin,Germany,2020-10-01
5460,Craig,Gentry,craig.gentry5460@example.com,Giza,Saudi Arabia,2022-12-12
5461,Kevin,Owens,kevin.owens5461@example.com,Riyadh,France,2024-07-01
5462,Jacob,Johnson,jacob.johnson5462@example.com,Berlin,Jordan,2021-07-17
5463,Lisa,Bryant,lisa.bryant5463@example.com,Giza,Egypt,2021-10-25
5464,Barbara,Graham,barbara.graham5464@example.com,Giza,United States,2022-02-04
5465,Reginald,Flowers,reginald.flowers5465@example.com,Dubai,France,2026-02-14
5466,Johnny,Brooks,johnny.brooks5466@example.com,Riyadh,United Kingdom,2022-12-13
5467,Matthew,Gregory,matthew.gregory5467@example.com,Amman,Saudi Arabia,2022-01-29
5468,Kevin,Arellano,kevin.arellano5468@example.com,London,Germany,2021-04-19
5469,Natalie,Hines,natalie.hines5469@example.com,Berlin,Egypt,2022-08-09
5470,Rachel,Hunter,rachel.hunter5470@example.com,Dubai,UAE,2023-05-15
5471,Robert,Schroeder,robert.schroeder5471@example.com,Alexandria,Germany,2020-02-15
5472,Stephanie,Morales,stephanie.morales5472@example.com,Riyadh,Egypt,2025-09-20
5473,Anthony,Hunt,anthony.hunt5473@example.com,Cairo,Saudi Arabia,2025-11-18
5474,Sandra,Tanner,sandra.tanner5474@example.com,Abu Dhabi,United States,2025-12-13
5475,Tammy,Bender,tammy.bender5475@example.com,Cairo,Kuwait,2021-07-15
5476,James,Compton,james.compton5476@example.com,Riyadh,Jordan,2025-05-21
5477,Karen,Anderson,karen.anderson5477@example.com,Dubai,Jordan,2025-04-28
5478,Mason,Choi,mason.choi5478@example.com,Amman,France,2022-05-27
5479,Tara,Parker,tara.parker5479@example.com,Giza,UAE,2024-05-07
5480,Katie,Solis,katie.solis5480@example.com,Berlin,United Kingdom,2020-10-17
5481,Stephen,Martin,stephen.martin5481@example.com,Alexandria,UAE,2025-09-19
5482,Aaron,Hernandez,aaron.hernandez5482@example.com,Alexandria,Saudi Arabia,2025-05-10
5483,Nicole,Turner,nicole.turner5483@example.com,Berlin,Saudi Arabia,2026-05-07
5484,Christopher,Young,christopher.young5484@example.com,Alexandria,Jordan,2024-08-20
5485,James,Davis,james.davis5485@example.com,Riyadh,Jordan,2022-12-11
5486,John,Cohen,john.cohen5486@example.com,Jeddah,Egypt,2024-11-03
5487,Megan,Brooks,megan.brooks5487@example.com,Cairo,Qatar,2024-06-04
5488,Thomas,Cooper,thomas.cooper5488@example.com,Cairo,Jordan,2024-03-10
5489,Thomas,Mcdaniel,thomas.mcdaniel5489@example.com,Jeddah,France,2022-07-09
5490,Holly,Durham,holly.durham5490@example.com,Alexandria,France,2025-09-18
5491,Elizabeth,Guerra,elizabeth.guerra5491@example.com,Jeddah,UAE,2022-09-15
5492,Jasmin,Hines,jasmin.hines5492@example.com,London,United Kingdom,2023-03-24
5493,Cody,Anderson,cody.anderson5493@example.com,Amman,Saudi Arabia,2024-11-07
5494,Kathryn,Anderson,kathryn.anderson5494@example.com,London,Egypt,2024-09-05
5495,Kerri,Villanueva,kerri.villanueva5495@example.com,Giza,United Kingdom,2020-12-13
5496,Lori,Cross,lori.cross5496@example.com,Alexandria,Egypt,2024-02-22
5497,Roger,Long,roger.long5497@example.com,Abu Dhabi,Germany,2023-02-24
5498,Charles,Freeman,charles.freeman5498@example.com,Amman,Qatar,2023-05-28
5499,Joy,Willis,joy.willis5499@example.com,Berlin,United States,2023-09-01
5500,Jeffrey,Franklin,jeffrey.franklin5500@example.com,Abu Dhabi,France,2025-09-25
5501,Katrina,Wood,katrina.wood5501@example.com,Amman,Germany,2026-08-11
5502,Matthew,Morrow,matthew.morrow5502@example.com,Berlin,United States,2026-06-09
5503,Cheryl,Walton,cheryl.walton5503@example.com,Alexandria,France,2023-10-12
5504,Robin,Brewer,robin.brewer5504@example.com,Giza,France,2023-11-03
5505,Devin,Lopez,devin.lopez5505@example.com,Berlin,United Kingdom,2020-09-14
5506,Jason,Graham,jason.graham5506@example.com,Abu Dhabi,Kuwait,2023-01-16
5507,Matthew,Valdez,matthew.valdez5507@example.com,Abu Dhabi,United States,2025-10-04
5508,Ronald,Mitchell,ronald.mitchell5508@example.com,Dubai,Qatar,2023-08-20
5509,Paul,Nicholson,paul.nicholson5509@example.com,Dubai,United States,2022-02-22
5510,Austin,Mullen,austin.mullen5510@example.com,Riyadh,Kuwait,2022-02-24
5511,Robert,Martin,robert.martin5511@example.com,Riyadh,United Kingdom,2024-08-12
5512,Faith,Flowers,faith.flowers5512@example.com,Abu Dhabi,Kuwait,2026-09-14
5513,Steven,Miller,steven.miller5513@example.com,Jeddah,Jordan,2021-07-24
5514,Gina,Garcia,gina.garcia5514@example.com,Abu Dhabi,Jordan,2024-01-20
5515,Michelle,Lara,michelle.lara5515@example.com,Berlin,United Kingdom,2023-08-08
5516,Alexander,Flores,alexander.flores5516@example.com,Dubai,France,2026-07-10
5517,Autumn,Cruz,autumn.cruz5517@example.com,Berlin,UAE,2021-04-25
5518,Shawn,Tucker,shawn.tucker5518@example.com,Abu Dhabi,Jordan,2022-04-22
5519,Susan,Morales,susan.morales5519@example.com,London,Qatar,2022-01-19
5520,Kelsey,Turner,kelsey.turner5520@example.com,Amman,Qatar,2022-10-03
5521,Jonathan,Walters,jonathan.walters5521@example.com,Jeddah,France,2023-01-13
5522,Cassandra,Lang,cassandra.lang5522@example.com,London,France,2026-01-10
5523,Shannon,Watson,shannon.watson5523@example.com,Riyadh,UAE,2022-11-09
5524,Thomas,Rogers,thomas.rogers5524@example.com,London,Saudi Arabia,2022-10-31
5525,Amanda,Diaz,amanda.diaz5525@example.com,Giza,Germany,2026-03-05
5526,Kristen,Pollard,kristen.pollard5526@example.com,Jeddah,Egypt,2020-09-29
5527,Amanda,Reyes,amanda.reyes5527@example.com,Dubai,Kuwait,2025-07-20
5528,Emily,Hernandez,emily.hernandez5528@example.com,Amman,United Kingdom,2026-07-18
5529,Matthew,Villa,matthew.villa5529@example.com,Abu Dhabi,United Kingdom,2026-05-13
5530,Brittany,Gonzalez,brittany.gonzalez5530@example.com,Jeddah,Jordan,2022-12-24
5531,Lisa,Luna,lisa.luna5531@example.com,Cairo,Germany,2025-06-28
5532,Spencer,Williams,spencer.williams5532@example.com,London,Saudi Arabia,2025-05-05
5533,Juan,Martinez,juan.martinez5533@example.com,Jeddah,Germany,2023-07-06
5534,Tracy,Richardson,tracy.richardson5534@example.com,Giza,UAE,2022-01-11
5535,Pamela,Parks,pamela.parks5535@example.com,Giza,Qatar,2020-08-11
5536,Johnny,Rogers,johnny.rogers5536@example.com,Cairo,Saudi Arabia,2023-02-10
5537,Kenneth,Fuentes,kenneth.fuentes5537@example.com,Giza,United Kingdom,2026-01-01
5538,Amy,White,amy.white5538@example.com,Abu Dhabi,UAE,2021-01-27
5539,Michael,Smith,michael.smith5539@example.com,Jeddah,Jordan,2020-06-12
5540,Mark,Fields,mark.fields5540@example.com,London,Egypt,2020-02-10
5541,Caitlin,Howard,caitlin.howard5541@example.com,Giza,Qatar,2023-02-09
5542,Benjamin,Rodgers,benjamin.rodgers5542@example.com,Abu Dhabi,Germany,2022-09-12
5543,John,Miller,john.miller5543@example.com,Dubai,Jordan,2026-05-26
5544,Cody,Acosta,cody.acosta5544@example.com,Abu Dhabi,United Kingdom,2023-12-19
5545,Cynthia,Jordan,cynthia.jordan5545@example.com,Dubai,UAE,2020-04-04
5546,Joshua,Bonilla,joshua.bonilla5546@example.com,Berlin,United States,2023-07-21
5547,Hannah,Sanchez,hannah.sanchez5547@example.com,Dubai,UAE,2024-04-18
5548,Margaret,Conley,margaret.conley5548@example.com,Dubai,United Kingdom,2020-03-12
5549,Jessica,Mills,jessica.mills5549@example.com,Alexandria,Saudi Arabia,2026-05-28
5550,Stephen,Jones,stephen.jones5550@example.com,London,Kuwait,2025-06-14
5551,Nathan,Thomas,nathan.thomas5551@example.com,Giza,Saudi Arabia,2022-10-05
5552,Tiffany,Little,tiffany.little5552@example.com,Jeddah,Jordan,2022-09-18
5553,Nicole,Reyes,nicole.reyes5553@example.com,Amman,United States,2021-11-09
5554,Tina,Miller,tina.miller5554@example.com,Alexandria,Jordan,2023-02-18
5555,Sara,Curry,sara.curry5555@example.com,Giza,Egypt,2022-09-05
5556,Roberto,Johnson,roberto.johnson5556@example.com,Abu Dhabi,Germany,2026-07-02
5557,Stephanie,Scott,stephanie.scott5557@example.com,London,Germany,2025-01-01
5558,Denise,Andrade,denise.andrade5558@example.com,Dubai,Jordan,2021-02-15
5559,Mary,Hamilton,mary.hamilton5559@example.com,Giza,Germany,2024-12-24
5560,Darren,Lee,darren.lee5560@example.com,Amman,UAE,2024-04-23
5561,Jose,Turner,jose.turner5561@example.com,London,Germany,2020-04-04
5562,Willie,Dickerson,willie.dickerson5562@example.com,Berlin,Kuwait,2022-04-20
5563,John,Lindsey,john.lindsey5563@example.com,Amman,Germany,2025-11-16
5564,Nicholas,Kennedy,nicholas.kennedy5564@example.com,Riyadh,Qatar,2020-03-25
5565,Kathleen,Kim,kathleen.kim5565@example.com,Amman,United Kingdom,2024-05-07
5566,Julie,Osborne,julie.osborne5566@example.com,Amman,United States,2022-04-21
5567,Joshua,Powers,joshua.powers5567@example.com,Riyadh,UAE,2020-11-12
5568,Cassandra,Browning,cassandra.browning5568@example.com,London,Germany,2021-11-20
5569,Erika,Nelson,erika.nelson5569@example.com,Jeddah,Jordan,2022-06-11
5570,Richard,Smith,richard.smith5570@example.com,Riyadh,Qatar,2024-07-17
5571,Robert,Anderson,robert.anderson5571@example.com,Abu Dhabi,Jordan,2023-04-05
5572,Joseph,George,joseph.george5572@example.com,Dubai,Germany,2025-04-07
5573,Theresa,Flores,theresa.flores5573@example.com,Cairo,United States,2022-09-26
5574,Jeffrey,Smith,jeffrey.smith5574@example.com,Giza,France,2020-03-30
5575,Mark,Brown,mark.brown5575@example.com,Jeddah,United States,2023-11-14
5576,Keith,Joseph,keith.joseph5576@example.com,Riyadh,Germany,2020-03-24
5577,Margaret,Matthews,margaret.matthews5577@example.com,Amman,Germany,2024-12-29
5578,Cynthia,Murphy,cynthia.murphy5578@example.com,Jeddah,Saudi Arabia,2024-11-26
5579,Paul,Spears,paul.spears5579@example.com,Abu Dhabi,Qatar,2022-07-25
5580,Alexander,Peterson,alexander.peterson5580@example.com,Abu Dhabi,Qatar,2022-11-30
5581,Michael,Wallace,michael.wallace5581@example.com,Amman,UAE,2021-11-21
5582,Steven,Newton,steven.newton5582@example.com,Dubai,United States,2025-10-19
5583,Jason,Wolfe,jason.wolfe5583@example.com,London,United Kingdom,2022-03-12
5584,Emily,Scott,emily.scott5584@example.com,Cairo,Germany,2024-02-02
5585,Antonio,Phelps,antonio.phelps5585@example.com,Cairo,Jordan,2021-01-03
5586,Tammy,Welch,tammy.welch5586@example.com,Alexandria,Saudi Arabia,2026-03-14
5587,Anna,Reed,anna.reed5587@example.com,Cairo,Kuwait,2020-11-20
5588,Jared,Mercer,jared.mercer5588@example.com,Berlin,Kuwait,2025-01-29
5589,Mike,Carter,mike.carter5589@example.com,Alexandria,Kuwait,2021-08-03
5590,Leslie,Craig,leslie.craig5590@example.com,Jeddah,Kuwait,2022-01-31
5591,Anthony,Weber,anthony.weber5591@example.com,Dubai,Germany,2023-06-30
5592,Garrett,Bell,garrett.bell5592@example.com,Alexandria,United Kingdom,2020-09-30
5593,Ryan,Forbes,ryan.forbes5593@example.com,Dubai,Saudi Arabia,2020-08-01
5594,Andrew,Mcpherson,andrew.mcpherson5594@example.com,London,UAE,2023-03-26
5595,Angela,Henry,angela.henry5595@example.com,Berlin,France,2024-09-29
5596,Jimmy,Morse,jimmy.morse5596@example.com,Alexandria,Jordan,2020-03-11
5597,David,Lawson,david.lawson5597@example.com,Dubai,United States,2020-11-11
5598,Melissa,Davis,melissa.davis5598@example.com,Giza,Saudi Arabia,2023-01-07
5599,Jeffery,Gay,jeffery.gay5599@example.com,Alexandria,United Kingdom,2021-05-23
5600,Ashley,White,ashley.white5600@example.com,Amman,United Kingdom,2024-02-20
5601,Erik,Waters,erik.waters5601@example.com,Alexandria,UAE,2025-12-25
5602,Jessica,Morales,jessica.morales5602@example.com,Alexandria,Jordan,2020-02-05
5603,Ricky,Potter,ricky.potter5603@example.com,Riyadh,UAE,2023-01-20
5604,Robert,Greene,robert.greene5604@example.com,Berlin,Egypt,2025-08-13
5605,Luis,Cox,luis.cox5605@example.com,Berlin,Egypt,2024-06-01
5606,Daniel,Dyer,daniel.dyer5606@example.com,Alexandria,UAE,2020-07-17
5607,Susan,Gill,susan.gill5607@example.com,Amman,UAE,2021-06-25
5608,Louis,Nichols,louis.nichols5608@example.com,Dubai,United States,2024-02-13
5609,Philip,Trevino,philip.trevino5609@example.com,London,Kuwait,2025-03-09
5610,Troy,Marshall,troy.marshall5610@example.com,Dubai,France,2021-12-18
5611,Margaret,Cole,margaret.cole5611@example.com,Giza,Jordan,2021-10-25
5612,Sandra,Thompson,sandra.thompson5612@example.com,London,Egypt,2020-10-01
5613,Keith,Patel,keith.patel5613@example.com,Jeddah,UAE,2020-01-03
5614,Matthew,Marshall,matthew.marshall5614@example.com,Abu Dhabi,France,2025-12-06
5615,Gerald,Solomon,gerald.solomon5615@example.com,Amman,Germany,2026-03-04
5616,Patrick,Delgado,patrick.delgado5616@example.com,Berlin,Germany,2025-11-20
5617,Terri,Jenkins,terri.jenkins5617@example.com,Amman,United Kingdom,2023-12-20
5618,Dana,Montgomery,dana.montgomery5618@example.com,London,United States,2024-07-17
5619,Dillon,Harvey,dillon.harvey5619@example.com,Abu Dhabi,United Kingdom,2024-07-27
5620,Yolanda,Greene,yolanda.greene5620@example.com,Alexandria,United Kingdom,2025-08-08
5621,Jessica,Dougherty,jessica.dougherty5621@example.com,Alexandria,Egypt,2022-04-27
5622,Mark,Wright,mark.wright5622@example.com,Giza,United States,2024-02-14
5623,Ashley,Kennedy,ashley.kennedy5623@example.com,Abu Dhabi,Saudi Arabia,2024-08-16
5624,Christopher,Wood,christopher.wood5624@example.com,Jeddah,Germany,2023-05-11
5625,Julia,Stephenson,julia.stephenson5625@example.com,Riyadh,Egypt,2023-07-12
5626,Destiny,Arnold,destiny.arnold5626@example.com,Amman,Jordan,2020-03-06
5627,Michelle,Jefferson,michelle.jefferson5627@example.com,Dubai,Germany,2021-08-25
5628,Evan,Wood,evan.wood5628@example.com,Amman,United States,2021-07-26
5629,Nancy,Thompson,nancy.thompson5629@example.com,Abu Dhabi,Germany,2022-09-28
5630,Sharon,Morse,sharon.morse5630@example.com,Alexandria,Egypt,2022-07-19
5631,Marcus,Carter,marcus.carter5631@example.com,Amman,Kuwait,2025-06-16
5632,Patricia,Clark,patricia.clark5632@example.com,Jeddah,France,2025-03-20
5633,Steven,Sanchez,steven.sanchez5633@example.com,Riyadh,Jordan,2025-03-12
5634,Carrie,Fritz,carrie.fritz5634@example.com,Alexandria,Germany,2020-07-29
5635,Laura,Kaufman,laura.kaufman5635@example.com,Dubai,UAE,2021-02-18
5636,Vincent,Rodriguez,vincent.rodriguez5636@example.com,Abu Dhabi,Qatar,2020-08-05
5637,Cassandra,Rivera,cassandra.rivera5637@example.com,Riyadh,France,2024-05-02
5638,Samantha,Moore,samantha.moore5638@example.com,Jeddah,Saudi Arabia,2023-04-19
5639,Steven,Rivers,steven.rivers5639@example.com,Riyadh,United Kingdom,2026-03-09
5640,Adam,Johnson,adam.johnson5640@example.com,Amman,Egypt,2025-05-17
5641,Erica,Camacho,erica.camacho5641@example.com,Giza,Qatar,2023-09-19
5642,Wendy,Atkins,wendy.atkins5642@example.com,Dubai,Kuwait,2025-09-06
5643,Chad,Butler,chad.butler5643@example.com,Alexandria,Egypt,2021-02-18
5644,Jordan,Baldwin,jordan.baldwin5644@example.com,Alexandria,United Kingdom,2023-01-09
5645,David,Frank,david.frank5645@example.com,Cairo,Egypt,2025-09-17
5646,Deborah,Ferguson,deborah.ferguson5646@example.com,Dubai,United Kingdom,2024-02-29
5647,Andrew,Castillo,andrew.castillo5647@example.com,Cairo,France,2024-07-10
5648,Jessica,Carter,jessica.carter5648@example.com,Riyadh,United States,2025-02-28
5649,Raymond,Short,raymond.short5649@example.com,Riyadh,United States,2023-08-30
5650,Kayla,Cox,kayla.cox5650@example.com,Abu Dhabi,Qatar,2020-07-27
5651,Jennifer,Hunt,jennifer.hunt5651@example.com,Berlin,United States,2021-05-20
5652,Debra,Patterson,debra.patterson5652@example.com,Amman,France,2024-11-10
5653,David,Thomas,david.thomas5653@example.com,Berlin,Egypt,2026-02-22
5654,Jose,Bryan,jose.bryan5654@example.com,London,United Kingdom,2020-10-02
5655,Karen,Rodriguez,karen.rodriguez5655@example.com,Alexandria,Germany,2023-09-14
5656,Gary,Gutierrez,gary.gutierrez5656@example.com,Amman,Kuwait,2021-08-12
5657,Matthew,Durham,matthew.durham5657@example.com,Alexandria,Jordan,2021-01-16
5658,Laura,Clark,laura.clark5658@example.com,London,Germany,2023-02-03
5659,Colton,May,colton.may5659@example.com,Jeddah,Jordan,2020-06-20
5660,Charles,Nolan,charles.nolan5660@example.com,Cairo,Kuwait,2020-02-19
5661,Travis,Sanchez,travis.sanchez5661@example.com,Alexandria,Jordan,2024-09-09
5662,Jordan,Phillips,jordan.phillips5662@example.com,London,Jordan,2024-09-06
5663,Sean,Cobb,sean.cobb5663@example.com,Alexandria,Germany,2026-02-18
5664,Holly,Carroll,holly.carroll5664@example.com,London,Kuwait,2022-05-12
5665,Brooke,Juarez,brooke.juarez5665@example.com,Cairo,Saudi Arabia,2021-10-31
5666,Earl,Roberts,earl.roberts5666@example.com,Cairo,Kuwait,2025-05-30
5667,Jeffrey,Wood,jeffrey.wood5667@example.com,Giza,Jordan,2025-04-02
5668,Michael,Carter,michael.carter5668@example.com,Alexandria,France,2021-04-12
5669,Shirley,Moore,shirley.moore5669@example.com,Giza,France,2023-11-04
5670,Cynthia,Alvarez,cynthia.alvarez5670@example.com,London,Qatar,2025-04-04
5671,Scott,Phillips,scott.phillips5671@example.com,Abu Dhabi,United States,2026-04-06
5672,Julia,Neal,julia.neal5672@example.com,Berlin,Qatar,2023-08-30
5673,Dwayne,Carter,dwayne.carter5673@example.com,Berlin,UAE,2026-08-12
5674,Patrick,Walsh,patrick.walsh5674@example.com,Berlin,Kuwait,2026-08-29
5675,Anthony,Lewis,anthony.lewis5675@example.com,Dubai,Jordan,2020-04-01
5676,Kevin,Silva,kevin.silva5676@example.com,Jeddah,France,2023-01-19
5677,Jordan,Griffith,jordan.griffith5677@example.com,Riyadh,United Kingdom,2023-05-16
5678,Julie,Ferrell,julie.ferrell5678@example.com,Amman,Germany,2020-07-29
5679,Richard,Montgomery,richard.montgomery5679@example.com,London,Kuwait,2022-11-21
5680,George,Cooper,george.cooper5680@example.com,Giza,UAE,2026-03-23
5681,Eric,Farrell,eric.farrell5681@example.com,Dubai,Jordan,2022-10-15
5682,Leon,Brooks,leon.brooks5682@example.com,Amman,UAE,2021-02-07
5683,Michelle,Washington,michelle.washington5683@example.com,Berlin,United Kingdom,2024-01-26
5684,Gary,Fox,gary.fox5684@example.com,Jeddah,Germany,2024-09-13
5685,Gregory,Prince,gregory.prince5685@example.com,London,Qatar,2023-05-10
5686,Alexis,Arroyo,alexis.arroyo5686@example.com,Giza,Jordan,2021-10-27
5687,Matthew,Parker,matthew.parker5687@example.com,London,France,2020-09-28
5688,Jeffrey,Ramirez,jeffrey.ramirez5688@example.com,Riyadh,Egypt,2024-11-19
5689,Kimberly,Mccormick,kimberly.mccormick5689@example.com,Jeddah,Germany,2021-09-22
5690,Debra,Kelly,debra.kelly5690@example.com,Jeddah,France,2020-05-05
5691,Stephen,Durham,stephen.durham5691@example.com,Riyadh,Qatar,2021-04-29
5692,Rebecca,Larsen,rebecca.larsen5692@example.com,Abu Dhabi,Jordan,2025-06-15
5693,Megan,Logan,megan.logan5693@example.com,Amman,Germany,2026-08-07
5694,Alexandria,Perez,alexandria.perez5694@example.com,Dubai,Germany,2024-10-27
5695,James,Beck,james.beck5695@example.com,Dubai,Kuwait,2022-09-23
5696,Raymond,Garcia,raymond.garcia5696@example.com,London,UAE,2023-10-08
5697,Mark,Jones,mark.jones5697@example.com,Alexandria,United States,2023-09-01
5698,Angela,Nichols,angela.nichols5698@example.com,London,Germany,2020-12-05
5699,Judith,Salas,judith.salas5699@example.com,Giza,Saudi Arabia,2020-12-03
5700,Tara,Brown,tara.brown5700@example.com,Cairo,UAE,2026-01-22
5701,Ashley,Wright,ashley.wright5701@example.com,Jeddah,France,2021-01-13
5702,Jonathan,Stevenson,jonathan.stevenson5702@example.com,Alexandria,Egypt,2020-01-09
5703,Hannah,Curtis,hannah.curtis5703@example.com,Amman,UAE,2020-05-13
5704,John,Norris,john.norris5704@example.com,Alexandria,Kuwait,2024-02-11
5705,Stephen,Williams,stephen.williams5705@example.com,Riyadh,United States,2020-12-24
5706,Chelsea,Arnold,chelsea.arnold5706@example.com,Cairo,UAE,2023-06-22
5707,Christopher,Lee,christopher.lee5707@example.com,Riyadh,Saudi Arabia,2020-06-08
5708,Mariah,Brown,mariah.brown5708@example.com,London,Saudi Arabia,2020-06-10
5709,Rebecca,Mills,rebecca.mills5709@example.com,London,Egypt,2022-02-26
5710,Bruce,Perez,bruce.perez5710@example.com,Alexandria,Germany,2025-07-01
5711,Brenda,Perkins,brenda.perkins5711@example.com,Giza,Kuwait,2026-08-27
5712,Steven,Herrera,steven.herrera5712@example.com,Abu Dhabi,United States,2025-11-24
5713,Kimberly,Flores,kimberly.flores5713@example.com,Giza,United States,2023-03-11
5714,Cynthia,Gonzalez,cynthia.gonzalez5714@example.com,Alexandria,Saudi Arabia,2025-03-08
5715,Darren,Miller,darren.miller5715@example.com,London,Kuwait,2021-10-06
5716,James,Daniels,james.daniels5716@example.com,Berlin,Saudi Arabia,2025-07-26
5717,Jason,Freeman,jason.freeman5717@example.com,London,Jordan,2023-03-08
5718,Ashley,Perkins,ashley.perkins5718@example.com,Cairo,Germany,2023-10-19
5719,Michelle,Rodriguez,michelle.rodriguez5719@example.com,Alexandria,France,2025-01-27
5720,Olivia,Waters,olivia.waters5720@example.com,Riyadh,United Kingdom,2023-06-09
5721,James,Shaffer,james.shaffer5721@example.com,Abu Dhabi,Germany,2024-09-08
5722,Christina,Bryant,christina.bryant5722@example.com,Dubai,Kuwait,2023-08-30
5723,Aaron,Webster,aaron.webster5723@example.com,Dubai,Jordan,2025-03-04
5724,Carolyn,Vasquez,carolyn.vasquez5724@example.com,Alexandria,UAE,2020-05-30
5725,Gregory,Hunter,gregory.hunter5725@example.com,Giza,Egypt,2026-08-04
5726,Willie,Bean,willie.bean5726@example.com,Giza,UAE,2021-03-17
5727,Kevin,Camacho,kevin.camacho5727@example.com,Amman,UAE,2021-09-03
5728,John,Hill,john.hill5728@example.com,Giza,Kuwait,2023-09-24
5729,Anna,Parker,anna.parker5729@example.com,Riyadh,United States,2022-09-06
5730,Scott,Rowland,scott.rowland5730@example.com,Amman,Germany,2024-08-05
5731,Sonya,Freeman,sonya.freeman5731@example.com,Giza,United Kingdom,2026-08-04
5732,Luis,Mccann,luis.mccann5732@example.com,Abu Dhabi,Jordan,2025-04-22
5733,Thomas,Martin,thomas.martin5733@example.com,Cairo,Qatar,2021-10-03
5734,Cameron,Reynolds,cameron.reynolds5734@example.com,Jeddah,Jordan,2023-11-14
5735,Kevin,Schaefer,kevin.schaefer5735@example.com,Giza,Egypt,2020-05-08
5736,Scott,Little,scott.little5736@example.com,Abu Dhabi,Germany,2022-02-03
5737,Amanda,White,amanda.white5737@example.com,Amman,France,2024-06-16
5738,Kimberly,Hines,kimberly.hines5738@example.com,Riyadh,France,2021-06-28
5739,Jason,Shaw,jason.shaw5739@example.com,Riyadh,Germany,2023-07-13
5740,Luke,Moreno,luke.moreno5740@example.com,London,UAE,2020-01-31
5741,Dakota,Evans,dakota.evans5741@example.com,Alexandria,Kuwait,2024-08-30
5742,Chelsea,Duncan,chelsea.duncan5742@example.com,Giza,France,2023-10-02
5743,Eric,Moore,eric.moore5743@example.com,Alexandria,Egypt,2021-07-28
5744,Katie,Floyd,katie.floyd5744@example.com,Dubai,United Kingdom,2025-07-21
5745,Melissa,Bishop,melissa.bishop5745@example.com,Abu Dhabi,Jordan,2022-01-09
5746,Eric,Frye,eric.frye5746@example.com,Jeddah,Egypt,2020-02-07
5747,Tina,Valdez,tina.valdez5747@example.com,Riyadh,Qatar,2024-03-07
5748,Kristina,Chan,kristina.chan5748@example.com,Riyadh,Egypt,2021-03-04
5749,Joseph,Cantu,joseph.cantu5749@example.com,Amman,United Kingdom,2022-04-06
5750,Thomas,Chase,thomas.chase5750@example.com,Dubai,UAE,2023-09-23
5751,Kevin,Thomas,kevin.thomas5751@example.com,Berlin,Kuwait,2025-12-14
5752,Matthew,Gomez,matthew.gomez5752@example.com,Jeddah,United Kingdom,2026-08-15
5753,Julie,Cole,julie.cole5753@example.com,London,United States,2022-03-16
5754,Ronald,Long,ronald.long5754@example.com,Jeddah,Egypt,2025-02-06
5755,Robert,Gill,robert.gill5755@example.com,London,United Kingdom,2023-04-03
5756,Richard,Schmitt,richard.schmitt5756@example.com,Berlin,France,2020-07-01
5757,Michael,Trujillo,michael.trujillo5757@example.com,Abu Dhabi,Qatar,2020-03-14
5758,Theresa,Wang,theresa.wang5758@example.com,Jeddah,United States,2020-09-14
5759,Andrew,Bush,andrew.bush5759@example.com,Amman,Germany,2025-03-13
5760,Jason,Moran,jason.moran5760@example.com,London,United States,2022-08-03
5761,Kenneth,Brooks,kenneth.brooks5761@example.com,Riyadh,United States,2022-07-01
5762,Marc,Gibbs,marc.gibbs5762@example.com,Amman,Kuwait,2023-05-14
5763,Mark,Castro,mark.castro5763@example.com,Cairo,Jordan,2026-07-01
5764,James,Lewis,james.lewis5764@example.com,Abu Dhabi,Germany,2022-12-22
5765,Wesley,Gates,wesley.gates5765@example.com,Cairo,United Kingdom,2022-07-27
5766,Daniel,Sanchez,daniel.sanchez5766@example.com,Cairo,Jordan,2025-01-14
5767,Mark,Castillo,mark.castillo5767@example.com,Dubai,Germany,2020-01-10
5768,Jennifer,Harrison,jennifer.harrison5768@example.com,Jeddah,Egypt,2020-11-07
5769,Teresa,Williams,teresa.williams5769@example.com,Abu Dhabi,United Kingdom,2026-02-16
5770,Donna,Watts,donna.watts5770@example.com,Jeddah,Egypt,2025-08-17
5771,Regina,Tucker,regina.tucker5771@example.com,Abu Dhabi,United States,2020-07-28
5772,Joshua,Lawson,joshua.lawson5772@example.com,Amman,United States,2022-05-24
5773,Nicholas,Garcia,nicholas.garcia5773@example.com,Berlin,United Kingdom,2023-03-23
5774,Danielle,Hill,danielle.hill5774@example.com,Giza,Jordan,2024-05-12
5775,Mike,Mclean,mike.mclean5775@example.com,Berlin,Qatar,2021-12-26
5776,Daniel,Taylor,daniel.taylor5776@example.com,Berlin,Jordan,2020-02-28
5777,Kara,Nguyen,kara.nguyen5777@example.com,Jeddah,Saudi Arabia,2023-09-08
5778,Kimberly,Gutierrez,kimberly.gutierrez5778@example.com,Dubai,France,2020-03-25
5779,Edward,Hernandez,edward.hernandez5779@example.com,Giza,UAE,2022-11-23
5780,Kent,Gonzalez,kent.gonzalez5780@example.com,Alexandria,Kuwait,2022-11-19
5781,Christopher,Sanchez,christopher.sanchez5781@example.com,Jeddah,UAE,2024-10-12
5782,Ashley,Farmer,ashley.farmer5782@example.com,Dubai,UAE,2024-01-20
5783,Jose,Schmidt,jose.schmidt5783@example.com,Giza,Kuwait,2023-06-21
5784,Kelly,Johnson,kelly.johnson5784@example.com,Berlin,United Kingdom,2020-10-07
5785,Kelsey,Jones,kelsey.jones5785@example.com,Giza,UAE,2021-05-12
5786,Kristi,Dawson,kristi.dawson5786@example.com,Cairo,Jordan,2020-09-27
5787,Lee,Castaneda,lee.castaneda5787@example.com,Abu Dhabi,UAE,2021-04-09
5788,Rebecca,Griffin,rebecca.griffin5788@example.com,Amman,Qatar,2021-05-12
5789,Nicole,Lopez,nicole.lopez5789@example.com,Berlin,United Kingdom,2025-03-20
5790,Taylor,Murray,taylor.murray5790@example.com,Berlin,Saudi Arabia,2025-05-25
5791,Mason,Byrd,mason.byrd5791@example.com,London,Kuwait,2020-12-07
5792,Jane,Scott,jane.scott5792@example.com,Riyadh,Saudi Arabia,2023-12-17
5793,Julie,Johnson,julie.johnson5793@example.com,Alexandria,Germany,2022-02-14
5794,David,Jenkins,david.jenkins5794@example.com,Berlin,Kuwait,2020-03-15
5795,Randy,Tucker,randy.tucker5795@example.com,London,Saudi Arabia,2020-09-16
5796,Brandon,Rice,brandon.rice5796@example.com,Alexandria,UAE,2023-11-02
5797,Robin,Hunt,robin.hunt5797@example.com,Alexandria,United Kingdom,2025-12-30
5798,Allen,Kim,allen.kim5798@example.com,Dubai,France,2023-12-10
5799,Antonio,Gordon,antonio.gordon5799@example.com,Cairo,Qatar,2024-05-13
5800,Lauren,Tyler,lauren.tyler5800@example.com,Jeddah,Saudi Arabia,2025-09-29
5801,Travis,Andrews,travis.andrews5801@example.com,Jeddah,Jordan,2021-11-17
5802,Cynthia,Navarro,cynthia.navarro5802@example.com,Dubai,United States,2025-06-03
5803,Annette,Mccann,annette.mccann5803@example.com,London,Saudi Arabia,2022-07-17
5804,Kimberly,Schmidt,kimberly.schmidt5804@example.com,Amman,United Kingdom,2025-02-18
5805,Lauren,Mathis,lauren.mathis5805@example.com,Jeddah,Qatar,2024-02-19
5806,Christopher,Nielsen,christopher.nielsen5806@example.com,Dubai,Egypt,2020-05-29
5807,Chelsea,Kaiser,chelsea.kaiser5807@example.com,Amman,Jordan,2020-01-16
5808,Karen,Wang,karen.wang5808@example.com,London,Qatar,2020-03-11
5809,Ryan,Hill,ryan.hill5809@example.com,Riyadh,Qatar,2024-08-29
5810,Shannon,Gilmore,shannon.gilmore5810@example.com,Cairo,Qatar,2025-03-13
5811,Joanne,Santos,joanne.santos5811@example.com,Giza,UAE,2021-01-28
5812,Charles,Holland,charles.holland5812@example.com,London,United Kingdom,2026-04-18
5813,Matthew,Rose,matthew.rose5813@example.com,Giza,United States,2021-07-10
5814,Heather,Wilkins,heather.wilkins5814@example.com,Amman,France,2026-03-17
5815,Ryan,Smith,ryan.smith5815@example.com,Berlin,Qatar,2021-05-05
5816,Autumn,Smith,autumn.smith5816@example.com,London,Egypt,2023-07-22
5817,Maria,Smith,maria.smith5817@example.com,Dubai,Kuwait,2026-01-08
5818,Jeffrey,Simmons,jeffrey.simmons5818@example.com,Jeddah,Kuwait,2020-06-08
5819,Jonathan,Walker,jonathan.walker5819@example.com,Giza,Egypt,2023-05-14
5820,Emily,Nguyen,emily.nguyen5820@example.com,Alexandria,Kuwait,2024-04-03
5821,Stephen,Ortega,stephen.ortega5821@example.com,Alexandria,Kuwait,2023-10-24
5822,Kayla,Andrews,kayla.andrews5822@example.com,Jeddah,Saudi Arabia,2025-12-14
5823,Michael,Beard,michael.beard5823@example.com,Riyadh,Saudi Arabia,2025-08-02
5824,Michelle,Hernandez,michelle.hernandez5824@example.com,Abu Dhabi,Kuwait,2024-07-24
5825,Kendra,Harris,kendra.harris5825@example.com,Cairo,Egypt,2023-03-13
5826,Hunter,Johnson,hunter.johnson5826@example.com,Riyadh,UAE,2021-01-16
5827,Carolyn,Kirk,carolyn.kirk5827@example.com,Alexandria,United Kingdom,2021-02-14
5828,Kimberly,Fernandez,kimberly.fernandez5828@example.com,Riyadh,Saudi Arabia,2021-01-24
5829,Stephanie,Murphy,stephanie.murphy5829@example.com,Abu Dhabi,Qatar,2023-07-27
5830,Leslie,Hall,leslie.hall5830@example.com,Giza,UAE,2026-06-18
5831,Jason,Turner,jason.turner5831@example.com,Dubai,United States,2020-11-18
5832,Roger,Nelson,roger.nelson5832@example.com,Dubai,Egypt,2023-02-06
5833,Sharon,Robinson,sharon.robinson5833@example.com,Abu Dhabi,United Kingdom,2026-01-26
5834,Michael,Taylor,michael.taylor5834@example.com,Giza,United Kingdom,2026-06-22
5835,Rachel,Gonzales,rachel.gonzales5835@example.com,Berlin,Kuwait,2026-03-12
5836,Mary,Brooks,mary.brooks5836@example.com,Abu Dhabi,Saudi Arabia,2024-07-11
5837,Scott,Manning,scott.manning5837@example.com,Cairo,Kuwait,2024-09-17
5838,Jodi,James,jodi.james5838@example.com,Giza,Qatar,2023-01-07
5839,Sean,Ross,sean.ross5839@example.com,Cairo,UAE,2020-10-08
5840,Jamie,James,jamie.james5840@example.com,Giza,United States,2020-01-17
5841,Lisa,Davis,lisa.davis5841@example.com,Giza,France,2020-06-23
5842,Gregory,Gentry,gregory.gentry5842@example.com,Amman,Qatar,2024-07-20
5843,Jenny,Martinez,jenny.martinez5843@example.com,Berlin,Saudi Arabia,2022-12-18
5844,Katherine,Martinez,katherine.martinez5844@example.com,Alexandria,United States,2026-04-17
5845,Tracy,Jacobs,tracy.jacobs5845@example.com,Dubai,Saudi Arabia,2023-09-30
5846,Kara,Stewart,kara.stewart5846@example.com,Alexandria,UAE,2026-05-19
5847,James,Galloway,james.galloway5847@example.com,Giza,Egypt,2025-04-10
5848,Lauren,Ward,lauren.ward5848@example.com,Dubai,UAE,2021-11-24
5849,Jonathan,Rodriguez,jonathan.rodriguez5849@example.com,Berlin,Jordan,2024-07-28
5850,Stephen,Smith,stephen.smith5850@example.com,Cairo,United Kingdom,2023-01-24
5851,Linda,Ross,linda.ross5851@example.com,London,Jordan,2025-07-10
5852,Meredith,Gomez,meredith.gomez5852@example.com,Berlin,Jordan,2020-08-31
5853,Sonya,Copeland,sonya.copeland5853@example.com,Jeddah,Jordan,2024-05-10
5854,Ryan,Abbott,ryan.abbott5854@example.com,Dubai,United Kingdom,2023-04-13
5855,Kevin,Key,kevin.key5855@example.com,Riyadh,UAE,2024-07-14
5856,Christopher,Schneider,christopher.schneider5856@example.com,London,Germany,2026-06-26
5857,Peter,Ruiz,peter.ruiz5857@example.com,Abu Dhabi,Kuwait,2022-10-17
5858,Stephanie,Hill,stephanie.hill5858@example.com,London,Saudi Arabia,2024-09-17
5859,Deborah,Morris,deborah.morris5859@example.com,Abu Dhabi,United States,2025-07-31
5860,Donald,Wright,donald.wright5860@example.com,Cairo,Saudi Arabia,2024-07-19
5861,Anne,Anderson,anne.anderson5861@example.com,London,Jordan,2022-11-02
5862,Eric,Neal,eric.neal5862@example.com,Alexandria,United States,2022-01-25
5863,Kathryn,Brown,kathryn.brown5863@example.com,London,Saudi Arabia,2022-10-16
5864,Leah,Cline,leah.cline5864@example.com,Alexandria,Egypt,2022-08-03
5865,Donna,Watson,donna.watson5865@example.com,Dubai,Egypt,2020-10-22
5866,Robert,Moore,robert.moore5866@example.com,Jeddah,UAE,2022-06-12
5867,Gerald,Mayer,gerald.mayer5867@example.com,Abu Dhabi,Saudi Arabia,2026-06-11
5868,Tammy,Harmon,tammy.harmon5868@example.com,Cairo,Jordan,2021-03-29
5869,Lisa,White,lisa.white5869@example.com,Cairo,Germany,2021-03-14
5870,Natasha,Rodriguez,natasha.rodriguez5870@example.com,Riyadh,Jordan,2025-01-05
5871,Francisco,Jimenez,francisco.jimenez5871@example.com,Alexandria,UAE,2021-05-19
5872,Kevin,Garrett,kevin.garrett5872@example.com,Riyadh,Qatar,2024-08-10
5873,Regina,Baker,regina.baker5873@example.com,Jeddah,United Kingdom,2023-01-31
5874,Manuel,Logan,manuel.logan5874@example.com,Amman,Jordan,2021-08-20
5875,Martin,Oneal,martin.oneal5875@example.com,Dubai,Germany,2023-12-17
5876,Austin,Wiggins,austin.wiggins5876@example.com,Dubai,Jordan,2025-06-29
5877,Robin,Williams,robin.williams5877@example.com,Amman,Kuwait,2024-11-26
5878,Nicholas,George,nicholas.george5878@example.com,Cairo,Kuwait,2020-01-13
5879,Alicia,Moore,alicia.moore5879@example.com,Jeddah,France,2021-10-11
5880,Alexis,Prince,alexis.prince5880@example.com,Cairo,Egypt,2025-02-22
5881,Christopher,Mcneil,christopher.mcneil5881@example.com,Berlin,Kuwait,2022-04-14
5882,Daniel,Alvarez,daniel.alvarez5882@example.com,Jeddah,Saudi Arabia,2023-03-22
5883,Tonya,Chase,tonya.chase5883@example.com,Alexandria,Kuwait,2023-02-18
5884,Amanda,Taylor,amanda.taylor5884@example.com,Alexandria,Germany,2020-02-26
5885,Carrie,Walsh,carrie.walsh5885@example.com,Amman,United Kingdom,2020-09-24
5886,Larry,Harrison,larry.harrison5886@example.com,London,France,2023-11-25
5887,Rebecca,Anderson,rebecca.anderson5887@example.com,Abu Dhabi,Jordan,2025-01-14
5888,Diana,Diaz,diana.diaz5888@example.com,Dubai,Kuwait,2025-05-07
5889,Christina,Moran,christina.moran5889@example.com,Jeddah,Kuwait,2021-10-19
5890,Tim,Goodman,tim.goodman5890@example.com,Amman,Jordan,2024-11-29
5891,Melissa,Gonzalez,melissa.gonzalez5891@example.com,Alexandria,Egypt,2022-08-18
5892,Jeffrey,Anderson,jeffrey.anderson5892@example.com,Amman,Germany,2022-06-15
5893,Sheri,Perez,sheri.perez5893@example.com,Berlin,United Kingdom,2021-08-15
5894,Christopher,Davis,christopher.davis5894@example.com,Giza,Kuwait,2024-02-27
5895,Richard,Eaton,richard.eaton5895@example.com,Berlin,Kuwait,2021-02-08
5896,Daniel,Perez,daniel.perez5896@example.com,Abu Dhabi,United Kingdom,2023-06-24
5897,Jack,Hopkins,jack.hopkins5897@example.com,Jeddah,Egypt,2020-09-14
5898,Mark,Dickson,mark.dickson5898@example.com,London,Saudi Arabia,2022-09-15
5899,Elizabeth,Meyer,elizabeth.meyer5899@example.com,Abu Dhabi,Kuwait,2022-09-27
5900,Barbara,Stephenson,barbara.stephenson5900@example.com,Berlin,United States,2026-06-10
5901,Kathleen,Anderson,kathleen.anderson5901@example.com,Berlin,UAE,2025-07-28
5902,Robert,Stanley,robert.stanley5902@example.com,Berlin,Egypt,2021-09-02
5903,Beth,Michael,beth.michael5903@example.com,Cairo,Qatar,2026-03-18
5904,Austin,Bullock,austin.bullock5904@example.com,Jeddah,United States,2023-10-29
5905,Paul,Williams,paul.williams5905@example.com,Cairo,France,2022-03-03
5906,James,White,james.white5906@example.com,Alexandria,Saudi Arabia,2023-06-08
5907,Douglas,Johnson,douglas.johnson5907@example.com,Jeddah,Kuwait,2023-01-18
5908,Laura,Martin,laura.martin5908@example.com,London,Jordan,2024-07-04
5909,Marcus,Armstrong,marcus.armstrong5909@example.com,London,United States,2026-04-29
5910,Timothy,Cooper,timothy.cooper5910@example.com,Riyadh,Saudi Arabia,2024-04-05
5911,Courtney,Montoya,courtney.montoya5911@example.com,Amman,United States,2022-03-14
5912,Barbara,Hayes,barbara.hayes5912@example.com,Dubai,Qatar,2020-07-06
5913,Jason,Howell,jason.howell5913@example.com,Riyadh,Qatar,2025-04-14
5914,Amy,Wilson,amy.wilson5914@example.com,Dubai,United Kingdom,2023-09-27
5915,Joshua,Mack,joshua.mack5915@example.com,Amman,Jordan,2024-10-30
5916,Sandra,Rogers,sandra.rogers5916@example.com,Berlin,Egypt,2020-11-08
5917,Patricia,Scott,patricia.scott5917@example.com,Giza,United States,2021-07-15
5918,Lindsay,Freeman,lindsay.freeman5918@example.com,Dubai,Germany,2020-06-28
5919,Ana,Alvarado,ana.alvarado5919@example.com,Dubai,France,2024-08-16
5920,Elizabeth,Peterson,elizabeth.peterson5920@example.com,Berlin,Saudi Arabia,2021-02-24
5921,April,Brown,april.brown5921@example.com,Berlin,France,2021-07-09
5922,Michael,May,michael.may5922@example.com,Dubai,Jordan,2022-06-13
5923,Tami,Martinez,tami.martinez5923@example.com,Riyadh,Saudi Arabia,2020-05-29
5924,Jeremy,Ellis,jeremy.ellis5924@example.com,Abu Dhabi,Egypt,2026-08-03
5925,Daniel,Pierce,daniel.pierce5925@example.com,Jeddah,Saudi Arabia,2023-02-22
5926,Kenneth,Marks,kenneth.marks5926@example.com,London,France,2022-05-06
5927,Kurt,Graham,kurt.graham5927@example.com,Giza,Qatar,2022-08-27
5928,Tracey,Miller,tracey.miller5928@example.com,London,Saudi Arabia,2021-01-18
5929,Michelle,Wagner,michelle.wagner5929@example.com,Abu Dhabi,United States,2026-01-08
5930,Raymond,Pugh,raymond.pugh5930@example.com,Dubai,Egypt,2025-05-03
5931,Yolanda,Lee,yolanda.lee5931@example.com,Abu Dhabi,United Kingdom,2021-11-15
5932,Mary,Walker,mary.walker5932@example.com,Cairo,France,2022-06-05
5933,Alvin,Quinn,alvin.quinn5933@example.com,Jeddah,Qatar,2021-02-13
5934,Michael,Burke,michael.burke5934@example.com,Giza,United Kingdom,2026-07-15
5935,Edward,Heath,edward.heath5935@example.com,Dubai,United States,2023-02-11
5936,Alicia,Mcbride,alicia.mcbride5936@example.com,Cairo,Germany,2023-11-30
5937,Michael,Hall,michael.hall5937@example.com,Riyadh,France,2026-03-28
5938,Stacey,Schmidt,stacey.schmidt5938@example.com,Alexandria,Egypt,2021-02-03
5939,Nicholas,Garcia,nicholas.garcia5939@example.com,London,Egypt,2023-02-01
5940,Gabriel,Walters,gabriel.walters5940@example.com,Dubai,UAE,2021-10-04
5941,Christine,Bridges,christine.bridges5941@example.com,Dubai,Egypt,2022-01-04
5942,Karen,Hernandez,karen.hernandez5942@example.com,Dubai,Jordan,2022-03-20
5943,Sheri,Lynch,sheri.lynch5943@example.com,Alexandria,Kuwait,2025-03-02
5944,Michele,Ramirez,michele.ramirez5944@example.com,Cairo,France,2022-07-13
5945,Susan,Rush,susan.rush5945@example.com,London,UAE,2020-05-08
5946,Kenneth,Santana,kenneth.santana5946@example.com,Giza,Jordan,2024-02-10
5947,Teresa,English,teresa.english5947@example.com,Abu Dhabi,Germany,2021-09-22
5948,Taylor,Taylor,taylor.taylor5948@example.com,Giza,UAE,2025-04-24
5949,Sharon,Smith,sharon.smith5949@example.com,Jeddah,Egypt,2021-12-02
5950,John,Peters,john.peters5950@example.com,Riyadh,Egypt,2025-12-23
5951,Larry,Leblanc,larry.leblanc5951@example.com,Alexandria,Germany,2021-03-20
5952,Christie,Chung,christie.chung5952@example.com,Giza,UAE,2022-05-17
5953,Brian,Jenkins,brian.jenkins5953@example.com,Giza,UAE,2024-08-27
5954,Douglas,Carson,douglas.carson5954@example.com,Giza,Germany,2022-07-28
5955,Kathy,Roman,kathy.roman5955@example.com,Alexandria,Kuwait,2025-10-31
5956,Stephanie,Sanchez,stephanie.sanchez5956@example.com,Berlin,United Kingdom,2026-08-20
5957,Kristie,Lucas,kristie.lucas5957@example.com,London,Qatar,2025-01-29
5958,Peter,Lee,peter.lee5958@example.com,Alexandria,United States,2025-12-22
5959,Mary,Jones,mary.jones5959@example.com,London,Jordan,2025-01-13
5960,Tabitha,Hill,tabitha.hill5960@example.com,Jeddah,UAE,2024-12-28
5961,Patricia,Martinez,patricia.martinez5961@example.com,Abu Dhabi,Qatar,2022-12-01
5962,Jodi,Blackburn,jodi.blackburn5962@example.com,London,Jordan,2020-03-23
5963,Edwin,Ramos,edwin.ramos5963@example.com,Dubai,Germany,2023-04-25
5964,Emily,Hodges,emily.hodges5964@example.com,Jeddah,United Kingdom,2025-03-19
5965,Alex,Wilson,alex.wilson5965@example.com,Giza,United States,2021-04-17
5966,Larry,Garcia,larry.garcia5966@example.com,Alexandria,Egypt,2022-07-30
5967,Courtney,Ruiz,courtney.ruiz5967@example.com,Berlin,Saudi Arabia,2026-04-13
5968,Donna,Evans,donna.evans5968@example.com,Amman,Germany,2026-07-06
5969,David,Paul,david.paul5969@example.com,Alexandria,Egypt,2025-10-22
5970,Shawn,Jones,shawn.jones5970@example.com,Alexandria,United Kingdom,2022-08-07
5971,Tiffany,Lozano,tiffany.lozano5971@example.com,Alexandria,Jordan,2020-07-26
5972,Matthew,Nelson,matthew.nelson5972@example.com,Berlin,United States,2026-02-04
5973,Vanessa,James,vanessa.james5973@example.com,Giza,Jordan,2026-01-16
5974,Patricia,Rodriguez,patricia.rodriguez5974@example.com,Berlin,Saudi Arabia,2023-10-21
5975,Steven,Richards,steven.richards5975@example.com,Berlin,United Kingdom,2021-01-18
5976,Nancy,Holt,nancy.holt5976@example.com,Abu Dhabi,Kuwait,2023-09-22
5977,Laura,Blake,laura.blake5977@example.com,Berlin,UAE,2021-12-31
5978,Jeffrey,Garcia,jeffrey.garcia5978@example.com,Cairo,Germany,2025-07-02
5979,Whitney,Morrison,whitney.morrison5979@example.com,Dubai,UAE,2022-06-22
5980,Carol,Cox,carol.cox5980@example.com,Giza,United Kingdom,2021-08-28
5981,Molly,Ortega,molly.ortega5981@example.com,London,France,2020-10-19
5982,Mary,Richmond,mary.richmond5982@example.com,Jeddah,United Kingdom,2020-11-24
5983,Robert,Little,robert.little5983@example.com,Riyadh,France,2021-11-05
5984,Michelle,Ramirez,michelle.ramirez5984@example.com,Abu Dhabi,Qatar,2020-05-02
5985,Jennifer,Hill,jennifer.hill5985@example.com,Cairo,Egypt,2020-04-21
5986,Johnathan,Romero,johnathan.romero5986@example.com,Cairo,Egypt,2020-12-08
5987,Robert,Huff,robert.huff5987@example.com,Riyadh,UAE,2026-07-27
5988,Tonya,Miller,tonya.miller5988@example.com,Giza,Saudi Arabia,2022-02-18
5989,Craig,Shaffer,craig.shaffer5989@example.com,Amman,Saudi Arabia,2024-12-03
5990,John,Simpson,john.simpson5990@example.com,Berlin,Qatar,2020-08-22
5991,Brittany,Wade,brittany.wade5991@example.com,London,Egypt,2021-09-05
5992,Dalton,Norman,dalton.norman5992@example.com,Riyadh,Qatar,2024-04-01
5993,Jeanette,Castro,jeanette.castro5993@example.com,Giza,United Kingdom,2023-04-02
5994,Mary,Bennett,mary.bennett5994@example.com,Abu Dhabi,Kuwait,2021-10-14
5995,April,Schaefer,april.schaefer5995@example.com,Giza,United Kingdom,2021-08-28
5996,Patrick,Guzman,patrick.guzman5996@example.com,London,United States,2026-01-20
5997,Brittany,Leon,brittany.leon5997@example.com,Amman,Kuwait,2025-07-04
5998,Stephanie,Johnston,stephanie.johnston5998@example.com,Berlin,Saudi Arabia,2021-09-08
5999,David,Gallagher,david.gallagher5999@example.com,Alexandria,Kuwait,2025-08-15
6000,Michael,Chambers,michael.chambers6000@example.com,London,Egypt,2023-07-10
6001,Rebecca,Fisher,rebecca.fisher6001@example.com,Jeddah,France,2020-06-14
6002,Phillip,Garner,phillip.garner6002@example.com,Berlin,Germany,2025-03-29
6003,Michael,French,michael.french6003@example.com,Cairo,Egypt,2020-07-19
6004,Melissa,Berry,melissa.berry6004@example.com,Cairo,Kuwait,2022-10-03
6005,Alexandra,Bentley,alexandra.bentley6005@example.com,Jeddah,Qatar,2023-10-30
6006,Lisa,Fuller,lisa.fuller6006@example.com,Giza,Qatar,2025-10-14
6007,Kimberly,Caldwell,kimberly.caldwell6007@example.com,Abu Dhabi,United Kingdom,2021-09-06
6008,Anthony,Bradley,anthony.bradley6008@example.com,Jeddah,Germany,2026-04-25
6009,Andrew,Bautista,andrew.bautista6009@example.com,Giza,Jordan,2024-08-18
6010,Corey,Knapp,corey.knapp6010@example.com,Alexandria,Kuwait,2025-09-26
6011,Laurie,Daniel,laurie.daniel6011@example.com,Dubai,Qatar,2024-02-22
6012,Melissa,King,melissa.king6012@example.com,Cairo,Qatar,2023-06-24
6013,Loretta,Cooper,loretta.cooper6013@example.com,Alexandria,United States,2024-03-17
6014,Teresa,Wright,teresa.wright6014@example.com,Cairo,United Kingdom,2020-06-10
6015,Sean,Williams,sean.williams6015@example.com,Amman,Egypt,2024-07-23
6016,Stephen,Ritter,stephen.ritter6016@example.com,Dubai,Jordan,2024-08-07
6017,Jose,Leon,jose.leon6017@example.com,London,United States,2026-04-05
6018,Jason,Townsend,jason.townsend6018@example.com,Amman,United States,2023-12-25
6019,Amy,Morris,amy.morris6019@example.com,Cairo,United States,2025-11-23
6020,Richard,Bailey,richard.bailey6020@example.com,Alexandria,UAE,2020-09-21
6021,Lisa,Kirk,lisa.kirk6021@example.com,Cairo,Kuwait,2020-07-11
6022,Melissa,Cook,melissa.cook6022@example.com,Giza,Germany,2022-11-01
6023,Christina,Singh,christina.singh6023@example.com,Berlin,Saudi Arabia,2026-03-26
6024,Mary,Perez,mary.perez6024@example.com,Berlin,Egypt,2022-12-07
6025,Maria,Garcia,maria.garcia6025@example.com,Abu Dhabi,UAE,2026-02-20
6026,Jennifer,Fowler,jennifer.fowler6026@example.com,Amman,France,2022-10-16
6027,Lawrence,Crawford,lawrence.crawford6027@example.com,Berlin,Jordan,2024-03-28
6028,Jacob,Reyes,jacob.reyes6028@example.com,Dubai,United Kingdom,2020-09-19
6029,Joseph,Zimmerman,joseph.zimmerman6029@example.com,Jeddah,Kuwait,2022-09-19
6030,Michael,Shaffer,michael.shaffer6030@example.com,Alexandria,Saudi Arabia,2021-08-02
6031,Paula,Fischer,paula.fischer6031@example.com,Jeddah,United States,2023-04-23
6032,Susan,Morris,susan.morris6032@example.com,Alexandria,United Kingdom,2026-05-29
6033,Daniel,Perkins,daniel.perkins6033@example.com,Abu Dhabi,Germany,2023-05-03
6034,Regina,Graves,regina.graves6034@example.com,Alexandria,Egypt,2022-09-21
6035,Ann,Sherman,ann.sherman6035@example.com,Jeddah,UAE,2024-02-17
6036,Amanda,Sanders,amanda.sanders6036@example.com,Berlin,Germany,2022-05-26
6037,Heather,Gonzalez,heather.gonzalez6037@example.com,Giza,Kuwait,2022-10-28
6038,Christopher,Harper,christopher.harper6038@example.com,Giza,France,2020-06-16
6039,Natalie,Sullivan,natalie.sullivan6039@example.com,Jeddah,Kuwait,2024-05-15
6040,Jose,Baldwin,jose.baldwin6040@example.com,Alexandria,Qatar,2024-03-10
6041,Amanda,Sanders,amanda.sanders6041@example.com,Abu Dhabi,Egypt,2022-02-03
6042,Samantha,Garcia,samantha.garcia6042@example.com,Jeddah,Jordan,2024-02-20
6043,Stephanie,Olsen,stephanie.olsen6043@example.com,Riyadh,United Kingdom,2022-02-04
6044,Paige,Carter,paige.carter6044@example.com,Abu Dhabi,Jordan,2020-04-05
6045,Ashley,Miller,ashley.miller6045@example.com,Giza,France,2024-03-25
6046,Yvonne,Ramos,yvonne.ramos6046@example.com,Abu Dhabi,Germany,2023-02-20
6047,Billy,Kelley,billy.kelley6047@example.com,Abu Dhabi,United Kingdom,2026-06-16
6048,Elizabeth,Hill,elizabeth.hill6048@example.com,Berlin,United Kingdom,2020-04-02
6049,Troy,Whitaker,troy.whitaker6049@example.com,Dubai,Saudi Arabia,2024-02-17
6050,Tonya,Sanchez,tonya.sanchez6050@example.com,Dubai,United Kingdom,2025-08-13
6051,Jeremiah,Wong,jeremiah.wong6051@example.com,Berlin,UAE,2023-02-02
6052,Jason,Smith,jason.smith6052@example.com,Riyadh,UAE,2025-03-22
6053,John,Smith,john.smith6053@example.com,London,Egypt,2023-10-24
6054,Cheryl,Massey,cheryl.massey6054@example.com,Cairo,Kuwait,2020-08-23
6055,Robert,Arnold,robert.arnold6055@example.com,Abu Dhabi,Jordan,2022-04-18
6056,Ashley,Gutierrez,ashley.gutierrez6056@example.com,Dubai,Jordan,2023-12-25
6057,Melanie,Carpenter,melanie.carpenter6057@example.com,Dubai,United Kingdom,2022-11-21
6058,Courtney,Oneal,courtney.oneal6058@example.com,London,Qatar,2021-05-15
6059,Tiffany,Francis,tiffany.francis6059@example.com,Jeddah,Jordan,2021-08-02
6060,Jasmine,Holden,jasmine.holden6060@example.com,Giza,Saudi Arabia,2021-01-22
6061,Linda,Baker,linda.baker6061@example.com,London,France,2025-11-25
6062,Mitchell,Mccullough,mitchell.mccullough6062@example.com,Amman,Saudi Arabia,2026-02-07
6063,Sharon,Flores,sharon.flores6063@example.com,Cairo,United States,2022-03-24
6064,Michael,Rubio,michael.rubio6064@example.com,Dubai,United States,2021-01-09
6065,Dennis,Heath,dennis.heath6065@example.com,Dubai,France,2022-06-06
6066,Valerie,Wright,valerie.wright6066@example.com,Alexandria,Germany,2023-08-16
6067,Amanda,Anderson,amanda.anderson6067@example.com,Dubai,Egypt,2024-07-23
6068,Tina,Mueller,tina.mueller6068@example.com,Cairo,Saudi Arabia,2020-12-09
6069,William,Alvarez,william.alvarez6069@example.com,London,United Kingdom,2025-07-27
6070,Lawrence,Aguirre,lawrence.aguirre6070@example.com,Riyadh,Germany,2021-01-25
6071,Cassandra,Cortez,cassandra.cortez6071@example.com,Amman,United Kingdom,2024-07-25
6072,Jennifer,Newman,jennifer.newman6072@example.com,Berlin,United Kingdom,2020-02-04
6073,Angela,Galloway,angela.galloway6073@example.com,Cairo,UAE,2022-05-04
6074,Steven,Andrews,steven.andrews6074@example.com,Cairo,Egypt,2026-07-28
6075,Brian,Montgomery,brian.montgomery6075@example.com,Giza,Qatar,2024-08-26
6076,Tyler,Graham,tyler.graham6076@example.com,Giza,United Kingdom,2021-06-07
6077,Stephanie,Jackson,stephanie.jackson6077@example.com,London,United Kingdom,2020-02-23
6078,Ann,Hansen,ann.hansen6078@example.com,Dubai,Germany,2023-09-29
6079,Brian,Bailey,brian.bailey6079@example.com,Amman,France,2022-12-16
6080,Mikayla,Hernandez,mikayla.hernandez6080@example.com,Abu Dhabi,United States,2021-05-05
6081,Evelyn,Jones,evelyn.jones6081@example.com,Jeddah,Egypt,2022-05-25
6082,Jennifer,Hudson,jennifer.hudson6082@example.com,Jeddah,Qatar,2023-11-17
6083,Stacey,Luna,stacey.luna6083@example.com,Alexandria,Egypt,2020-11-08
6084,Jennifer,Henry,jennifer.henry6084@example.com,Abu Dhabi,United States,2020-10-17
6085,Janet,Bender,janet.bender6085@example.com,Giza,United Kingdom,2026-06-13
6086,Valerie,Lewis,valerie.lewis6086@example.com,Abu Dhabi,Saudi Arabia,2026-01-17
6087,Shannon,Ryan,shannon.ryan6087@example.com,Abu Dhabi,Jordan,2022-08-05
6088,Emily,Rivera,emily.rivera6088@example.com,Jeddah,United Kingdom,2025-05-09
6089,Ashley,Liu,ashley.liu6089@example.com,Riyadh,Egypt,2026-07-30
6090,Sophia,Thomas,sophia.thomas6090@example.com,Alexandria,Germany,2022-03-08
6091,Amber,Maldonado,amber.maldonado6091@example.com,Alexandria,UAE,2022-06-02
6092,Leonard,Smith,leonard.smith6092@example.com,London,United States,2025-09-02
6093,Chelsea,Joseph,chelsea.joseph6093@example.com,Alexandria,Saudi Arabia,2022-09-10
6094,Michael,Wilson,michael.wilson6094@example.com,Amman,Kuwait,2023-10-04
6095,Tiffany,Austin,tiffany.austin6095@example.com,Riyadh,Germany,2020-11-10
6096,Alyssa,Cross,alyssa.cross6096@example.com,Giza,Kuwait,2020-05-29
6097,Jessica,Wright,jessica.wright6097@example.com,Abu Dhabi,UAE,2025-10-29
6098,Carolyn,Blake,carolyn.blake6098@example.com,Berlin,Germany,2020-06-24
6099,Harry,White,harry.white6099@example.com,Riyadh,Egypt,2023-10-14
6100,Debra,Simpson,debra.simpson6100@example.com,Dubai,France,2024-06-07
6101,David,Davis,david.davis6101@example.com,Jeddah,Germany,2020-07-08
6102,Sophia,Berry,sophia.berry6102@example.com,Berlin,Saudi Arabia,2021-04-22
6103,Stacy,Hughes,stacy.hughes6103@example.com,Alexandria,Germany,2020-03-14
6104,Rick,Horton,rick.horton6104@example.com,Cairo,Jordan,2020-08-14
6105,Dillon,Cooper,dillon.cooper6105@example.com,Berlin,Jordan,2024-01-19
6106,Cody,Kelly,cody.kelly6106@example.com,Jeddah,Germany,2020-12-28
6107,Jasmine,Koch,jasmine.koch6107@example.com,Cairo,Germany,2021-09-22
6108,Victor,Lopez,victor.lopez6108@example.com,Amman,Saudi Arabia,2023-08-05
6109,Richard,Perez,richard.perez6109@example.com,Dubai,Saudi Arabia,2021-12-19
6110,Valerie,Schultz,valerie.schultz6110@example.com,Dubai,Kuwait,2023-10-26
6111,Matthew,Walton,matthew.walton6111@example.com,Riyadh,Egypt,2024-10-26
6112,Alexandria,Smith,alexandria.smith6112@example.com,Berlin,United Kingdom,2022-01-21
6113,Catherine,Hendrix,catherine.hendrix6113@example.com,Jeddah,United States,2021-03-21
6114,Brian,Brooks,brian.brooks6114@example.com,Amman,France,2024-10-04
6115,Gary,Stuart,gary.stuart6115@example.com,Berlin,UAE,2022-05-13
6116,Allison,Smith,allison.smith6116@example.com,Berlin,Kuwait,2023-04-04
6117,Paul,Johnson,paul.johnson6117@example.com,Cairo,Saudi Arabia,2022-09-18
6118,Rebecca,Elliott,rebecca.elliott6118@example.com,Abu Dhabi,United Kingdom,2020-01-21
6119,Michele,Sosa,michele.sosa6119@example.com,Berlin,France,2022-03-05
6120,Jacob,Oliver,jacob.oliver6120@example.com,Riyadh,Kuwait,2022-08-30
6121,Hunter,Robinson,hunter.robinson6121@example.com,Amman,United Kingdom,2025-12-05
6122,Michael,Wiggins,michael.wiggins6122@example.com,Alexandria,Germany,2020-07-07
6123,Rita,Greene,rita.greene6123@example.com,Dubai,Jordan,2024-03-13
6124,Audrey,Vance,audrey.vance6124@example.com,London,Saudi Arabia,2020-08-06
6125,Jasmine,Hobbs,jasmine.hobbs6125@example.com,Giza,Qatar,2025-01-23
6126,Gregory,Hernandez,gregory.hernandez6126@example.com,Cairo,United States,2020-07-13
6127,Lori,Johnson,lori.johnson6127@example.com,Berlin,Qatar,2026-05-01
6128,Benjamin,Medina,benjamin.medina6128@example.com,London,Saudi Arabia,2023-03-31
6129,Susan,Shepard,susan.shepard6129@example.com,Abu Dhabi,United States,2022-01-14
6130,Lindsay,Collins,lindsay.collins6130@example.com,Cairo,France,2022-11-11
6131,Kelly,Bailey,kelly.bailey6131@example.com,London,UAE,2024-07-08
6132,Henry,Stone,henry.stone6132@example.com,London,United States,2024-09-19
6133,Rachel,Jimenez,rachel.jimenez6133@example.com,London,United States,2024-03-19
6134,Carrie,Osborn,carrie.osborn6134@example.com,Abu Dhabi,United Kingdom,2025-02-11
6135,Samantha,Pace,samantha.pace6135@example.com,Giza,United Kingdom,2023-04-25
6136,Sarah,Kelley,sarah.kelley6136@example.com,Alexandria,United Kingdom,2024-02-08
6137,Paul,West,paul.west6137@example.com,London,Germany,2026-05-18
6138,Darren,Spencer,darren.spencer6138@example.com,Dubai,UAE,2023-09-15
6139,Matthew,Diaz,matthew.diaz6139@example.com,London,Saudi Arabia,2023-04-20
6140,John,Roth,john.roth6140@example.com,Cairo,United Kingdom,2023-06-22
6141,Jacob,Powell,jacob.powell6141@example.com,London,United States,2022-03-07
6142,Michael,Rangel,michael.rangel6142@example.com,Alexandria,Jordan,2021-03-19
6143,Samantha,Cochran,samantha.cochran6143@example.com,Alexandria,Jordan,2023-04-20
6144,Renee,Zimmerman,renee.zimmerman6144@example.com,Alexandria,Germany,2024-07-13
6145,Mary,Garcia,mary.garcia6145@example.com,London,United Kingdom,2020-08-12
6146,April,Alvarado,april.alvarado6146@example.com,Jeddah,United States,2020-04-04
6147,Luke,Rose,luke.rose6147@example.com,Berlin,France,2021-09-26
6148,Bailey,Patel,bailey.patel6148@example.com,Jeddah,Saudi Arabia,2025-02-15
6149,Phillip,Payne,phillip.payne6149@example.com,Jeddah,Egypt,2024-12-15
6150,James,Flores,james.flores6150@example.com,Alexandria,Jordan,2023-06-21
6151,Seth,Gonzalez,seth.gonzalez6151@example.com,Berlin,Jordan,2025-10-30
6152,Sheryl,Simmons,sheryl.simmons6152@example.com,London,Jordan,2023-08-27
6153,Ryan,Miller,ryan.miller6153@example.com,London,Qatar,2022-09-26
6154,Andrew,Garcia,andrew.garcia6154@example.com,Berlin,UAE,2026-04-17
6155,Anna,Lynch,anna.lynch6155@example.com,Cairo,Kuwait,2020-01-13
6156,Kevin,Gay,kevin.gay6156@example.com,Riyadh,Germany,2021-04-27
6157,Kelli,Townsend,kelli.townsend6157@example.com,Alexandria,United States,2024-11-13
6158,Holly,Rose,holly.rose6158@example.com,Riyadh,Egypt,2026-02-27
6159,Bobby,Arroyo,bobby.arroyo6159@example.com,Alexandria,Germany,2026-08-15
6160,Kurt,Matthews,kurt.matthews6160@example.com,Riyadh,United Kingdom,2021-08-23
6161,Rachel,Daniels,rachel.daniels6161@example.com,Jeddah,Kuwait,2021-01-17
6162,Danielle,Stevenson,danielle.stevenson6162@example.com,Berlin,Germany,2026-06-04
6163,Amanda,Williams,amanda.williams6163@example.com,Jeddah,Qatar,2024-07-24
6164,Kevin,Lopez,kevin.lopez6164@example.com,Giza,Jordan,2020-03-02
6165,Tamara,Williams,tamara.williams6165@example.com,Berlin,France,2024-10-10
6166,Marcia,Russo,marcia.russo6166@example.com,Giza,UAE,2022-02-18
6167,Joanna,Warren,joanna.warren6167@example.com,Berlin,Qatar,2026-05-29
6168,Gregory,Wood,gregory.wood6168@example.com,Riyadh,Saudi Arabia,2022-10-28
6169,Holly,Lozano,holly.lozano6169@example.com,Dubai,Kuwait,2024-06-20
6170,Corey,Dodson,corey.dodson6170@example.com,Berlin,UAE,2022-09-12
6171,Patricia,Joseph,patricia.joseph6171@example.com,London,Kuwait,2025-09-15
6172,Charles,Harris,charles.harris6172@example.com,Abu Dhabi,Egypt,2020-04-30
6173,Jamie,Bowman,jamie.bowman6173@example.com,Alexandria,France,2022-07-05
6174,Alexis,Weeks,alexis.weeks6174@example.com,Cairo,Egypt,2025-10-05
6175,Jamie,Norris,jamie.norris6175@example.com,Jeddah,United States,2024-05-19
6176,Sandra,Smith,sandra.smith6176@example.com,Jeddah,Saudi Arabia,2020-08-13
6177,John,Cervantes,john.cervantes6177@example.com,Giza,Germany,2025-08-25
6178,Marie,Joyce,marie.joyce6178@example.com,Dubai,Saudi Arabia,2020-11-28
6179,Valerie,Serrano,valerie.serrano6179@example.com,Dubai,United States,2023-10-03
6180,Nathan,Monroe,nathan.monroe6180@example.com,Cairo,Egypt,2020-09-28
6181,Bradley,Thomas,bradley.thomas6181@example.com,Jeddah,United Kingdom,2020-08-17
6182,John,Barnett,john.barnett6182@example.com,London,Kuwait,2020-11-24
6183,Nicole,Henderson,nicole.henderson6183@example.com,Abu Dhabi,United States,2020-10-26
6184,Ashley,Shields,ashley.shields6184@example.com,Riyadh,Egypt,2025-01-30
6185,Connie,Harris,connie.harris6185@example.com,Jeddah,UAE,2025-11-07
6186,Natasha,Doyle,natasha.doyle6186@example.com,Dubai,United States,2024-12-20
6187,Joseph,Vaughn,joseph.vaughn6187@example.com,Jeddah,UAE,2020-07-25
6188,Robert,Gutierrez,robert.gutierrez6188@example.com,Riyadh,Jordan,2023-02-20
6189,Joshua,Santana,joshua.santana6189@example.com,Abu Dhabi,Egypt,2025-07-21
6190,Lisa,Freeman,lisa.freeman6190@example.com,Amman,France,2023-02-27
6191,Carol,Sims,carol.sims6191@example.com,Jeddah,UAE,2020-08-26
6192,Randall,Dominguez,randall.dominguez6192@example.com,Amman,UAE,2024-07-09
6193,Shane,Alvarado,shane.alvarado6193@example.com,Jeddah,UAE,2026-09-08
6194,Jeffrey,Walsh,jeffrey.walsh6194@example.com,Alexandria,Qatar,2020-03-20
6195,Darius,Barrera,darius.barrera6195@example.com,Berlin,Saudi Arabia,2025-07-08
6196,Tracy,White,tracy.white6196@example.com,Amman,Germany,2020-07-14
6197,Mark,Harding,mark.harding6197@example.com,Alexandria,United States,2020-09-30
6198,Jonathan,Becker,jonathan.becker6198@example.com,Abu Dhabi,Egypt,2024-06-15
6199,Sarah,Sanders,sarah.sanders6199@example.com,Berlin,United Kingdom,2022-12-12
6200,Amanda,Mitchell,amanda.mitchell6200@example.com,Giza,Jordan,2022-03-23
6201,Ashley,Rodriguez,ashley.rodriguez6201@example.com,Dubai,France,2022-08-08
6202,David,Carson,david.carson6202@example.com,Giza,UAE,2023-07-10
6203,Nicole,Clements,nicole.clements6203@example.com,Riyadh,UAE,2022-04-09
6204,Angela,Jimenez,angela.jimenez6204@example.com,Riyadh,Germany,2021-03-21
6205,David,Cowan,david.cowan6205@example.com,Amman,United Kingdom,2020-11-20
6206,Taylor,Rodriguez,taylor.rodriguez6206@example.com,Amman,Egypt,2022-04-19
6207,Jeremy,Whitaker,jeremy.whitaker6207@example.com,Alexandria,Saudi Arabia,2020-11-17
6208,Jack,Farmer,jack.farmer6208@example.com,London,UAE,2020-01-02
6209,Lindsay,Allen,lindsay.allen6209@example.com,Jeddah,Saudi Arabia,2022-06-15
6210,Christina,Kim,christina.kim6210@example.com,Jeddah,Jordan,2025-10-03
6211,Douglas,Harper,douglas.harper6211@example.com,Riyadh,UAE,2025-03-30
6212,Blake,Peck,blake.peck6212@example.com,Amman,United Kingdom,2026-06-06
6213,Katie,Lopez,katie.lopez6213@example.com,Riyadh,Germany,2021-05-11
6214,Jason,Stewart,jason.stewart6214@example.com,Dubai,Jordan,2025-01-06
6215,Ashley,Fry,ashley.fry6215@example.com,Giza,United Kingdom,2023-04-30
6216,Matthew,Clements,matthew.clements6216@example.com,Abu Dhabi,Kuwait,2026-08-24
6217,Sandra,Bell,sandra.bell6217@example.com,Cairo,UAE,2026-06-28
6218,James,Schneider,james.schneider6218@example.com,Riyadh,Egypt,2021-07-30
6219,Peter,Hernandez,peter.hernandez6219@example.com,Jeddah,Kuwait,2025-09-21
6220,Kelly,Brown,kelly.brown6220@example.com,Cairo,Saudi Arabia,2024-11-01
6221,Jack,Lee,jack.lee6221@example.com,Abu Dhabi,Kuwait,2020-08-04
6222,Diane,Gonzales,diane.gonzales6222@example.com,Dubai,France,2022-04-19
6223,Monica,Jones,monica.jones6223@example.com,Abu Dhabi,Saudi Arabia,2024-06-19
6224,John,Rice,john.rice6224@example.com,Amman,United Kingdom,2021-03-19
6225,Angela,Thomas,angela.thomas6225@example.com,Alexandria,France,2025-08-08
6226,Tamara,Brown,tamara.brown6226@example.com,Berlin,UAE,2022-02-03
6227,Gail,Ortiz,gail.ortiz6227@example.com,Giza,Egypt,2021-10-23
6228,Amanda,Montgomery,amanda.montgomery6228@example.com,Giza,France,2026-08-09
6229,Geoffrey,Cantu,geoffrey.cantu6229@example.com,Berlin,UAE,2021-02-23
6230,Mitchell,Thomas,mitchell.thomas6230@example.com,Dubai,Kuwait,2025-10-28
6231,Dale,Hall,dale.hall6231@example.com,Jeddah,UAE,2026-06-03
6232,Patrick,Hart,patrick.hart6232@example.com,Berlin,Qatar,2025-07-05
6233,Lisa,Mack,lisa.mack6233@example.com,London,France,2022-08-15
6234,David,Walker,david.walker6234@example.com,Jeddah,Jordan,2026-01-18
6235,Courtney,Elliott,courtney.elliott6235@example.com,Dubai,Saudi Arabia,2025-10-11
6236,Charles,Banks,charles.banks6236@example.com,Alexandria,United Kingdom,2023-07-28
6237,Renee,Pineda,renee.pineda6237@example.com,Jeddah,Egypt,2023-10-18
6238,Deanna,Campbell,deanna.campbell6238@example.com,Dubai,United States,2025-01-15
6239,Christina,Cole,christina.cole6239@example.com,Cairo,France,2026-08-07
6240,Kaitlin,Vega,kaitlin.vega6240@example.com,Berlin,Germany,2024-07-07
6241,Cheyenne,Reed,cheyenne.reed6241@example.com,Giza,France,2025-05-13
6242,Vanessa,Gibson,vanessa.gibson6242@example.com,Cairo,Germany,2025-07-26
6243,Samantha,Hernandez,samantha.hernandez6243@example.com,Dubai,Germany,2025-10-23
6244,Amanda,Ward,amanda.ward6244@example.com,Alexandria,Egypt,2024-02-04
6245,Drew,Walsh,drew.walsh6245@example.com,Cairo,Germany,2026-01-23
6246,Greg,Coffey,greg.coffey6246@example.com,Alexandria,Saudi Arabia,2021-12-01
6247,Yvette,Macias,yvette.macias6247@example.com,Alexandria,Jordan,2023-12-01
6248,Micheal,Smith,micheal.smith6248@example.com,Riyadh,UAE,2020-12-19
6249,Linda,Thomas,linda.thomas6249@example.com,Jeddah,Qatar,2020-03-01
6250,Steve,Page,steve.page6250@example.com,Riyadh,United Kingdom,2025-01-06
6251,Amber,Perez,amber.perez6251@example.com,Giza,Kuwait,2024-07-16
6252,Richard,Larsen,richard.larsen6252@example.com,London,UAE,2020-10-25
6253,Michael,Mcmahon,michael.mcmahon6253@example.com,Berlin,UAE,2020-10-24
6254,Robert,Butler,robert.butler6254@example.com,London,UAE,2023-09-02
6255,Jessica,Wallace,jessica.wallace6255@example.com,London,Germany,2025-02-13
6256,Paul,Cox,paul.cox6256@example.com,London,Egypt,2026-04-02
6257,Mark,Ross,mark.ross6257@example.com,London,United Kingdom,2023-01-04
6258,Jennifer,Harris,jennifer.harris6258@example.com,Dubai,Germany,2026-01-28
6259,Jay,Lee,jay.lee6259@example.com,Abu Dhabi,United Kingdom,2020-03-07
6260,James,Russo,james.russo6260@example.com,Alexandria,UAE,2020-06-03
6261,Donna,Montgomery,donna.montgomery6261@example.com,Riyadh,Egypt,2022-07-30
6262,Rachel,Kelley,rachel.kelley6262@example.com,Berlin,Germany,2022-10-24
6263,Kathryn,Russell,kathryn.russell6263@example.com,Berlin,Kuwait,2021-06-16
6264,Dawn,Lewis,dawn.lewis6264@example.com,Abu Dhabi,United States,2023-10-15
6265,Donald,Rodriguez,donald.rodriguez6265@example.com,London,United Kingdom,2026-03-17
6266,Denise,Evans,denise.evans6266@example.com,Giza,Saudi Arabia,2023-03-07
6267,Marissa,Hampton,marissa.hampton6267@example.com,Riyadh,France,2026-02-13
6268,Cindy,Williams,cindy.williams6268@example.com,Berlin,France,2020-05-26
6269,Jeff,Arnold,jeff.arnold6269@example.com,Amman,Saudi Arabia,2024-01-02
6270,Eric,Cruz,eric.cruz6270@example.com,Alexandria,Jordan,2026-02-06
6271,Zachary,White,zachary.white6271@example.com,Jeddah,France,2024-05-18
6272,Scott,Benson,scott.benson6272@example.com,Amman,Jordan,2026-01-17
6273,Paul,Estrada,paul.estrada6273@example.com,Alexandria,Egypt,2025-01-25
6274,Joshua,Reese,joshua.reese6274@example.com,Abu Dhabi,Germany,2020-11-15
6275,Anna,Moore,anna.moore6275@example.com,London,Saudi Arabia,2025-03-04
6276,Richard,Casey,richard.casey6276@example.com,Amman,United States,2025-12-19
6277,James,Jenkins,james.jenkins6277@example.com,Amman,Germany,2026-01-28
6278,Taylor,Parrish,taylor.parrish6278@example.com,Alexandria,United States,2026-06-11
6279,David,Velazquez,david.velazquez6279@example.com,Jeddah,United Kingdom,2025-07-29
6280,Leslie,Fitzpatrick,leslie.fitzpatrick6280@example.com,Alexandria,UAE,2023-08-04
6281,Cheryl,Moss,cheryl.moss6281@example.com,Berlin,United States,2022-03-14
6282,Nancy,Lowe,nancy.lowe6282@example.com,Amman,Egypt,2025-12-19
6283,Kristin,Miller,kristin.miller6283@example.com,Riyadh,United Kingdom,2020-01-03
6284,Alan,Atkins,alan.atkins6284@example.com,Jeddah,UAE,2022-08-30
6285,Brian,Phelps,brian.phelps6285@example.com,Riyadh,Egypt,2023-01-08
6286,Lawrence,Winters,lawrence.winters6286@example.com,Cairo,Qatar,2024-05-17
6287,James,Hernandez,james.hernandez6287@example.com,Jeddah,United States,2023-09-21
6288,Jason,Pittman,jason.pittman6288@example.com,Amman,United States,2020-06-05
6289,Michael,Blankenship,michael.blankenship6289@example.com,Cairo,Saudi Arabia,2021-11-18
6290,Brandy,Clayton,brandy.clayton6290@example.com,Abu Dhabi,United Kingdom,2021-12-21
6291,Thomas,Padilla,thomas.padilla6291@example.com,Riyadh,Qatar,2023-01-04
6292,Keith,Garcia,keith.garcia6292@example.com,Abu Dhabi,UAE,2025-11-14
6293,Anna,Lester,anna.lester6293@example.com,Jeddah,France,2026-08-28
6294,Edwin,Perry,edwin.perry6294@example.com,Jeddah,Jordan,2021-07-28
6295,Amanda,Montgomery,amanda.montgomery6295@example.com,Riyadh,United States,2023-04-19
6296,Eric,Tran,eric.tran6296@example.com,Alexandria,Jordan,2021-06-29
6297,Terrence,Lucero,terrence.lucero6297@example.com,Berlin,United States,2023-01-07
6298,Hannah,Mckee,hannah.mckee6298@example.com,Jeddah,Jordan,2022-03-07
6299,Theresa,Beck,theresa.beck6299@example.com,Berlin,United States,2021-02-26
6300,Dwayne,Wallace,dwayne.wallace6300@example.com,Riyadh,Germany,2021-11-04
6301,Katelyn,Taylor,katelyn.taylor6301@example.com,Abu Dhabi,Saudi Arabia,2023-09-04
6302,Parker,Gray,parker.gray6302@example.com,Alexandria,United Kingdom,2023-10-15
6303,George,Smith,george.smith6303@example.com,Amman,UAE,2023-11-07
6304,Hailey,Meyers,hailey.meyers6304@example.com,Jeddah,UAE,2026-06-15
6305,Sarah,Richards,sarah.richards6305@example.com,Alexandria,Germany,2026-08-10
6306,Hunter,Shannon,hunter.shannon6306@example.com,Dubai,Jordan,2023-11-07
6307,Tara,Potts,tara.potts6307@example.com,Berlin,United States,2024-02-24
6308,Ashley,Blackwell,ashley.blackwell6308@example.com,Giza,Jordan,2025-08-28
6309,Vanessa,Tanner,vanessa.tanner6309@example.com,Giza,United Kingdom,2024-05-21
6310,Casey,Taylor,casey.taylor6310@example.com,Riyadh,Qatar,2020-04-15
6311,Kevin,Long,kevin.long6311@example.com,Amman,United Kingdom,2022-12-12
6312,Edward,Haney,edward.haney6312@example.com,Jeddah,United Kingdom,2023-08-21
6313,Krystal,Caldwell,krystal.caldwell6313@example.com,Cairo,United States,2023-08-05
6314,Suzanne,Flores,suzanne.flores6314@example.com,Amman,Kuwait,2022-12-07
6315,Jennifer,Rush,jennifer.rush6315@example.com,Dubai,Egypt,2022-03-06
6316,Christopher,Morrison,christopher.morrison6316@example.com,Abu Dhabi,United States,2021-05-06
6317,Lauren,Smith,lauren.smith6317@example.com,Berlin,United States,2020-11-01
6318,Patricia,Butler,patricia.butler6318@example.com,Giza,France,2025-06-06
6319,Gary,York,gary.york6319@example.com,Alexandria,Egypt,2022-03-26
6320,James,Ramirez,james.ramirez6320@example.com,Berlin,Qatar,2026-07-11
6321,Abigail,Moon,abigail.moon6321@example.com,Dubai,Kuwait,2020-06-03
6322,Tracy,Bullock,tracy.bullock6322@example.com,Giza,Qatar,2022-05-10
6323,Brett,Allen,brett.allen6323@example.com,Jeddah,Kuwait,2020-12-27
6324,Kristopher,Cole,kristopher.cole6324@example.com,Riyadh,Kuwait,2025-02-01
6325,Ryan,Williams,ryan.williams6325@example.com,Giza,Qatar,2023-09-04
6326,Karen,Wolf,karen.wolf6326@example.com,Dubai,Saudi Arabia,2022-06-06
6327,Stephen,Miller,stephen.miller6327@example.com,Alexandria,Qatar,2022-05-28
6328,Andrea,Anderson,andrea.anderson6328@example.com,Jeddah,France,2025-11-18
6329,Tiffany,Weber,tiffany.weber6329@example.com,Giza,Jordan,2024-10-11
6330,Jessica,Smith,jessica.smith6330@example.com,Amman,Qatar,2020-07-06
6331,Oscar,Conway,oscar.conway6331@example.com,Cairo,United States,2022-12-24
6332,Norman,Johnson,norman.johnson6332@example.com,Alexandria,Saudi Arabia,2023-03-07
6333,Emily,Terry,emily.terry6333@example.com,Giza,Egypt,2023-12-20
6334,Matthew,Pratt,matthew.pratt6334@example.com,Alexandria,France,2024-04-17
6335,Melissa,Mueller,melissa.mueller6335@example.com,London,United Kingdom,2021-05-14
6336,Richard,Peterson,richard.peterson6336@example.com,London,United Kingdom,2025-04-20
6337,Sherri,Ball,sherri.ball6337@example.com,Berlin,Egypt,2021-06-23
6338,Andrea,Burns,andrea.burns6338@example.com,Amman,Egypt,2023-01-17
6339,Joseph,Gentry,joseph.gentry6339@example.com,Riyadh,UAE,2022-08-20
6340,Samantha,Miller,samantha.miller6340@example.com,Berlin,United Kingdom,2026-04-03
6341,Elizabeth,Flores,elizabeth.flores6341@example.com,Riyadh,Germany,2021-10-28
6342,William,Wilson,william.wilson6342@example.com,Alexandria,Qatar,2026-04-02
6343,Lisa,Drake,lisa.drake6343@example.com,Jeddah,Germany,2020-08-27
6344,Daniel,Jones,daniel.jones6344@example.com,Riyadh,United States,2025-09-05
6345,Nathaniel,Moore,nathaniel.moore6345@example.com,Jeddah,France,2026-01-16
6346,Laurie,Maxwell,laurie.maxwell6346@example.com,Amman,Kuwait,2023-05-08
6347,Michelle,Smith,michelle.smith6347@example.com,Alexandria,UAE,2025-07-11
6348,Alexander,Roman,alexander.roman6348@example.com,Riyadh,United Kingdom,2023-10-13
6349,Molly,Williamson,molly.williamson6349@example.com,Abu Dhabi,United Kingdom,2023-10-22
6350,Eric,Sims,eric.sims6350@example.com,London,Germany,2024-01-29
6351,Monica,Murray,monica.murray6351@example.com,Riyadh,United States,2023-03-25
6352,Morgan,Hartman,morgan.hartman6352@example.com,Alexandria,United Kingdom,2021-06-11
6353,Daniel,Martinez,daniel.martinez6353@example.com,Abu Dhabi,United States,2021-05-01
6354,Janet,Gonzalez,janet.gonzalez6354@example.com,Giza,Germany,2023-09-23
6355,Julie,Miller,julie.miller6355@example.com,Cairo,UAE,2020-01-26
6356,Christopher,Bean,christopher.bean6356@example.com,Cairo,Egypt,2021-09-30
6357,Adam,Moody,adam.moody6357@example.com,Abu Dhabi,Qatar,2022-07-29
6358,Jesse,Williams,jesse.williams6358@example.com,London,Jordan,2020-10-24
6359,Christopher,Flores,christopher.flores6359@example.com,Dubai,UAE,2021-04-19
6360,Alyssa,Alvarez,alyssa.alvarez6360@example.com,Riyadh,Qatar,2020-10-10
6361,James,Travis,james.travis6361@example.com,Dubai,Egypt,2023-08-20
6362,Catherine,Lopez,catherine.lopez6362@example.com,Riyadh,France,2020-05-18
6363,Keith,Lowe,keith.lowe6363@example.com,Berlin,Jordan,2024-10-09
6364,Michelle,Brown,michelle.brown6364@example.com,Berlin,UAE,2021-02-15
6365,Jackson,Smith,jackson.smith6365@example.com,Abu Dhabi,Kuwait,2023-03-10
6366,Gregory,Gonzalez,gregory.gonzalez6366@example.com,Berlin,United Kingdom,2024-04-18
6367,Douglas,Weaver,douglas.weaver6367@example.com,Jeddah,United States,2025-07-02
6368,Teresa,Graves,teresa.graves6368@example.com,Alexandria,France,2022-06-28
6369,Jacqueline,Jones,jacqueline.jones6369@example.com,Jeddah,France,2024-12-11
6370,Jacob,Morris,jacob.morris6370@example.com,Abu Dhabi,Germany,2021-09-05
6371,Victoria,Martin,victoria.martin6371@example.com,Cairo,UAE,2024-02-09
6372,Cynthia,Vargas,cynthia.vargas6372@example.com,Berlin,UAE,2024-02-19
6373,Carolyn,Hunter,carolyn.hunter6373@example.com,Abu Dhabi,Jordan,2020-10-12
6374,Justin,Simmons,justin.simmons6374@example.com,Berlin,Jordan,2021-12-09
6375,Madison,Moss,madison.moss6375@example.com,Berlin,Saudi Arabia,2021-07-01
6376,Alyssa,Pena,alyssa.pena6376@example.com,Dubai,Saudi Arabia,2021-06-01
6377,Tammy,King,tammy.king6377@example.com,Dubai,United States,2021-08-09
6378,Karen,Brown,karen.brown6378@example.com,Cairo,Kuwait,2021-01-14
6379,Bryan,Cooper,bryan.cooper6379@example.com,Cairo,Germany,2020-02-03
6380,Jessica,Harvey,jessica.harvey6380@example.com,Giza,United Kingdom,2022-09-29
6381,Lisa,Miller,lisa.miller6381@example.com,Jeddah,Kuwait,2025-06-28
6382,Kathy,Moran,kathy.moran6382@example.com,Alexandria,Jordan,2026-03-14
6383,Alexander,Garner,alexander.garner6383@example.com,Amman,Qatar,2020-04-09
6384,Christopher,Chapman,christopher.chapman6384@example.com,Berlin,UAE,2025-04-15
6385,Sabrina,Ward,sabrina.ward6385@example.com,Jeddah,United Kingdom,2020-12-22
6386,Erin,Gregory,erin.gregory6386@example.com,Amman,UAE,2022-01-10
6387,Cameron,Baker,cameron.baker6387@example.com,Riyadh,France,2025-03-16
6388,Mary,Hayes,mary.hayes6388@example.com,Riyadh,Kuwait,2024-01-27
6389,Judy,Castillo,judy.castillo6389@example.com,Berlin,Kuwait,2025-06-04
6390,Victor,Hines,victor.hines6390@example.com,Alexandria,Germany,2021-09-25
6391,Lawrence,Duarte,lawrence.duarte6391@example.com,London,Egypt,2023-08-25
6392,James,Matthews,james.matthews6392@example.com,Alexandria,United States,2021-01-04
6393,Brad,Gomez,brad.gomez6393@example.com,Berlin,France,2024-04-15
6394,Steven,Murray,steven.murray6394@example.com,Berlin,Jordan,2021-02-22
6395,Sandra,Mathis,sandra.mathis6395@example.com,Jeddah,Egypt,2026-02-28
6396,Teresa,Ford,teresa.ford6396@example.com,Alexandria,France,2021-05-10
6397,Rachel,Hayes,rachel.hayes6397@example.com,Amman,UAE,2020-09-16
6398,Douglas,Christensen,douglas.christensen6398@example.com,Amman,Jordan,2022-03-23
6399,Robert,Johnson,robert.johnson6399@example.com,Amman,Jordan,2026-05-01
6400,Donald,Stewart,donald.stewart6400@example.com,London,UAE,2020-04-29
6401,Veronica,Chen,veronica.chen6401@example.com,Riyadh,UAE,2021-12-07
6402,Reginald,Smith,reginald.smith6402@example.com,Alexandria,United States,2026-05-10
6403,Lacey,Stanley,lacey.stanley6403@example.com,London,Jordan,2024-08-14
6404,Gerald,Watkins,gerald.watkins6404@example.com,Alexandria,Saudi Arabia,2024-10-15
6405,Ivan,Davis,ivan.davis6405@example.com,Riyadh,United States,2020-11-04
6406,Peter,Hernandez,peter.hernandez6406@example.com,Abu Dhabi,Jordan,2026-03-15
6407,Matthew,Smith,matthew.smith6407@example.com,Berlin,UAE,2022-08-26
6408,Philip,Torres,philip.torres6408@example.com,Alexandria,Qatar,2024-01-29
6409,Stephanie,Dunn,stephanie.dunn6409@example.com,Dubai,United States,2026-01-21
6410,Jeremy,Tucker,jeremy.tucker6410@example.com,Dubai,Qatar,2026-03-27
6411,Jennifer,Reynolds,jennifer.reynolds6411@example.com,Abu Dhabi,Kuwait,2024-09-07
6412,Stacey,Moore,stacey.moore6412@example.com,Giza,France,2025-03-11
6413,Tanya,Brown,tanya.brown6413@example.com,Amman,Jordan,2021-10-23
6414,Suzanne,Jones,suzanne.jones6414@example.com,Jeddah,Kuwait,2022-10-09
6415,Marcus,Woods,marcus.woods6415@example.com,Cairo,United States,2023-09-24
6416,Keith,Young,keith.young6416@example.com,Abu Dhabi,Kuwait,2026-06-23
6417,Sherry,Lara,sherry.lara6417@example.com,Amman,United States,2021-04-22
6418,Robert,Smith,robert.smith6418@example.com,Alexandria,France,2026-07-12
6419,Kyle,Moore,kyle.moore6419@example.com,Amman,Egypt,2022-02-04
6420,Crystal,Sutton,crystal.sutton6420@example.com,London,UAE,2024-12-07
6421,Roy,Martinez,roy.martinez6421@example.com,Giza,UAE,2020-08-15
6422,David,Campbell,david.campbell6422@example.com,Riyadh,Jordan,2026-09-06
6423,Jenny,Roman,jenny.roman6423@example.com,Amman,United Kingdom,2025-07-31
6424,Michelle,Wood,michelle.wood6424@example.com,Giza,Jordan,2025-07-01
6425,Tara,Brown,tara.brown6425@example.com,Riyadh,UAE,2026-07-01
6426,Sergio,Butler,sergio.butler6426@example.com,Berlin,United Kingdom,2022-09-22
6427,Jason,Nguyen,jason.nguyen6427@example.com,Alexandria,UAE,2020-04-25
6428,Jesus,Wiggins,jesus.wiggins6428@example.com,Giza,UAE,2024-02-01
6429,Larry,Moon,larry.moon6429@example.com,Jeddah,Egypt,2026-02-22
6430,Teresa,Buchanan,teresa.buchanan6430@example.com,Dubai,UAE,2020-06-03
6431,Angela,Ray,angela.ray6431@example.com,Cairo,Kuwait,2026-03-20
6432,Mark,Lee,mark.lee6432@example.com,Amman,United States,2025-03-22
6433,David,Morris,david.morris6433@example.com,Berlin,United Kingdom,2025-09-03
6434,Cynthia,Maddox,cynthia.maddox6434@example.com,London,France,2023-12-01
6435,Jeremy,Watkins,jeremy.watkins6435@example.com,Dubai,Qatar,2025-10-07
6436,Joel,Weiss,joel.weiss6436@example.com,Riyadh,UAE,2022-08-27
6437,Tracy,Harrison,tracy.harrison6437@example.com,Berlin,Germany,2020-09-06
6438,Andrew,Dixon,andrew.dixon6438@example.com,Cairo,Jordan,2020-03-12
6439,Cody,Christensen,cody.christensen6439@example.com,Abu Dhabi,Kuwait,2022-08-25
6440,Cindy,Miller,cindy.miller6440@example.com,Jeddah,Saudi Arabia,2026-06-03
6441,Travis,Morrison,travis.morrison6441@example.com,London,Qatar,2021-03-24
6442,Patricia,Mullen,patricia.mullen6442@example.com,Amman,Saudi Arabia,2023-11-21
6443,Joseph,Cole,joseph.cole6443@example.com,Alexandria,Jordan,2026-05-25
6444,Kimberly,Moody,kimberly.moody6444@example.com,Giza,Egypt,2021-09-03
6445,Joshua,Thomas,joshua.thomas6445@example.com,London,UAE,2026-07-31
6446,Melanie,Brown,melanie.brown6446@example.com,Riyadh,Egypt,2021-01-13
6447,John,Schultz,john.schultz6447@example.com,Abu Dhabi,Jordan,2025-05-11
6448,Mark,Summers,mark.summers6448@example.com,Abu Dhabi,United Kingdom,2022-02-28
6449,Timothy,Thomas,timothy.thomas6449@example.com,Cairo,United States,2022-03-15
6450,Joseph,Flores,joseph.flores6450@example.com,Cairo,United States,2024-08-29
6451,Tricia,Jacobs,tricia.jacobs6451@example.com,Amman,Saudi Arabia,2022-05-11
6452,Amanda,Holloway,amanda.holloway6452@example.com,London,France,2021-01-15
6453,Debbie,Rosario,debbie.rosario6453@example.com,London,Saudi Arabia,2021-08-17
6454,Carla,Martinez,carla.martinez6454@example.com,Jeddah,Egypt,2021-09-10
6455,Jessica,Moss,jessica.moss6455@example.com,Alexandria,Saudi Arabia,2022-04-28
6456,James,Lindsey,james.lindsey6456@example.com,Alexandria,Saudi Arabia,2025-02-28
6457,Justin,Gibbs,justin.gibbs6457@example.com,Jeddah,France,2021-07-25
6458,Rodney,Cardenas,rodney.cardenas6458@example.com,Cairo,Saudi Arabia,2020-12-31
6459,Alex,Green,alex.green6459@example.com,Giza,Saudi Arabia,2024-04-16
6460,Douglas,Johnson,douglas.johnson6460@example.com,Jeddah,Saudi Arabia,2021-06-14
6461,Denise,Farmer,denise.farmer6461@example.com,Alexandria,Egypt,2021-05-10
6462,Christian,Marshall,christian.marshall6462@example.com,London,Egypt,2025-01-02
6463,Renee,Hernandez,renee.hernandez6463@example.com,Alexandria,Qatar,2025-12-07
6464,Connie,Peters,connie.peters6464@example.com,Amman,Jordan,2022-03-21
6465,Brittney,Blake,brittney.blake6465@example.com,London,Jordan,2020-05-31
6466,Daniel,Hill,daniel.hill6466@example.com,Abu Dhabi,United States,2022-02-27
6467,Joshua,Mccarthy,joshua.mccarthy6467@example.com,Jeddah,Germany,2023-10-13
6468,Shawn,Martin,shawn.martin6468@example.com,Dubai,United Kingdom,2020-02-24
6469,David,Blanchard,david.blanchard6469@example.com,Alexandria,France,2023-05-19
6470,David,Parrish,david.parrish6470@example.com,Berlin,Saudi Arabia,2021-09-04
6471,Angela,Wood,angela.wood6471@example.com,Abu Dhabi,UAE,2021-02-15
6472,Leslie,Le,leslie.le6472@example.com,Giza,Kuwait,2020-04-03
6473,Andrea,Fuller,andrea.fuller6473@example.com,Berlin,Germany,2025-11-19
6474,Debbie,Foster,debbie.foster6474@example.com,Alexandria,Qatar,2020-02-05
6475,Mark,Huff,mark.huff6475@example.com,London,Qatar,2021-07-05
6476,Austin,Campbell,austin.campbell6476@example.com,Alexandria,United States,2023-03-20
6477,Ariel,Carroll,ariel.carroll6477@example.com,Jeddah,UAE,2020-03-11
6478,Nicole,Brown,nicole.brown6478@example.com,London,Jordan,2024-02-11
6479,Jennifer,Anderson,jennifer.anderson6479@example.com,Riyadh,Germany,2020-09-27
6480,Caleb,Jones,caleb.jones6480@example.com,Cairo,Jordan,2026-05-19
6481,Edward,Mills,edward.mills6481@example.com,London,Qatar,2021-06-09
6482,Shelby,Young,shelby.young6482@example.com,London,France,2020-03-10
6483,Karen,Compton,karen.compton6483@example.com,Giza,Jordan,2025-02-01
6484,Matthew,Gutierrez,matthew.gutierrez6484@example.com,Giza,UAE,2023-02-02
6485,Karen,Vasquez,karen.vasquez6485@example.com,Dubai,Germany,2024-01-10
6486,Amy,Warren,amy.warren6486@example.com,Berlin,Qatar,2026-01-19
6487,Darlene,Foster,darlene.foster6487@example.com,Riyadh,Germany,2023-06-11
6488,Eric,Carson,eric.carson6488@example.com,Alexandria,Jordan,2020-04-20
6489,Lisa,West,lisa.west6489@example.com,Abu Dhabi,Saudi Arabia,2021-10-01
6490,Darius,Pruitt,darius.pruitt6490@example.com,Cairo,UAE,2025-05-27
6491,Jose,Allen,jose.allen6491@example.com,Cairo,Germany,2021-05-19
6492,Deanna,Grant,deanna.grant6492@example.com,Riyadh,United States,2021-10-25
6493,Brian,Cameron,brian.cameron6493@example.com,Amman,Jordan,2026-04-02
6494,Jeremiah,Williams,jeremiah.williams6494@example.com,Amman,Kuwait,2020-09-04
6495,Jeffery,Hall,jeffery.hall6495@example.com,Alexandria,United States,2020-09-08
6496,Elijah,Harrell,elijah.harrell6496@example.com,Amman,Saudi Arabia,2024-11-01
6497,Vincent,Morris,vincent.morris6497@example.com,Jeddah,United States,2020-04-01
6498,Katelyn,Santiago,katelyn.santiago6498@example.com,Jeddah,Jordan,2021-06-16
6499,Andrew,Cannon,andrew.cannon6499@example.com,Alexandria,Kuwait,2025-12-15
6500,Travis,Caldwell,travis.caldwell6500@example.com,Giza,Qatar,2023-08-01
6501,Heidi,Pierce,heidi.pierce6501@example.com,Abu Dhabi,UAE,2020-02-01
6502,Billy,Lawrence,billy.lawrence6502@example.com,Dubai,Kuwait,2020-05-12
6503,Jason,Aguilar,jason.aguilar6503@example.com,Dubai,Egypt,2021-05-25
6504,Adrian,Miles,adrian.miles6504@example.com,Cairo,United States,2024-01-27
6505,Bonnie,Richardson,bonnie.richardson6505@example.com,Jeddah,France,2026-04-30
6506,Rachel,Martin,rachel.martin6506@example.com,Amman,Qatar,2024-09-29
6507,Jason,Herrera,jason.herrera6507@example.com,Abu Dhabi,United States,2020-09-22
6508,Rose,Garner,rose.garner6508@example.com,Riyadh,France,2026-08-14
6509,Juan,Hawkins,juan.hawkins6509@example.com,Riyadh,Qatar,2023-03-13
6510,William,Moore,william.moore6510@example.com,Jeddah,UAE,2022-10-05
6511,James,Lawson,james.lawson6511@example.com,Abu Dhabi,France,2021-03-11
6512,Matthew,Murphy,matthew.murphy6512@example.com,Alexandria,Kuwait,2025-03-06
6513,Jorge,Wilson,jorge.wilson6513@example.com,Jeddah,Egypt,2021-03-28
6514,Justin,Johnson,justin.johnson6514@example.com,Cairo,United Kingdom,2020-08-31
6515,Carrie,Curtis,carrie.curtis6515@example.com,Giza,United Kingdom,2021-05-17
6516,William,Sullivan,william.sullivan6516@example.com,Cairo,Jordan,2020-04-19
6517,Jack,Williams,jack.williams6517@example.com,Jeddah,United Kingdom,2022-07-30
6518,Linda,Newton,linda.newton6518@example.com,Giza,France,2024-06-20
6519,Morgan,Gonzalez,morgan.gonzalez6519@example.com,Abu Dhabi,Saudi Arabia,2025-06-25
6520,Ashley,Burgess,ashley.burgess6520@example.com,Alexandria,Germany,2025-10-15
6521,Marissa,Craig,marissa.craig6521@example.com,Cairo,United Kingdom,2020-02-23
6522,Olivia,Meyers,olivia.meyers6522@example.com,Berlin,Saudi Arabia,2024-02-09
6523,Michael,Brown,michael.brown6523@example.com,Amman,Saudi Arabia,2021-08-29
6524,Connie,Knight,connie.knight6524@example.com,London,Egypt,2021-03-19
6525,Nicole,King,nicole.king6525@example.com,Riyadh,Egypt,2025-03-13
6526,William,Collins,william.collins6526@example.com,Giza,Jordan,2025-09-13
6527,Javier,White,javier.white6527@example.com,Cairo,Germany,2025-01-29
6528,Matthew,Porter,matthew.porter6528@example.com,Giza,Jordan,2020-08-08
6529,Jennifer,Cortez,jennifer.cortez6529@example.com,Amman,Jordan,2023-09-22
6530,Stephen,Myers,stephen.myers6530@example.com,Giza,Egypt,2023-03-24
6531,Karen,Mccall,karen.mccall6531@example.com,Riyadh,United Kingdom,2023-02-02
6532,Timothy,Carlson,timothy.carlson6532@example.com,Amman,Kuwait,2022-03-28
6533,Laura,Estrada,laura.estrada6533@example.com,Jeddah,UAE,2021-04-12
6534,Sharon,Jones,sharon.jones6534@example.com,Dubai,Egypt,2020-03-12
6535,Daniel,Smith,daniel.smith6535@example.com,London,Germany,2022-01-14
6536,Anthony,Williams,anthony.williams6536@example.com,Riyadh,United Kingdom,2025-12-03
6537,Alex,Hill,alex.hill6537@example.com,Riyadh,France,2024-10-10
6538,Aaron,Wallace,aaron.wallace6538@example.com,Jeddah,United States,2022-11-05
6539,Jessica,Ali,jessica.ali6539@example.com,Amman,Egypt,2022-04-17
6540,Colton,Richardson,colton.richardson6540@example.com,Giza,United Kingdom,2020-01-23
6541,Debbie,Maddox,debbie.maddox6541@example.com,Riyadh,Jordan,2022-03-31
6542,Judy,Watson,judy.watson6542@example.com,London,Germany,2021-10-03
6543,Joshua,Valdez,joshua.valdez6543@example.com,Amman,Kuwait,2024-11-26
6544,Kenneth,Johnson,kenneth.johnson6544@example.com,Jeddah,Germany,2021-09-01
6545,David,Thomas,david.thomas6545@example.com,Giza,Qatar,2026-07-24
6546,Stephen,Randolph,stephen.randolph6546@example.com,Giza,United Kingdom,2022-09-12
6547,Tonya,Rocha,tonya.rocha6547@example.com,Alexandria,France,2020-03-18
6548,David,Fields,david.fields6548@example.com,Cairo,Egypt,2022-12-25
6549,Stephanie,Mcguire,stephanie.mcguire6549@example.com,Jeddah,Germany,2024-10-09
6550,Nicole,Frederick,nicole.frederick6550@example.com,Giza,Kuwait,2023-09-15
6551,Greg,Rodriguez,greg.rodriguez6551@example.com,London,Egypt,2020-10-04
6552,Jenny,Gibson,jenny.gibson6552@example.com,Giza,Egypt,2025-01-04
6553,Olivia,Neal,olivia.neal6553@example.com,London,France,2025-03-29
6554,Joshua,Johnson,joshua.johnson6554@example.com,Giza,Kuwait,2020-06-01
6555,Anna,Brown,anna.brown6555@example.com,Cairo,Kuwait,2026-07-26
6556,Heather,Lewis,heather.lewis6556@example.com,Dubai,United Kingdom,2026-03-11
6557,Raymond,Bennett,raymond.bennett6557@example.com,Giza,United States,2023-01-09
6558,Benjamin,Reynolds,benjamin.reynolds6558@example.com,London,Egypt,2023-07-14
6559,Steven,Thompson,steven.thompson6559@example.com,Dubai,Saudi Arabia,2023-07-21
6560,Alexander,Merritt,alexander.merritt6560@example.com,Alexandria,Egypt,2022-11-12
6561,Diane,Chung,diane.chung6561@example.com,London,United States,2025-08-17
6562,Nancy,Mckinney,nancy.mckinney6562@example.com,Cairo,United States,2023-05-04
6563,Jennifer,Harris,jennifer.harris6563@example.com,London,France,2024-06-05
6564,Joseph,Lambert,joseph.lambert6564@example.com,London,United Kingdom,2025-07-11
6565,Sylvia,Lopez,sylvia.lopez6565@example.com,Dubai,Saudi Arabia,2022-03-24
6566,Hannah,Patrick,hannah.patrick6566@example.com,Amman,United States,2024-12-03
6567,Wendy,Williams,wendy.williams6567@example.com,Giza,Germany,2024-04-14
6568,Anna,Vincent,anna.vincent6568@example.com,London,United Kingdom,2023-04-13
6569,Angelica,Warner,angelica.warner6569@example.com,Giza,Germany,2024-04-13
6570,Latoya,Baldwin,latoya.baldwin6570@example.com,Giza,UAE,2022-06-04
6571,Julia,Mitchell,julia.mitchell6571@example.com,Amman,Kuwait,2020-07-20
6572,Christopher,Richardson,christopher.richardson6572@example.com,Amman,France,2026-05-27
6573,Lori,Stephens,lori.stephens6573@example.com,Abu Dhabi,Jordan,2022-08-13
6574,Nathaniel,Winters,nathaniel.winters6574@example.com,Alexandria,Qatar,2024-11-24
6575,Jessica,Fernandez,jessica.fernandez6575@example.com,Alexandria,Jordan,2025-10-12
6576,Malik,Fowler,malik.fowler6576@example.com,London,United States,2023-03-30
6577,Richard,Carpenter,richard.carpenter6577@example.com,London,United States,2021-04-11
6578,Nathan,Lucero,nathan.lucero6578@example.com,London,France,2020-03-01
6579,Katrina,Hernandez,katrina.hernandez6579@example.com,Giza,Kuwait,2021-11-07
6580,Emily,Preston,emily.preston6580@example.com,Jeddah,UAE,2020-04-17
6581,Emma,Russell,emma.russell6581@example.com,Dubai,France,2020-07-27
6582,Susan,Miller,susan.miller6582@example.com,Berlin,France,2026-01-23
6583,Jon,Taylor,jon.taylor6583@example.com,Alexandria,Saudi Arabia,2020-12-30
6584,Sandy,Brewer,sandy.brewer6584@example.com,Jeddah,Egypt,2021-10-10
6585,Shannon,Ryan,shannon.ryan6585@example.com,Cairo,Kuwait,2021-01-24
6586,Erin,Preston,erin.preston6586@example.com,Berlin,Saudi Arabia,2022-08-21
6587,Matthew,Hull,matthew.hull6587@example.com,Riyadh,United States,2026-05-30
6588,Tonya,Thomas,tonya.thomas6588@example.com,Berlin,United States,2025-08-28
6589,Matthew,Chen,matthew.chen6589@example.com,London,France,2021-08-23
6590,Julie,Rosales,julie.rosales6590@example.com,Giza,Saudi Arabia,2024-12-25
6591,Ashley,Rowland,ashley.rowland6591@example.com,Cairo,United Kingdom,2025-08-24
6592,Laura,Summers,laura.summers6592@example.com,London,Kuwait,2025-09-12
6593,Randy,Colon,randy.colon6593@example.com,Cairo,Saudi Arabia,2026-02-16
6594,Nicole,Mooney,nicole.mooney6594@example.com,Jeddah,Kuwait,2023-05-30
6595,Amy,Stone,amy.stone6595@example.com,Berlin,UAE,2021-10-20
6596,Barbara,Scott,barbara.scott6596@example.com,Giza,France,2023-12-29
6597,Andrea,Dunlap,andrea.dunlap6597@example.com,Berlin,United Kingdom,2022-08-12
6598,Jodi,Sutton,jodi.sutton6598@example.com,London,France,2025-09-07
6599,Kristin,Burns,kristin.burns6599@example.com,Riyadh,France,2020-02-17
6600,Mark,Copeland,mark.copeland6600@example.com,Berlin,UAE,2020-09-09
6601,Nathaniel,Giles,nathaniel.giles6601@example.com,Cairo,Kuwait,2026-01-21
6602,Alexandra,Weiss,alexandra.weiss6602@example.com,Cairo,Germany,2025-04-26
6603,Jeffery,Bell,jeffery.bell6603@example.com,Riyadh,France,2021-01-18
6604,Ricky,Walton,ricky.walton6604@example.com,Alexandria,Jordan,2024-04-06
6605,Daniel,Bowman,daniel.bowman6605@example.com,London,Saudi Arabia,2023-05-11
6606,Shawn,Flowers,shawn.flowers6606@example.com,London,Germany,2021-01-09
6607,Paula,Lopez,paula.lopez6607@example.com,Giza,UAE,2025-09-23
6608,Aaron,Leon,aaron.leon6608@example.com,Amman,United States,2023-01-12
6609,William,Rodriguez,william.rodriguez6609@example.com,Alexandria,United States,2024-09-30
6610,Drew,Jones,drew.jones6610@example.com,Berlin,United Kingdom,2021-09-08
6611,Stephanie,Allen,stephanie.allen6611@example.com,Amman,Germany,2026-06-27
6612,Richard,Bryan,richard.bryan6612@example.com,Amman,Egypt,2022-12-30
6613,Amber,Davis,amber.davis6613@example.com,Cairo,United States,2023-12-23
6614,Lisa,Johnson,lisa.johnson6614@example.com,Dubai,Saudi Arabia,2022-11-25
6615,Anthony,Martinez,anthony.martinez6615@example.com,Giza,United States,2024-09-30
6616,Jacob,Parsons,jacob.parsons6616@example.com,Giza,Qatar,2024-10-15
6617,Charles,King,charles.king6617@example.com,Cairo,France,2026-03-10
6618,Stephanie,Henderson,stephanie.henderson6618@example.com,Dubai,UAE,2025-06-19
6619,Michael,Powell,michael.powell6619@example.com,Abu Dhabi,United Kingdom,2026-04-05
6620,Heidi,Evans,heidi.evans6620@example.com,Dubai,Qatar,2024-03-25
6621,Paul,Clark,paul.clark6621@example.com,Riyadh,Saudi Arabia,2025-02-28
6622,Roy,Lawrence,roy.lawrence6622@example.com,London,Germany,2022-01-14
6623,Timothy,Mendez,timothy.mendez6623@example.com,Abu Dhabi,Egypt,2024-09-23
6624,Bobby,Henry,bobby.henry6624@example.com,Abu Dhabi,United States,2024-03-21
6625,Anthony,Flores,anthony.flores6625@example.com,Jeddah,United Kingdom,2022-10-15
6626,Anthony,Haynes,anthony.haynes6626@example.com,Abu Dhabi,United States,2024-10-24
6627,Michelle,Reyes,michelle.reyes6627@example.com,Cairo,Kuwait,2025-01-29
6628,Amber,Garcia,amber.garcia6628@example.com,Berlin,Kuwait,2021-09-13
6629,Haley,Oliver,haley.oliver6629@example.com,Giza,France,2020-02-17
6630,Michael,Mata,michael.mata6630@example.com,Alexandria,United Kingdom,2023-10-16
6631,Tracy,Johnson,tracy.johnson6631@example.com,Giza,Germany,2021-08-06
6632,Benjamin,Freeman,benjamin.freeman6632@example.com,Alexandria,Qatar,2026-07-03
6633,Rebecca,Wells,rebecca.wells6633@example.com,Dubai,Germany,2023-02-01
6634,Amy,Miller,amy.miller6634@example.com,Berlin,United Kingdom,2021-05-27
6635,Jennifer,Baldwin,jennifer.baldwin6635@example.com,Cairo,United Kingdom,2026-06-08
6636,Sandra,Gibson,sandra.gibson6636@example.com,Dubai,Kuwait,2025-12-29
6637,Kaitlyn,Allen,kaitlyn.allen6637@example.com,Jeddah,United Kingdom,2025-08-17
6638,Tracey,Johnson,tracey.johnson6638@example.com,Dubai,United States,2020-06-17
6639,Kyle,Waters,kyle.waters6639@example.com,Jeddah,UAE,2022-11-24
6640,Melissa,Robinson,melissa.robinson6640@example.com,Jeddah,France,2021-09-11
6641,Robert,Smith,robert.smith6641@example.com,Berlin,France,2026-06-16
6642,David,Huffman,david.huffman6642@example.com,Giza,Germany,2020-03-31
6643,Kimberly,Walls,kimberly.walls6643@example.com,London,Saudi Arabia,2020-12-31
6644,Sean,Shaw,sean.shaw6644@example.com,Abu Dhabi,Saudi Arabia,2022-05-28
6645,Steven,Terry,steven.terry6645@example.com,Giza,United States,2022-10-13
6646,Paul,Buckley,paul.buckley6646@example.com,Riyadh,United States,2021-10-30
6647,Desiree,Williams,desiree.williams6647@example.com,Dubai,Germany,2021-03-18
6648,Brenda,Wolfe,brenda.wolfe6648@example.com,Dubai,Jordan,2025-04-30
6649,Travis,Barrera,travis.barrera6649@example.com,Jeddah,Egypt,2023-10-31
6650,Kelly,Martin,kelly.martin6650@example.com,Alexandria,Jordan,2020-06-28
6651,Kelly,Rivera,kelly.rivera6651@example.com,Abu Dhabi,Qatar,2026-03-28
6652,Daniel,Moore,daniel.moore6652@example.com,Berlin,Saudi Arabia,2024-06-28
6653,Mary,Gonzalez,mary.gonzalez6653@example.com,Riyadh,Egypt,2021-11-09
6654,Todd,Smith,todd.smith6654@example.com,Riyadh,Kuwait,2023-05-22
6655,Kimberly,Roman,kimberly.roman6655@example.com,Amman,UAE,2022-12-09
6656,Rebecca,Barton,rebecca.barton6656@example.com,Giza,United States,2021-02-02
6657,Bradley,White,bradley.white6657@example.com,Jeddah,Qatar,2020-05-09
6658,Matthew,Vega,matthew.vega6658@example.com,Dubai,Kuwait,2023-01-25
6659,Megan,Perez,megan.perez6659@example.com,Cairo,United States,2024-09-01
6660,Sean,Haynes,sean.haynes6660@example.com,Jeddah,Saudi Arabia,2025-04-09
6661,Rhonda,Garcia,rhonda.garcia6661@example.com,Amman,Saudi Arabia,2025-10-13
6662,Donald,Yang,donald.yang6662@example.com,Alexandria,Kuwait,2026-09-01
6663,Stacey,Hart,stacey.hart6663@example.com,Berlin,United States,2026-02-16
6664,Samuel,Richardson,samuel.richardson6664@example.com,Cairo,United Kingdom,2026-01-25
6665,Holly,Smith,holly.smith6665@example.com,Cairo,Germany,2025-03-06
6666,Alicia,Benson,alicia.benson6666@example.com,Berlin,UAE,2021-01-31
6667,Cynthia,Rodriguez,cynthia.rodriguez6667@example.com,Abu Dhabi,Saudi Arabia,2024-12-18
6668,Thomas,Ramirez,thomas.ramirez6668@example.com,Abu Dhabi,Germany,2025-10-18
6669,Angela,Henderson,angela.henderson6669@example.com,Giza,Jordan,2023-08-30
6670,Cameron,Baker,cameron.baker6670@example.com,London,UAE,2024-06-03
6671,Stacy,Howard,stacy.howard6671@example.com,Jeddah,Kuwait,2026-02-14
6672,Richard,Calhoun,richard.calhoun6672@example.com,Jeddah,United States,2026-01-14
6673,Rebecca,Hutchinson,rebecca.hutchinson6673@example.com,London,Jordan,2026-07-10
6674,David,Martin,david.martin6674@example.com,Jeddah,United States,2026-02-28
6675,Ashley,Ortega,ashley.ortega6675@example.com,Amman,Kuwait,2025-09-06
6676,Sean,Barajas,sean.barajas6676@example.com,Jeddah,United States,2023-07-03
6677,Nathaniel,Baker,nathaniel.baker6677@example.com,Giza,Qatar,2023-10-25
6678,Carl,Tyler,carl.tyler6678@example.com,London,Kuwait,2023-07-08
6679,Jacob,Gutierrez,jacob.gutierrez6679@example.com,Cairo,Saudi Arabia,2021-05-23
6680,Anita,Hall,anita.hall6680@example.com,London,UAE,2022-01-09
6681,Dylan,Anderson,dylan.anderson6681@example.com,Cairo,France,2024-01-19
6682,Jacqueline,Smith,jacqueline.smith6682@example.com,Dubai,Germany,2020-07-01
6683,Brian,French,brian.french6683@example.com,Riyadh,Saudi Arabia,2020-10-15
6684,Daniel,Wade,daniel.wade6684@example.com,Amman,Saudi Arabia,2024-09-26
6685,Brenda,Smith,brenda.smith6685@example.com,Cairo,Jordan,2026-09-07
6686,Nicole,Taylor,nicole.taylor6686@example.com,Berlin,United Kingdom,2024-06-05
6687,Samantha,Valencia,samantha.valencia6687@example.com,Dubai,Germany,2023-07-11
6688,Laurie,Lopez,laurie.lopez6688@example.com,Dubai,Germany,2021-05-30
6689,Thomas,Mendoza,thomas.mendoza6689@example.com,Giza,United Kingdom,2026-06-30
6690,Cory,Hughes,cory.hughes6690@example.com,Abu Dhabi,Qatar,2024-03-05
6691,Cynthia,Weaver,cynthia.weaver6691@example.com,London,Egypt,2024-04-01
6692,Linda,Thomas,linda.thomas6692@example.com,Amman,Egypt,2020-07-20
6693,David,Hicks,david.hicks6693@example.com,Cairo,United States,2026-06-02
6694,Michelle,Jones,michelle.jones6694@example.com,Abu Dhabi,UAE,2023-05-08
6695,William,Archer,william.archer6695@example.com,Berlin,United States,2022-10-21
6696,Ashlee,Wright,ashlee.wright6696@example.com,Alexandria,Egypt,2023-04-16
6697,Karen,Franco,karen.franco6697@example.com,Jeddah,Germany,2023-01-27
6698,Michael,Perez,michael.perez6698@example.com,Berlin,United States,2024-11-16
6699,Jose,Brown,jose.brown6699@example.com,Jeddah,France,2024-08-08
6700,Ryan,Harrell,ryan.harrell6700@example.com,Cairo,Qatar,2024-11-20
6701,Kimberly,Johnson,kimberly.johnson6701@example.com,Abu Dhabi,UAE,2020-02-28
6702,Emily,Galvan,emily.galvan6702@example.com,Abu Dhabi,Qatar,2024-10-01
6703,Peter,Obrien,peter.obrien6703@example.com,Riyadh,France,2024-12-19
6704,Michelle,Goodman,michelle.goodman6704@example.com,Riyadh,United Kingdom,2020-04-29
6705,David,Mendez,david.mendez6705@example.com,London,France,2023-06-17
6706,Krystal,Oneal,krystal.oneal6706@example.com,Riyadh,Jordan,2022-02-26
6707,Debbie,Campos,debbie.campos6707@example.com,Berlin,United States,2020-04-28
6708,Eric,George,eric.george6708@example.com,Jeddah,UAE,2022-09-20
6709,Keith,Mejia,keith.mejia6709@example.com,Riyadh,Kuwait,2024-07-14
6710,Ryan,Johnson,ryan.johnson6710@example.com,Jeddah,UAE,2022-01-24
6711,Carl,Miller,carl.miller6711@example.com,Jeddah,Qatar,2023-03-30
6712,Patricia,Thomas,patricia.thomas6712@example.com,Cairo,Saudi Arabia,2024-06-12
6713,Darlene,Wood,darlene.wood6713@example.com,Riyadh,United States,2023-11-22
6714,Phillip,Marshall,phillip.marshall6714@example.com,Dubai,Egypt,2020-02-07
6715,Lindsay,Stark,lindsay.stark6715@example.com,Jeddah,UAE,2022-02-03
6716,Kevin,Nichols,kevin.nichols6716@example.com,Giza,UAE,2021-09-15
6717,Mark,Parker,mark.parker6717@example.com,Abu Dhabi,UAE,2025-01-25
6718,Stacy,Dixon,stacy.dixon6718@example.com,Jeddah,France,2025-04-25
6719,Paul,Pitts,paul.pitts6719@example.com,Abu Dhabi,Germany,2021-07-04
6720,Haley,Dominguez,haley.dominguez6720@example.com,Riyadh,United States,2020-10-02
6721,Sandra,Jacobs,sandra.jacobs6721@example.com,Jeddah,Egypt,2021-02-28
6722,Donna,Berry,donna.berry6722@example.com,Giza,UAE,2023-02-24
6723,Taylor,Davis,taylor.davis6723@example.com,Giza,Saudi Arabia,2024-03-05
6724,Tracy,Peterson,tracy.peterson6724@example.com,Berlin,Kuwait,2025-12-24
6725,Zachary,Welch,zachary.welch6725@example.com,Berlin,Germany,2020-09-02
6726,John,Adams,john.adams6726@example.com,Cairo,United Kingdom,2020-03-02
6727,Joseph,Roberts,joseph.roberts6727@example.com,Giza,France,2026-08-08
6728,William,Edwards,william.edwards6728@example.com,Berlin,Germany,2025-05-24
6729,Rebecca,Solomon,rebecca.solomon6729@example.com,Amman,United Kingdom,2021-06-07
6730,Ashlee,Bailey,ashlee.bailey6730@example.com,Dubai,Saudi Arabia,2021-12-09
6731,Kirk,Petersen,kirk.petersen6731@example.com,London,United States,2024-01-07
6732,Zachary,Jenkins,zachary.jenkins6732@example.com,Amman,Egypt,2023-01-24
6733,Joseph,Coleman,joseph.coleman6733@example.com,Amman,UAE,2024-07-31
6734,Donna,Tate,donna.tate6734@example.com,Abu Dhabi,UAE,2024-10-06
6735,Pamela,Taylor,pamela.taylor6735@example.com,Giza,UAE,2021-03-30
6736,Kayla,Phillips,kayla.phillips6736@example.com,Alexandria,Egypt,2022-04-15
6737,Gloria,Ward,gloria.ward6737@example.com,Berlin,Kuwait,2022-07-26
6738,Amy,Morris,amy.morris6738@example.com,Amman,Qatar,2022-07-22
6739,Lauren,Perkins,lauren.perkins6739@example.com,Jeddah,Qatar,2026-08-08
6740,Glenn,Hardy,glenn.hardy6740@example.com,Jeddah,United Kingdom,2020-07-15
6741,Nancy,Little,nancy.little6741@example.com,Amman,United Kingdom,2023-12-06
6742,Jamie,Tyler,jamie.tyler6742@example.com,Alexandria,Qatar,2022-12-20
6743,Maria,White,maria.white6743@example.com,Berlin,UAE,2023-06-22
6744,Deborah,Crawford,deborah.crawford6744@example.com,Alexandria,Saudi Arabia,2026-04-02
6745,John,Washington,john.washington6745@example.com,Dubai,United Kingdom,2023-08-21
6746,Joseph,Carroll,joseph.carroll6746@example.com,Abu Dhabi,Qatar,2023-01-04
6747,Amanda,Thomas,amanda.thomas6747@example.com,Cairo,Egypt,2024-10-24
6748,Catherine,King,catherine.king6748@example.com,Abu Dhabi,Kuwait,2024-02-13
6749,Tammy,Li,tammy.li6749@example.com,Abu Dhabi,France,2023-10-18
6750,Tonya,Smith,tonya.smith6750@example.com,Alexandria,Jordan,2020-11-10
6751,Jacob,Villa,jacob.villa6751@example.com,Giza,UAE,2022-03-03
6752,Sarah,Gibson,sarah.gibson6752@example.com,Alexandria,France,2023-03-15
6753,Vicki,Silva,vicki.silva6753@example.com,Berlin,United States,2025-07-05
6754,Joshua,Bradley,joshua.bradley6754@example.com,London,Saudi Arabia,2025-01-20
6755,James,Williams,james.williams6755@example.com,Amman,Germany,2022-04-24
6756,Ronald,Holden,ronald.holden6756@example.com,Dubai,Kuwait,2021-11-12
6757,Caitlin,Alvarez,caitlin.alvarez6757@example.com,Amman,UAE,2020-05-05
6758,Paul,Wilson,paul.wilson6758@example.com,Dubai,United Kingdom,2026-01-16
6759,Herbert,Ward,herbert.ward6759@example.com,Jeddah,UAE,2020-10-25
6760,Laurie,Brown,laurie.brown6760@example.com,Amman,Qatar,2020-02-21
6761,Melanie,Ramirez,melanie.ramirez6761@example.com,Berlin,Egypt,2020-10-02
6762,Amy,Adams,amy.adams6762@example.com,London,Germany,2022-10-08
6763,Kristen,Frost,kristen.frost6763@example.com,Cairo,Kuwait,2023-09-09
6764,Gloria,Harris,gloria.harris6764@example.com,Dubai,Egypt,2024-05-02
6765,Patricia,Knight,patricia.knight6765@example.com,London,Jordan,2023-08-24
6766,Alejandro,Morgan,alejandro.morgan6766@example.com,Berlin,United Kingdom,2021-08-16
6767,Claudia,Ramirez,claudia.ramirez6767@example.com,Abu Dhabi,United States,2022-07-28
6768,Russell,Hall,russell.hall6768@example.com,Riyadh,Jordan,2023-06-05
6769,Christine,Duncan,christine.duncan6769@example.com,Cairo,Egypt,2021-03-01
6770,Joseph,Tran,joseph.tran6770@example.com,Berlin,Saudi Arabia,2024-06-11
6771,Mary,Hernandez,mary.hernandez6771@example.com,Amman,France,2025-08-31
6772,Angela,Stewart,angela.stewart6772@example.com,Abu Dhabi,United Kingdom,2020-10-01
6773,Jeffrey,Shaffer,jeffrey.shaffer6773@example.com,Jeddah,Qatar,2021-12-06
6774,Mandy,Harris,mandy.harris6774@example.com,Abu Dhabi,Kuwait,2022-11-07
6775,Christina,Best,christina.best6775@example.com,Riyadh,Kuwait,2022-12-08
6776,Christopher,Yang,christopher.yang6776@example.com,Jeddah,Egypt,2025-12-17
6777,Tiffany,Nelson,tiffany.nelson6777@example.com,Dubai,United Kingdom,2024-01-21
6778,Todd,Davis,todd.davis6778@example.com,Giza,France,2022-06-09
6779,Megan,Walker,megan.walker6779@example.com,Amman,United Kingdom,2021-03-14
6780,Stephen,Martin,stephen.martin6780@example.com,Cairo,Qatar,2022-09-13
6781,Glenn,Robinson,glenn.robinson6781@example.com,London,Saudi Arabia,2021-08-25
6782,Daniel,Allen,daniel.allen6782@example.com,Berlin,France,2025-08-19
6783,Kyle,Riley,kyle.riley6783@example.com,Berlin,Kuwait,2026-01-16
6784,Carol,Hughes,carol.hughes6784@example.com,Jeddah,United States,2026-05-15
6785,Jason,Garcia,jason.garcia6785@example.com,London,Germany,2026-07-29
6786,Christopher,Marquez,christopher.marquez6786@example.com,Berlin,United Kingdom,2021-09-26
6787,Scott,Stevenson,scott.stevenson6787@example.com,London,Egypt,2023-06-07
6788,Patrick,Gilbert,patrick.gilbert6788@example.com,Riyadh,France,2026-06-28
6789,Omar,Weaver,omar.weaver6789@example.com,Alexandria,France,2021-03-04
6790,Joseph,Macias,joseph.macias6790@example.com,Abu Dhabi,France,2021-07-17
6791,Travis,Clarke,travis.clarke6791@example.com,Abu Dhabi,Germany,2022-08-10
6792,Alexandria,Morris,alexandria.morris6792@example.com,Cairo,Saudi Arabia,2026-01-22
6793,Victor,Gilbert,victor.gilbert6793@example.com,Jeddah,Kuwait,2021-12-17
6794,Mary,Obrien,mary.obrien6794@example.com,Abu Dhabi,UAE,2022-04-14
6795,Nathan,Warner,nathan.warner6795@example.com,Berlin,Jordan,2026-08-23
6796,Carolyn,Hale,carolyn.hale6796@example.com,Amman,UAE,2025-11-05
6797,Nicholas,French,nicholas.french6797@example.com,Dubai,Jordan,2026-05-15
6798,Jamie,Edwards,jamie.edwards6798@example.com,Giza,UAE,2021-04-06
6799,Richard,Wright,richard.wright6799@example.com,Berlin,France,2020-05-03
6800,Kelly,Hall,kelly.hall6800@example.com,Jeddah,UAE,2026-05-09
6801,Caroline,Harrison,caroline.harrison6801@example.com,Dubai,UAE,2025-10-18
6802,Andrew,Mcconnell,andrew.mcconnell6802@example.com,Berlin,Egypt,2026-06-25
6803,John,Wolfe,john.wolfe6803@example.com,Berlin,Jordan,2021-11-18
6804,Shaun,Mcbride,shaun.mcbride6804@example.com,Alexandria,Saudi Arabia,2020-07-02
6805,Paul,Reed,paul.reed6805@example.com,Giza,Egypt,2022-01-28
6806,Parker,Henry,parker.henry6806@example.com,Dubai,UAE,2020-01-09
6807,Jennifer,Blankenship,jennifer.blankenship6807@example.com,Cairo,Saudi Arabia,2025-11-08
6808,Christopher,Scott,christopher.scott6808@example.com,Jeddah,France,2024-11-12
6809,Jeremy,Richardson,jeremy.richardson6809@example.com,Jeddah,Saudi Arabia,2020-07-04
6810,Wendy,Mendoza,wendy.mendoza6810@example.com,Cairo,United Kingdom,2026-09-10
6811,Gary,Nash,gary.nash6811@example.com,Berlin,France,2024-05-01
6812,Deanna,George,deanna.george6812@example.com,Giza,Egypt,2026-02-21
6813,Lisa,Singleton,lisa.singleton6813@example.com,Giza,Kuwait,2022-02-14
6814,Tiffany,Diaz,tiffany.diaz6814@example.com,Riyadh,Germany,2021-01-15
6815,Kathleen,Davis,kathleen.davis6815@example.com,Abu Dhabi,Egypt,2022-08-21
6816,Ruth,Davis,ruth.davis6816@example.com,Berlin,Kuwait,2023-07-31
6817,Heather,Williams,heather.williams6817@example.com,Dubai,Saudi Arabia,2026-08-12
6818,Christian,Frederick,christian.frederick6818@example.com,Berlin,Egypt,2025-05-30
6819,Shawn,Carter,shawn.carter6819@example.com,Abu Dhabi,Germany,2026-03-04
6820,Michele,Ramirez,michele.ramirez6820@example.com,Alexandria,Jordan,2023-07-13
6821,Ruth,Perez,ruth.perez6821@example.com,Abu Dhabi,Germany,2026-08-08
6822,Larry,Meyer,larry.meyer6822@example.com,Riyadh,Saudi Arabia,2020-05-22
6823,Jesse,Davis,jesse.davis6823@example.com,Cairo,Jordan,2020-03-10
6824,Brett,Pena,brett.pena6824@example.com,Amman,Germany,2022-01-17
6825,Kristen,Mckay,kristen.mckay6825@example.com,Cairo,Qatar,2023-02-16
6826,Shelly,Thompson,shelly.thompson6826@example.com,Riyadh,United States,2024-04-02
6827,Amy,Mcmahon,amy.mcmahon6827@example.com,Amman,Saudi Arabia,2023-09-19
6828,Patty,Young,patty.young6828@example.com,Cairo,Egypt,2024-11-20
6829,Lindsey,Gonzalez,lindsey.gonzalez6829@example.com,Jeddah,Germany,2024-09-24
6830,Jennifer,Jones,jennifer.jones6830@example.com,Abu Dhabi,Saudi Arabia,2020-10-29
6831,Craig,Roth,craig.roth6831@example.com,Cairo,Germany,2024-02-28
6832,Guy,Martinez,guy.martinez6832@example.com,Abu Dhabi,Saudi Arabia,2021-01-04
6833,Steven,Hodges,steven.hodges6833@example.com,Dubai,Kuwait,2020-01-07
6834,Jennifer,Hernandez,jennifer.hernandez6834@example.com,Amman,United Kingdom,2023-08-19
6835,Sarah,Sanchez,sarah.sanchez6835@example.com,Giza,Germany,2026-08-19
6836,Alan,Foley,alan.foley6836@example.com,Abu Dhabi,United States,2025-04-06
6837,Katie,Palmer,katie.palmer6837@example.com,Cairo,United Kingdom,2020-03-02
6838,Andrew,Wagner,andrew.wagner6838@example.com,Riyadh,United Kingdom,2022-03-08
6839,Brian,Taylor,brian.taylor6839@example.com,Jeddah,Germany,2026-02-23
6840,Brandon,Moore,brandon.moore6840@example.com,Dubai,Kuwait,2026-03-19
6841,David,Hensley,david.hensley6841@example.com,Alexandria,Germany,2025-12-28
6842,Mary,Berry,mary.berry6842@example.com,London,United States,2024-07-17
6843,Joshua,Sanchez,joshua.sanchez6843@example.com,Alexandria,Germany,2025-02-23
6844,Gregory,Rodriguez,gregory.rodriguez6844@example.com,Cairo,United Kingdom,2022-08-16
6845,John,Bowman,john.bowman6845@example.com,Berlin,Germany,2026-04-04
6846,Karen,Jones,karen.jones6846@example.com,Berlin,United Kingdom,2026-05-06
6847,Nicholas,Smith,nicholas.smith6847@example.com,Giza,France,2025-12-07
6848,Steven,Lindsey,steven.lindsey6848@example.com,Amman,United States,2020-10-24
6849,Erica,Foster,erica.foster6849@example.com,Riyadh,Egypt,2024-02-28
6850,Amber,Powell,amber.powell6850@example.com,London,Germany,2022-01-09
6851,Alicia,Hayden,alicia.hayden6851@example.com,Riyadh,France,2020-11-13
6852,Sherry,Gomez,sherry.gomez6852@example.com,London,France,2024-03-24
6853,Catherine,Higgins,catherine.higgins6853@example.com,Cairo,United States,2022-08-27
6854,Kara,Walton,kara.walton6854@example.com,Alexandria,Egypt,2020-12-22
6855,Alexandra,Russell,alexandra.russell6855@example.com,Alexandria,Germany,2024-01-08
6856,Wesley,Porter,wesley.porter6856@example.com,Amman,United Kingdom,2026-06-22
6857,Linda,Clark,linda.clark6857@example.com,Berlin,UAE,2024-04-06
6858,Carol,Richardson,carol.richardson6858@example.com,Cairo,Kuwait,2020-11-18
6859,Kenneth,Munoz,kenneth.munoz6859@example.com,Berlin,Egypt,2026-05-30
6860,Robert,Bennett,robert.bennett6860@example.com,Riyadh,UAE,2020-10-25
6861,Nathaniel,Edwards,nathaniel.edwards6861@example.com,Amman,Qatar,2023-10-06
6862,James,Smith,james.smith6862@example.com,Berlin,Qatar,2021-04-27
6863,Ryan,Little,ryan.little6863@example.com,Amman,France,2025-02-14
6864,Dylan,Grimes,dylan.grimes6864@example.com,Abu Dhabi,Saudi Arabia,2021-07-19
6865,Krystal,Curry,krystal.curry6865@example.com,Amman,Kuwait,2024-04-26
6866,Deborah,Turner,deborah.turner6866@example.com,London,UAE,2020-11-01
6867,John,Smith,john.smith6867@example.com,Giza,United Kingdom,2026-03-08
6868,Jeremy,Gonzales,jeremy.gonzales6868@example.com,Alexandria,Kuwait,2021-01-11
6869,Tommy,Owens,tommy.owens6869@example.com,London,United States,2024-07-07
6870,Steven,Khan,steven.khan6870@example.com,Alexandria,Germany,2022-12-26
6871,Steven,Perry,steven.perry6871@example.com,Alexandria,UAE,2021-07-31
6872,Brett,Gould,brett.gould6872@example.com,London,France,2023-10-01
6873,Penny,Livingston,penny.livingston6873@example.com,Berlin,United States,2020-10-31
6874,Kenneth,Brown,kenneth.brown6874@example.com,Amman,Egypt,2022-12-18
6875,Steven,Hughes,steven.hughes6875@example.com,Riyadh,Kuwait,2021-06-24
6876,Denise,Hamilton,denise.hamilton6876@example.com,Giza,United Kingdom,2023-11-20
6877,Carmen,Kelly,carmen.kelly6877@example.com,Abu Dhabi,Qatar,2025-06-14
6878,William,Woods,william.woods6878@example.com,Cairo,Qatar,2024-11-17
6879,Sarah,Melton,sarah.melton6879@example.com,Berlin,UAE,2020-01-12
6880,Timothy,Gomez,timothy.gomez6880@example.com,London,UAE,2021-06-01
6881,James,Weeks,james.weeks6881@example.com,Riyadh,France,2020-01-01
6882,Gabriel,Gay,gabriel.gay6882@example.com,London,Egypt,2020-07-22
6883,Dustin,Dawson,dustin.dawson6883@example.com,Giza,Germany,2022-06-18
6884,Joseph,Johnson,joseph.johnson6884@example.com,Riyadh,Germany,2023-01-31
6885,Jeffery,Meyer,jeffery.meyer6885@example.com,Cairo,France,2021-12-04
6886,Andrew,Powell,andrew.powell6886@example.com,Dubai,UAE,2023-02-14
6887,Lauren,Stevens,lauren.stevens6887@example.com,Amman,UAE,2025-08-22
6888,Christy,Mitchell,christy.mitchell6888@example.com,Alexandria,United Kingdom,2023-09-05
6889,Brent,Black,brent.black6889@example.com,Abu Dhabi,Egypt,2020-08-27
6890,David,Gonzales,david.gonzales6890@example.com,Giza,France,2025-10-31
6891,Tony,Gallagher,tony.gallagher6891@example.com,Berlin,UAE,2021-10-21
6892,Barry,Maxwell,barry.maxwell6892@example.com,Abu Dhabi,France,2022-09-11
6893,Jessica,Knight,jessica.knight6893@example.com,Giza,UAE,2024-09-15
6894,Carlos,Donaldson,carlos.donaldson6894@example.com,Giza,Germany,2026-01-30
6895,Sarah,Gray,sarah.gray6895@example.com,Riyadh,Egypt,2025-05-26
6896,Donna,Gonzales,donna.gonzales6896@example.com,Giza,Egypt,2023-12-10
6897,Jennifer,Adams,jennifer.adams6897@example.com,Berlin,Egypt,2021-01-09
6898,Douglas,Herman,douglas.herman6898@example.com,Giza,United States,2024-03-02
6899,Christopher,Reyes,christopher.reyes6899@example.com,Cairo,United States,2021-12-30
6900,Preston,Williams,preston.williams6900@example.com,Amman,Saudi Arabia,2020-12-18
6901,Kevin,Mckay,kevin.mckay6901@example.com,Riyadh,UAE,2024-10-16
6902,James,Hudson,james.hudson6902@example.com,Giza,Egypt,2024-01-25
6903,Robert,Mckenzie,robert.mckenzie6903@example.com,Dubai,France,2020-08-06
6904,Edward,Payne,edward.payne6904@example.com,London,UAE,2022-03-28
6905,Jonathan,Moon,jonathan.moon6905@example.com,Cairo,Egypt,2025-03-08
6906,Aaron,Jones,aaron.jones6906@example.com,Giza,Germany,2026-08-28
6907,Michele,Baker,michele.baker6907@example.com,Riyadh,Egypt,2020-01-19
6908,Timothy,Jones,timothy.jones6908@example.com,Amman,Kuwait,2020-12-20
6909,Taylor,Zavala,taylor.zavala6909@example.com,Berlin,United States,2023-07-03
6910,Sandy,Snyder,sandy.snyder6910@example.com,Berlin,Qatar,2023-04-15
6911,Christopher,Stevens,christopher.stevens6911@example.com,Dubai,UAE,2026-05-13
6912,Rachel,Jensen,rachel.jensen6912@example.com,Berlin,France,2024-08-19
6913,Tiffany,Jefferson,tiffany.jefferson6913@example.com,London,United Kingdom,2026-06-05
6914,Stephanie,Scott,stephanie.scott6914@example.com,Dubai,Germany,2023-11-12
6915,Angelica,Small,angelica.small6915@example.com,Alexandria,United States,2022-11-19
6916,Lisa,Rivera,lisa.rivera6916@example.com,Abu Dhabi,France,2021-04-18
6917,Elizabeth,Rose,elizabeth.rose6917@example.com,Jeddah,Saudi Arabia,2025-10-09
6918,Elizabeth,Conley,elizabeth.conley6918@example.com,Alexandria,France,2022-04-08
6919,Brittany,Fleming,brittany.fleming6919@example.com,Abu Dhabi,United Kingdom,2020-12-04
6920,Linda,Osborne,linda.osborne6920@example.com,Dubai,Saudi Arabia,2020-05-25
6921,John,Briggs,john.briggs6921@example.com,Abu Dhabi,Qatar,2020-07-04
6922,Ryan,Nelson,ryan.nelson6922@example.com,Alexandria,Qatar,2026-04-18
6923,Shelby,Turner,shelby.turner6923@example.com,London,Germany,2022-06-27
6924,Teresa,Esparza,teresa.esparza6924@example.com,Alexandria,Saudi Arabia,2025-04-02
6925,Brett,Vargas,brett.vargas6925@example.com,Abu Dhabi,Jordan,2024-01-14
6926,Laurie,Scott,laurie.scott6926@example.com,Amman,Kuwait,2025-11-16
6927,Madison,Peters,madison.peters6927@example.com,Dubai,Qatar,2021-09-12
6928,Megan,Robinson,megan.robinson6928@example.com,Jeddah,United Kingdom,2020-09-04
6929,Stephanie,Marshall,stephanie.marshall6929@example.com,Jeddah,Kuwait,2026-02-13
6930,Eric,Garcia,eric.garcia6930@example.com,Jeddah,Egypt,2024-10-24
6931,Amy,Cox,amy.cox6931@example.com,Amman,Jordan,2026-08-06
6932,Julia,Barnes,julia.barnes6932@example.com,Berlin,Jordan,2022-10-26
6933,Mark,Miller,mark.miller6933@example.com,Abu Dhabi,United Kingdom,2025-08-23
6934,Francisco,Olson,francisco.olson6934@example.com,Dubai,United Kingdom,2023-05-28
6935,Sarah,Jones,sarah.jones6935@example.com,Alexandria,Qatar,2022-07-22
6936,Lee,Small,lee.small6936@example.com,Jeddah,Kuwait,2024-07-20
6937,Ryan,Briggs,ryan.briggs6937@example.com,Alexandria,United Kingdom,2020-07-13
6938,Eric,Kennedy,eric.kennedy6938@example.com,Riyadh,Qatar,2020-08-05
6939,Anthony,Pace,anthony.pace6939@example.com,Amman,France,2023-02-07
6940,David,Young,david.young6940@example.com,Cairo,Germany,2024-01-14
6941,Natasha,Vasquez,natasha.vasquez6941@example.com,Amman,United States,2023-10-06
6942,Susan,Chapman,susan.chapman6942@example.com,Riyadh,Saudi Arabia,2024-01-31
6943,Richard,Atkinson,richard.atkinson6943@example.com,Jeddah,UAE,2022-04-23
6944,Justin,Bishop,justin.bishop6944@example.com,London,UAE,2020-02-09
6945,Frederick,Moore,frederick.moore6945@example.com,London,Egypt,2026-01-24
6946,Mark,Bennett,mark.bennett6946@example.com,Riyadh,Qatar,2021-03-14
6947,Christopher,Miller,christopher.miller6947@example.com,Cairo,France,2023-06-21
6948,Laura,Smith,laura.smith6948@example.com,Cairo,United States,2021-02-20
6949,Amber,Vasquez,amber.vasquez6949@example.com,Dubai,Saudi Arabia,2020-12-07
6950,Christopher,Cordova,christopher.cordova6950@example.com,Giza,France,2025-09-09
6951,Lindsey,Wong,lindsey.wong6951@example.com,Jeddah,Saudi Arabia,2020-03-19
6952,Victoria,Smith,victoria.smith6952@example.com,Alexandria,Qatar,2023-04-23
6953,Gregory,Anderson,gregory.anderson6953@example.com,Amman,Germany,2020-08-09
6954,Tonya,Richardson,tonya.richardson6954@example.com,Alexandria,UAE,2020-04-07
6955,Gina,Serrano,gina.serrano6955@example.com,Jeddah,United States,2024-02-28
6956,Michael,Armstrong,michael.armstrong6956@example.com,Dubai,Qatar,2023-01-02
6957,Billy,Orozco,billy.orozco6957@example.com,Giza,UAE,2020-01-03
6958,Mark,Williams,mark.williams6958@example.com,Giza,UAE,2022-01-16
6959,Brandi,Mcneil,brandi.mcneil6959@example.com,Amman,Qatar,2026-05-06
6960,Christina,Underwood,christina.underwood6960@example.com,Riyadh,Egypt,2020-02-13
6961,James,Jackson,james.jackson6961@example.com,Alexandria,Germany,2020-07-26
6962,Peter,Holder,peter.holder6962@example.com,Giza,Qatar,2021-03-30
6963,Daniel,Watkins,daniel.watkins6963@example.com,Riyadh,Jordan,2022-01-19
6964,Christina,Fox,christina.fox6964@example.com,Riyadh,United States,2022-11-29
6965,Marie,Mitchell,marie.mitchell6965@example.com,Amman,United States,2023-10-23
6966,Calvin,Obrien,calvin.obrien6966@example.com,Cairo,France,2023-03-03
6967,Jordan,Schneider,jordan.schneider6967@example.com,Cairo,France,2021-02-13
6968,Holly,Davis,holly.davis6968@example.com,Amman,Jordan,2021-06-12
6969,Catherine,Barker,catherine.barker6969@example.com,Amman,United States,2026-03-05
6970,Antonio,Phelps,antonio.phelps6970@example.com,Cairo,Qatar,2026-08-13
6971,Elizabeth,Neal,elizabeth.neal6971@example.com,Riyadh,Egypt,2022-08-02
6972,Lisa,Howard,lisa.howard6972@example.com,Giza,Egypt,2020-02-09
6973,William,Carter,william.carter6973@example.com,Jeddah,Kuwait,2022-06-04
6974,Janice,Morales,janice.morales6974@example.com,Abu Dhabi,Egypt,2022-04-12
6975,Lindsay,Young,lindsay.young6975@example.com,London,Saudi Arabia,2020-01-13
6976,Tracey,Parker,tracey.parker6976@example.com,Abu Dhabi,Qatar,2021-05-31
6977,Mark,Allen,mark.allen6977@example.com,Cairo,Jordan,2024-10-20
6978,Eduardo,Moore,eduardo.moore6978@example.com,Cairo,United Kingdom,2023-03-10
6979,Christopher,Matthews,christopher.matthews6979@example.com,Giza,Saudi Arabia,2026-02-01
6980,David,Rodriguez,david.rodriguez6980@example.com,Abu Dhabi,United States,2021-01-19
6981,Shane,Hernandez,shane.hernandez6981@example.com,Dubai,Qatar,2021-12-14
6982,Charles,Townsend,charles.townsend6982@example.com,Berlin,Qatar,2023-11-18
6983,Gwendolyn,Riley,gwendolyn.riley6983@example.com,Dubai,Qatar,2026-05-11
6984,Jennifer,Graham,jennifer.graham6984@example.com,Riyadh,UAE,2020-07-06
6985,David,Newman,david.newman6985@example.com,Riyadh,Germany,2020-10-16
6986,Sherri,Arnold,sherri.arnold6986@example.com,Cairo,Egypt,2024-07-27
6987,Briana,Pineda,briana.pineda6987@example.com,Amman,United States,2026-06-23
6988,Jason,Kennedy,jason.kennedy6988@example.com,Cairo,Egypt,2024-06-17
6989,Arthur,Moore,arthur.moore6989@example.com,London,Germany,2026-02-20
6990,James,Jones,james.jones6990@example.com,Cairo,Saudi Arabia,2026-02-17
6991,Anthony,Farrell,anthony.farrell6991@example.com,Jeddah,France,2025-05-09
6992,Johnny,Lopez,johnny.lopez6992@example.com,Abu Dhabi,Egypt,2022-09-16
6993,Tyler,Barrett,tyler.barrett6993@example.com,Amman,United Kingdom,2022-12-29
6994,Raymond,Fletcher,raymond.fletcher6994@example.com,Alexandria,Jordan,2022-03-04
6995,Marcus,Anderson,marcus.anderson6995@example.com,London,Kuwait,2023-06-10
6996,Mark,Levy,mark.levy6996@example.com,London,Qatar,2022-07-10
6997,Robert,Edwards,robert.edwards6997@example.com,Cairo,Egypt,2024-05-27
6998,Ruth,Knight,ruth.knight6998@example.com,Amman,France,2024-03-24
6999,Holly,Smith,holly.smith6999@example.com,Alexandria,Qatar,2023-09-05
7000,Krista,Best,krista.best7000@example.com,Cairo,Jordan,2021-10-20
7001,Robert,Tucker,robert.tucker7001@example.com,Riyadh,Egypt,2020-10-25
7002,Vanessa,Hernandez,vanessa.hernandez7002@example.com,Amman,Jordan,2024-04-03
7003,Nicole,Allen,nicole.allen7003@example.com,Riyadh,Kuwait,2021-06-16
7004,Cassandra,Krueger,cassandra.krueger7004@example.com,Jeddah,UAE,2023-03-16
7005,Rebecca,Le,rebecca.le7005@example.com,Giza,France,2026-01-09
7006,Robert,Townsend,robert.townsend7006@example.com,Abu Dhabi,UAE,2026-07-12
7007,Crystal,Dawson,crystal.dawson7007@example.com,Cairo,UAE,2026-06-03
7008,Lauren,Watson,lauren.watson7008@example.com,Alexandria,Jordan,2022-06-25
7009,Aaron,Webb,aaron.webb7009@example.com,Abu Dhabi,Qatar,2021-01-25
7010,Madison,Mason,madison.mason7010@example.com,Giza,Egypt,2020-05-10
7011,Jason,Cook,jason.cook7011@example.com,London,Egypt,2024-09-23
7012,Donna,Doyle,donna.doyle7012@example.com,Cairo,Qatar,2022-09-27
7013,William,Schmidt,william.schmidt7013@example.com,Cairo,United Kingdom,2026-03-26
7014,Pamela,Chaney,pamela.chaney7014@example.com,Jeddah,United Kingdom,2022-11-03
7015,Cheyenne,Salazar,cheyenne.salazar7015@example.com,Dubai,Egypt,2021-09-12
7016,Ryan,Dodson,ryan.dodson7016@example.com,Giza,Saudi Arabia,2024-04-21
7017,Lauren,Gibson,lauren.gibson7017@example.com,Jeddah,France,2022-06-19
7018,Jennifer,Payne,jennifer.payne7018@example.com,Alexandria,United States,2020-01-27
7019,Amber,Campos,amber.campos7019@example.com,Abu Dhabi,Qatar,2025-02-12
7020,Bradley,Cook,bradley.cook7020@example.com,Riyadh,United States,2026-03-29
7021,Richard,Sims,richard.sims7021@example.com,Berlin,France,2023-08-17
7022,Latoya,Wells,latoya.wells7022@example.com,London,UAE,2020-12-25
7023,Natalie,Hickman,natalie.hickman7023@example.com,Alexandria,United States,2026-08-28
7024,Robin,Lynch,robin.lynch7024@example.com,Jeddah,Kuwait,2021-11-17
7025,Jerry,Edwards,jerry.edwards7025@example.com,Jeddah,Egypt,2022-08-03
7026,Brittany,Cole,brittany.cole7026@example.com,Dubai,Germany,2022-01-03
7027,Kevin,Pearson,kevin.pearson7027@example.com,Cairo,UAE,2025-02-17
7028,Benjamin,Perez,benjamin.perez7028@example.com,Riyadh,Qatar,2025-11-02
7029,Rebecca,King,rebecca.king7029@example.com,Alexandria,Saudi Arabia,2022-11-13
7030,Joseph,Schmidt,joseph.schmidt7030@example.com,Amman,France,2020-04-11
7031,Billy,Crane,billy.crane7031@example.com,London,UAE,2020-01-05
7032,Shannon,Sanders,shannon.sanders7032@example.com,Amman,Saudi Arabia,2021-01-07
7033,Russell,Benjamin,russell.benjamin7033@example.com,Riyadh,UAE,2022-07-13
7034,Leah,Hill,leah.hill7034@example.com,Berlin,Egypt,2022-01-11
7035,Lisa,Payne,lisa.payne7035@example.com,Dubai,Germany,2021-11-20
7036,Robert,Shaw,robert.shaw7036@example.com,Giza,United States,2021-12-01
7037,Stephanie,Norton,stephanie.norton7037@example.com,Giza,Qatar,2025-11-18
7038,Danielle,Torres,danielle.torres7038@example.com,Giza,United Kingdom,2026-06-04
7039,Caroline,Williams,caroline.williams7039@example.com,Amman,Egypt,2024-02-08
7040,Vanessa,Lewis,vanessa.lewis7040@example.com,London,Saudi Arabia,2024-11-11
7041,Donna,Roberts,donna.roberts7041@example.com,Giza,Saudi Arabia,2025-08-22
7042,Darrell,Young,darrell.young7042@example.com,Jeddah,Jordan,2026-01-02
7043,Veronica,Castro,veronica.castro7043@example.com,Riyadh,Qatar,2026-03-03
7044,Mark,Gardner,mark.gardner7044@example.com,Berlin,Saudi Arabia,2026-08-07
7045,James,Cohen,james.cohen7045@example.com,Riyadh,United States,2025-03-14
7046,Christopher,Lucas,christopher.lucas7046@example.com,Amman,UAE,2021-01-20
7047,Stacey,Smith,stacey.smith7047@example.com,Jeddah,United Kingdom,2025-10-17
7048,David,Curry,david.curry7048@example.com,Cairo,Egypt,2023-10-23
7049,Jonathan,Sandoval,jonathan.sandoval7049@example.com,Dubai,France,2025-12-31
7050,Emily,Perry,emily.perry7050@example.com,London,Jordan,2020-10-02
7051,Rebecca,Harris,rebecca.harris7051@example.com,Berlin,Germany,2021-09-25
7052,Frank,Davis,frank.davis7052@example.com,Berlin,United States,2025-05-18
7053,Sarah,Collins,sarah.collins7053@example.com,Alexandria,United Kingdom,2023-02-04
7054,Amy,Dunn,amy.dunn7054@example.com,Riyadh,Kuwait,2020-08-06
7055,Casey,Mcgrath,casey.mcgrath7055@example.com,Giza,United Kingdom,2021-07-19
7056,Morgan,Farrell,morgan.farrell7056@example.com,Alexandria,France,2021-10-27
7057,Aaron,Allen,aaron.allen7057@example.com,Cairo,Egypt,2021-12-28
7058,Kimberly,Bauer,kimberly.bauer7058@example.com,Berlin,Jordan,2023-04-21
7059,Sheryl,Sanford,sheryl.sanford7059@example.com,Berlin,UAE,2022-07-25
7060,Daniel,Hayes,daniel.hayes7060@example.com,Alexandria,UAE,2020-08-30
7061,David,Miranda,david.miranda7061@example.com,Abu Dhabi,Saudi Arabia,2023-02-10
7062,Kimberly,Marshall,kimberly.marshall7062@example.com,Abu Dhabi,France,2023-02-15
7063,David,Contreras,david.contreras7063@example.com,Dubai,UAE,2025-11-19
7064,Joshua,Miller,joshua.miller7064@example.com,Giza,Saudi Arabia,2024-09-22
7065,Kristina,Gomez,kristina.gomez7065@example.com,Riyadh,United States,2022-03-14
7066,Paul,Lopez,paul.lopez7066@example.com,Cairo,UAE,2020-02-23
7067,Sierra,Swanson,sierra.swanson7067@example.com,Alexandria,Egypt,2022-05-01
7068,Rhonda,Oliver,rhonda.oliver7068@example.com,Cairo,Kuwait,2021-09-03
7069,Tara,Miranda,tara.miranda7069@example.com,Dubai,UAE,2021-06-18
7070,Victoria,Martin,victoria.martin7070@example.com,Amman,France,2024-01-11
7071,Matthew,Boyd,matthew.boyd7071@example.com,Alexandria,Saudi Arabia,2022-09-25
7072,Hannah,Lee,hannah.lee7072@example.com,Riyadh,Jordan,2020-06-18
7073,Vickie,Todd,vickie.todd7073@example.com,Alexandria,United Kingdom,2021-01-18
7074,Michael,Peterson,michael.peterson7074@example.com,Jeddah,Qatar,2020-07-11
7075,Paul,Sherman,paul.sherman7075@example.com,Jeddah,Kuwait,2024-06-09
7076,Dale,Hunt,dale.hunt7076@example.com,Dubai,Egypt,2020-08-23
7077,Lisa,Lewis,lisa.lewis7077@example.com,Riyadh,United States,2022-08-03
7078,James,Walsh,james.walsh7078@example.com,Amman,France,2025-02-25
7079,Kiara,Adkins,kiara.adkins7079@example.com,Riyadh,Germany,2026-07-22
7080,Carl,Kaiser,carl.kaiser7080@example.com,Giza,United States,2026-01-09
7081,Jeremy,Sandoval,jeremy.sandoval7081@example.com,Dubai,UAE,2020-10-17
7082,Roberta,Snyder,roberta.snyder7082@example.com,Cairo,UAE,2021-01-02
7083,Kelli,Hughes,kelli.hughes7083@example.com,Jeddah,Saudi Arabia,2025-04-07
7084,Dawn,Gonzalez,dawn.gonzalez7084@example.com,Abu Dhabi,Germany,2020-06-16
7085,Bobby,Chavez,bobby.chavez7085@example.com,Alexandria,United States,2025-12-14
7086,Adam,Kelly,adam.kelly7086@example.com,Dubai,Saudi Arabia,2020-04-29
7087,Vanessa,Peck,vanessa.peck7087@example.com,Abu Dhabi,Jordan,2026-01-25
7088,Deborah,Perry,deborah.perry7088@example.com,Abu Dhabi,Saudi Arabia,2024-05-04
7089,Mary,Montes,mary.montes7089@example.com,Jeddah,UAE,2021-09-09
7090,Michelle,Miller,michelle.miller7090@example.com,London,Saudi Arabia,2022-04-11
7091,Megan,Wheeler,megan.wheeler7091@example.com,Giza,Germany,2025-06-17
7092,Anna,Wilson,anna.wilson7092@example.com,Cairo,United Kingdom,2020-08-16
7093,Derek,Snyder,derek.snyder7093@example.com,Riyadh,Germany,2026-04-01
7094,Wendy,Swanson,wendy.swanson7094@example.com,Riyadh,Germany,2024-05-29
7095,Matthew,Weber,matthew.weber7095@example.com,Amman,Egypt,2024-04-18
7096,Antonio,Conley,antonio.conley7096@example.com,Dubai,Germany,2021-09-18
7097,Logan,Collins,logan.collins7097@example.com,Giza,United States,2025-09-28
7098,Lynn,Carter,lynn.carter7098@example.com,Jeddah,Qatar,2024-01-21
7099,Michele,Brown,michele.brown7099@example.com,Cairo,Kuwait,2026-07-08
7100,Kevin,Maynard,kevin.maynard7100@example.com,Abu Dhabi,Kuwait,2023-05-15
7101,Derrick,Green,derrick.green7101@example.com,Cairo,France,2024-11-02
7102,Noah,Hernandez,noah.hernandez7102@example.com,Jeddah,Jordan,2023-06-08
7103,Matthew,Jenkins,matthew.jenkins7103@example.com,London,Jordan,2022-07-09
7104,Charles,Schmidt,charles.schmidt7104@example.com,London,Germany,2023-11-09
7105,Charles,Parker,charles.parker7105@example.com,Cairo,Kuwait,2024-03-23
7106,Kevin,Johnson,kevin.johnson7106@example.com,Alexandria,France,2022-02-16
7107,Tina,Murphy,tina.murphy7107@example.com,Alexandria,UAE,2024-04-27
7108,Jennifer,Kane,jennifer.kane7108@example.com,Alexandria,Germany,2021-04-26
7109,Sarah,Morrison,sarah.morrison7109@example.com,Giza,Kuwait,2021-08-24
7110,Melissa,Cox,melissa.cox7110@example.com,Abu Dhabi,Jordan,2024-08-10
7111,Cody,Baker,cody.baker7111@example.com,Alexandria,Qatar,2026-03-22
7112,Matthew,Beasley,matthew.beasley7112@example.com,Riyadh,Kuwait,2021-09-11
7113,Ian,Lewis,ian.lewis7113@example.com,Giza,United Kingdom,2025-10-03
7114,Lauren,Hall,lauren.hall7114@example.com,Cairo,United Kingdom,2025-07-12
7115,Joshua,Skinner,joshua.skinner7115@example.com,London,United States,2021-02-05
7116,Andrea,Weaver,andrea.weaver7116@example.com,London,Germany,2021-08-27
7117,Michele,Cain,michele.cain7117@example.com,Dubai,Kuwait,2020-12-12
7118,Ana,Ray,ana.ray7118@example.com,London,United States,2024-04-06
7119,Hannah,Phillips,hannah.phillips7119@example.com,Abu Dhabi,Jordan,2022-04-03
7120,Andrea,Evans,andrea.evans7120@example.com,Berlin,Qatar,2022-09-07
7121,Paula,Goodwin,paula.goodwin7121@example.com,Alexandria,Kuwait,2025-03-02
7122,Billy,Ellison,billy.ellison7122@example.com,Alexandria,Qatar,2020-08-23
7123,Robert,Barrett,robert.barrett7123@example.com,Riyadh,United Kingdom,2022-08-24
7124,Joseph,Williams,joseph.williams7124@example.com,Dubai,Jordan,2022-12-03
7125,Casey,Rush,casey.rush7125@example.com,Dubai,Egypt,2022-09-13
7126,Brianna,Rodriguez,brianna.rodriguez7126@example.com,Giza,Saudi Arabia,2024-02-07
7127,Thomas,Harrison,thomas.harrison7127@example.com,Berlin,France,2024-07-19
7128,Michael,Weaver,michael.weaver7128@example.com,Cairo,Qatar,2022-12-29
7129,Joseph,Garza,joseph.garza7129@example.com,Riyadh,France,2024-05-18
7130,Ann,Bauer,ann.bauer7130@example.com,London,Kuwait,2025-08-07
7131,Christopher,Jackson,christopher.jackson7131@example.com,Riyadh,France,2024-07-02
7132,Deborah,Carroll,deborah.carroll7132@example.com,London,Kuwait,2023-10-06
7133,Michelle,Mccoy,michelle.mccoy7133@example.com,Dubai,Qatar,2022-09-09
7134,Andre,Robinson,andre.robinson7134@example.com,Jeddah,Qatar,2026-04-30
7135,Jean,Jackson,jean.jackson7135@example.com,Amman,Kuwait,2024-05-28
7136,Susan,Shields,susan.shields7136@example.com,Jeddah,United States,2025-08-21
7137,William,Mayo,william.mayo7137@example.com,Jeddah,Saudi Arabia,2024-10-30
7138,Adam,Mills,adam.mills7138@example.com,Dubai,Kuwait,2021-06-02
7139,Joshua,Norton,joshua.norton7139@example.com,Giza,UAE,2023-11-06
7140,Kimberly,Lopez,kimberly.lopez7140@example.com,Abu Dhabi,Qatar,2020-03-31
7141,Amy,Brown,amy.brown7141@example.com,Berlin,Egypt,2026-06-03
7142,Jason,Estrada,jason.estrada7142@example.com,Riyadh,United States,2023-06-08
7143,James,Rose,james.rose7143@example.com,Berlin,Saudi Arabia,2023-10-31
7144,Max,Sullivan,max.sullivan7144@example.com,Alexandria,Germany,2026-09-06
7145,Brittany,Bartlett,brittany.bartlett7145@example.com,Alexandria,Qatar,2024-02-29
7146,Keith,Wright,keith.wright7146@example.com,London,Germany,2024-06-14
7147,Melissa,Martinez,melissa.martinez7147@example.com,Abu Dhabi,France,2022-01-14
7148,Robert,Wong,robert.wong7148@example.com,Giza,Jordan,2020-02-25
7149,Tyler,Levine,tyler.levine7149@example.com,Amman,Kuwait,2021-07-13
7150,Richard,Lee,richard.lee7150@example.com,Dubai,Qatar,2026-08-07
7151,Johnny,Anderson,johnny.anderson7151@example.com,Giza,Kuwait,2022-01-13
7152,Jack,Davidson,jack.davidson7152@example.com,Jeddah,Saudi Arabia,2023-03-17
7153,David,Lambert,david.lambert7153@example.com,Cairo,Kuwait,2026-02-08
7154,David,Williams,david.williams7154@example.com,London,Jordan,2022-10-12
7155,Whitney,Mcgee,whitney.mcgee7155@example.com,Alexandria,Germany,2021-04-21
7156,Jessica,Sutton,jessica.sutton7156@example.com,Abu Dhabi,Qatar,2023-06-19
7157,Dean,Robinson,dean.robinson7157@example.com,Dubai,Egypt,2025-01-28
7158,Susan,Andrews,susan.andrews7158@example.com,London,Germany,2022-06-20
7159,Denise,Love,denise.love7159@example.com,Amman,Jordan,2021-03-03
7160,Maria,Smith,maria.smith7160@example.com,Cairo,Egypt,2025-12-27
7161,Daniel,Clark,daniel.clark7161@example.com,Giza,France,2025-12-14
7162,Drew,Ramsey,drew.ramsey7162@example.com,Riyadh,UAE,2021-08-04
7163,Kristen,Melton,kristen.melton7163@example.com,Giza,Saudi Arabia,2024-02-17
7164,Mark,Jenkins,mark.jenkins7164@example.com,Berlin,France,2021-01-13
7165,Donna,Becker,donna.becker7165@example.com,Berlin,Kuwait,2023-07-27
7166,Scott,Harris,scott.harris7166@example.com,Alexandria,Jordan,2024-01-25
7167,Cynthia,Clark,cynthia.clark7167@example.com,Abu Dhabi,UAE,2024-11-08
7168,Michael,Berg,michael.berg7168@example.com,Berlin,France,2022-11-29
7169,Michele,Bates,michele.bates7169@example.com,Abu Dhabi,France,2020-07-18
7170,Tracy,Avery,tracy.avery7170@example.com,Giza,France,2022-03-05
7171,Samuel,King,samuel.king7171@example.com,Alexandria,Egypt,2025-12-06
7172,Ryan,Moore,ryan.moore7172@example.com,Jeddah,Qatar,2021-08-27
7173,Kimberly,Bass,kimberly.bass7173@example.com,Dubai,France,2025-03-10
7174,Kaitlin,Warren,kaitlin.warren7174@example.com,Amman,UAE,2026-06-22
7175,James,Rodriguez,james.rodriguez7175@example.com,Jeddah,Germany,2023-08-19
7176,Justin,Campbell,justin.campbell7176@example.com,Jeddah,Jordan,2022-03-09
7177,Gregory,Hammond,gregory.hammond7177@example.com,Amman,Egypt,2021-04-01
7178,Thomas,Farmer,thomas.farmer7178@example.com,Abu Dhabi,Egypt,2020-07-10
7179,Cameron,Gibson,cameron.gibson7179@example.com,Riyadh,UAE,2024-12-04
7180,Kevin,Walker,kevin.walker7180@example.com,Berlin,Saudi Arabia,2020-04-10
7181,James,Shields,james.shields7181@example.com,Riyadh,Qatar,2025-10-27
7182,Mary,Stuart,mary.stuart7182@example.com,Cairo,Egypt,2020-04-13
7183,Joseph,Castillo,joseph.castillo7183@example.com,Alexandria,France,2021-12-30
7184,Samuel,Anderson,samuel.anderson7184@example.com,Alexandria,Saudi Arabia,2023-06-20
7185,Kimberly,Brewer,kimberly.brewer7185@example.com,Alexandria,Qatar,2025-03-11
7186,Patrick,Downs,patrick.downs7186@example.com,Dubai,Saudi Arabia,2024-10-08
7187,Andrea,May,andrea.may7187@example.com,Cairo,United States,2023-05-18
7188,Duane,Adams,duane.adams7188@example.com,Dubai,United States,2021-05-20
7189,Nathan,Scott,nathan.scott7189@example.com,Dubai,Germany,2025-12-07
7190,Corey,Atkins,corey.atkins7190@example.com,Giza,France,2021-11-04
7191,Zachary,Collins,zachary.collins7191@example.com,Cairo,Jordan,2021-05-13
7192,Richard,Brown,richard.brown7192@example.com,Dubai,Germany,2023-11-17
7193,Susan,Rodriguez,susan.rodriguez7193@example.com,Riyadh,UAE,2025-10-23
7194,Rachel,King,rachel.king7194@example.com,Jeddah,UAE,2020-04-19
7195,John,Rosario,john.rosario7195@example.com,London,UAE,2026-06-15
7196,Sarah,Foley,sarah.foley7196@example.com,Amman,Jordan,2023-11-09
7197,Autumn,Middleton,autumn.middleton7197@example.com,Alexandria,Qatar,2023-12-13
7198,Sandra,Burton,sandra.burton7198@example.com,Dubai,Jordan,2021-08-30
7199,Tiffany,Smith,tiffany.smith7199@example.com,Alexandria,UAE,2024-12-18
7200,Susan,Murphy,susan.murphy7200@example.com,Dubai,United States,2022-02-17
7201,Hannah,Spencer,hannah.spencer7201@example.com,Berlin,United States,2021-12-14
7202,Ashley,Smith,ashley.smith7202@example.com,Cairo,Kuwait,2024-01-29
7203,James,Rodriguez,james.rodriguez7203@example.com,Amman,Jordan,2023-12-21
7204,Kirk,Duran,kirk.duran7204@example.com,Dubai,UAE,2022-07-17
7205,John,Ballard,john.ballard7205@example.com,Jeddah,Germany,2020-12-22
7206,Brenda,Fuller,brenda.fuller7206@example.com,Berlin,Qatar,2020-05-22
7207,Elizabeth,Yu,elizabeth.yu7207@example.com,Amman,Germany,2021-01-10
7208,Annette,Kelly,annette.kelly7208@example.com,Cairo,United Kingdom,2025-02-23
7209,Noah,Weber,noah.weber7209@example.com,Cairo,United Kingdom,2022-02-06
7210,Pamela,Nguyen,pamela.nguyen7210@example.com,Jeddah,United States,2025-08-01
7211,Michaela,Kelly,michaela.kelly7211@example.com,Giza,United Kingdom,2021-10-10
7212,Katherine,Patel,katherine.patel7212@example.com,Dubai,Germany,2020-06-07
7213,Trevor,Jordan,trevor.jordan7213@example.com,Giza,Egypt,2025-07-05
7214,Anna,Norris,anna.norris7214@example.com,Giza,UAE,2024-06-11
7215,Dakota,Huang,dakota.huang7215@example.com,Giza,Qatar,2026-03-17
7216,Jesse,Delacruz,jesse.delacruz7216@example.com,Dubai,United Kingdom,2026-04-13
7217,Jamie,Gutierrez,jamie.gutierrez7217@example.com,Alexandria,Saudi Arabia,2025-07-12
7218,Wendy,Jones,wendy.jones7218@example.com,Jeddah,Kuwait,2025-12-27
7219,Erin,Daugherty,erin.daugherty7219@example.com,Abu Dhabi,Germany,2025-05-13
7220,Scott,Taylor,scott.taylor7220@example.com,Dubai,Qatar,2024-12-17
7221,Joann,Robinson,joann.robinson7221@example.com,Abu Dhabi,UAE,2021-08-17
7222,Collin,Scott,collin.scott7222@example.com,Dubai,Jordan,2021-09-17
7223,Samantha,Ortiz,samantha.ortiz7223@example.com,Alexandria,UAE,2025-09-13
7224,Vickie,Day,vickie.day7224@example.com,Cairo,Saudi Arabia,2023-04-11
7225,Pamela,Orozco,pamela.orozco7225@example.com,Abu Dhabi,UAE,2023-11-18
7226,Clayton,Mclean,clayton.mclean7226@example.com,Berlin,United States,2021-09-23
7227,Cheryl,Davis,cheryl.davis7227@example.com,Alexandria,UAE,2023-12-19
7228,John,George,john.george7228@example.com,Jeddah,Egypt,2024-03-24
7229,Julie,Mays,julie.mays7229@example.com,Alexandria,United States,2023-10-14
7230,John,Alvarez,john.alvarez7230@example.com,Dubai,Qatar,2020-07-20
7231,Joshua,Jackson,joshua.jackson7231@example.com,Jeddah,Jordan,2025-05-15
7232,Katherine,Chandler,katherine.chandler7232@example.com,Dubai,Saudi Arabia,2021-04-14
7233,Sara,Burns,sara.burns7233@example.com,Berlin,Egypt,2023-01-17
7234,Victoria,Flynn,victoria.flynn7234@example.com,Jeddah,France,2023-02-03
7235,Paige,Garcia,paige.garcia7235@example.com,Giza,Jordan,2020-01-26
7236,William,Perez,william.perez7236@example.com,Amman,Qatar,2022-07-27
7237,Barbara,Smith,barbara.smith7237@example.com,Berlin,Kuwait,2021-05-14
7238,Heather,Michael,heather.michael7238@example.com,Berlin,Qatar,2021-08-31
7239,Karen,Hawkins,karen.hawkins7239@example.com,Cairo,Saudi Arabia,2022-06-19
7240,Frank,Rodgers,frank.rodgers7240@example.com,Jeddah,UAE,2024-07-01
7241,Tina,Armstrong,tina.armstrong7241@example.com,Cairo,United Kingdom,2023-03-20
7242,Elizabeth,Lee,elizabeth.lee7242@example.com,Jeddah,Jordan,2026-05-27
7243,Lynn,Young,lynn.young7243@example.com,Amman,Qatar,2024-04-30
7244,Brandon,White,brandon.white7244@example.com,Giza,Qatar,2023-02-07
7245,Margaret,Gonzalez,margaret.gonzalez7245@example.com,Amman,Egypt,2024-01-20
7246,Kenneth,Brown,kenneth.brown7246@example.com,Riyadh,Kuwait,2026-05-18
7247,Shannon,Montgomery,shannon.montgomery7247@example.com,Giza,UAE,2020-10-02
7248,Anthony,Swanson,anthony.swanson7248@example.com,Riyadh,Saudi Arabia,2024-10-19
7249,Jennifer,Richardson,jennifer.richardson7249@example.com,Abu Dhabi,Saudi Arabia,2020-11-13
7250,Katherine,Juarez,katherine.juarez7250@example.com,London,Qatar,2023-09-13
7251,Mary,Reynolds,mary.reynolds7251@example.com,Jeddah,Kuwait,2020-03-10
7252,Hailey,Bass,hailey.bass7252@example.com,London,Saudi Arabia,2026-06-18
7253,Erik,Gray,erik.gray7253@example.com,Jeddah,United States,2022-05-16
7254,George,Johnson,george.johnson7254@example.com,London,Qatar,2025-01-20
7255,Gregory,Cameron,gregory.cameron7255@example.com,Berlin,France,2024-01-05
7256,Robert,Miller,robert.miller7256@example.com,Alexandria,Egypt,2025-05-08
7257,Eric,Jones,eric.jones7257@example.com,Cairo,UAE,2020-03-15
7258,Robert,Hamilton,robert.hamilton7258@example.com,Abu Dhabi,UAE,2024-11-15
7259,Holly,Martin,holly.martin7259@example.com,Alexandria,Egypt,2020-10-18
7260,Jennifer,Reeves,jennifer.reeves7260@example.com,London,France,2021-01-28
7261,Nicole,Schmidt,nicole.schmidt7261@example.com,Alexandria,Saudi Arabia,2021-09-05
7262,Rachel,Vargas,rachel.vargas7262@example.com,Abu Dhabi,Saudi Arabia,2022-04-06
7263,Suzanne,Richards,suzanne.richards7263@example.com,London,Jordan,2024-10-27
7264,Mark,Chavez,mark.chavez7264@example.com,London,Germany,2025-03-10
7265,Maria,Wheeler,maria.wheeler7265@example.com,Berlin,United States,2025-02-02
7266,Donna,Lewis,donna.lewis7266@example.com,Jeddah,Egypt,2026-05-08
7267,Shane,Jackson,shane.jackson7267@example.com,Berlin,France,2022-06-02
7268,Mary,Wallace,mary.wallace7268@example.com,Giza,UAE,2024-10-12
7269,Leslie,Obrien,leslie.obrien7269@example.com,Amman,France,2022-08-05
7270,Sara,Yates,sara.yates7270@example.com,Giza,United States,2022-01-29
7271,Mary,Gonzalez,mary.gonzalez7271@example.com,Alexandria,France,2024-05-13
7272,Kenneth,Barton,kenneth.barton7272@example.com,Cairo,France,2023-10-21
7273,Steven,Davis,steven.davis7273@example.com,London,United Kingdom,2025-12-30
7274,Bonnie,Hogan,bonnie.hogan7274@example.com,London,France,2026-02-09
7275,David,Brown,david.brown7275@example.com,Jeddah,Qatar,2022-08-29
7276,Jillian,Ferguson,jillian.ferguson7276@example.com,Dubai,United States,2023-06-18
7277,Mercedes,Castro,mercedes.castro7277@example.com,Dubai,Saudi Arabia,2021-01-10
7278,Ralph,Banks,ralph.banks7278@example.com,Jeddah,Qatar,2023-06-18
7279,Jennifer,Velasquez,jennifer.velasquez7279@example.com,Dubai,Egypt,2025-09-30
7280,Brian,White,brian.white7280@example.com,London,Qatar,2022-01-14
7281,Nancy,Lindsey,nancy.lindsey7281@example.com,Dubai,Saudi Arabia,2021-08-15
7282,John,Williams,john.williams7282@example.com,Cairo,UAE,2021-05-10
7283,Michele,Stephens,michele.stephens7283@example.com,London,Saudi Arabia,2023-12-12
7284,Charles,Ryan,charles.ryan7284@example.com,Cairo,Qatar,2025-06-14
7285,Christopher,Warren,christopher.warren7285@example.com,Jeddah,Kuwait,2023-03-04
7286,Clayton,Green,clayton.green7286@example.com,London,France,2023-03-09
7287,Ana,Clayton,ana.clayton7287@example.com,Amman,Egypt,2020-07-23
7288,Bradley,Henry,bradley.henry7288@example.com,Cairo,UAE,2024-09-19
7289,Mary,Taylor,mary.taylor7289@example.com,Berlin,France,2024-06-08
7290,Kristy,Hale,kristy.hale7290@example.com,Abu Dhabi,Kuwait,2026-02-09
7291,Christopher,Hernandez,christopher.hernandez7291@example.com,Jeddah,France,2024-06-30
7292,Scott,Henderson,scott.henderson7292@example.com,Abu Dhabi,United States,2025-01-08
7293,Cynthia,Miller,cynthia.miller7293@example.com,London,France,2023-06-21
7294,Kathleen,Murray,kathleen.murray7294@example.com,Giza,Germany,2022-04-04
7295,Erin,Haney,erin.haney7295@example.com,Jeddah,Qatar,2024-10-13
7296,Matthew,Johnson,matthew.johnson7296@example.com,Cairo,Kuwait,2023-09-16
7297,Alexander,Johnson,alexander.johnson7297@example.com,Cairo,Egypt,2024-07-23
7298,Elizabeth,Johnson,elizabeth.johnson7298@example.com,Dubai,Qatar,2023-07-13
7299,Lisa,Johnson,lisa.johnson7299@example.com,Dubai,France,2022-03-26
7300,Marcus,Todd,marcus.todd7300@example.com,Cairo,United States,2024-04-30
7301,Lindsey,Willis,lindsey.willis7301@example.com,Abu Dhabi,United States,2024-10-13
7302,Christopher,Lee,christopher.lee7302@example.com,London,UAE,2025-03-17
7303,Stephanie,Garcia,stephanie.garcia7303@example.com,Amman,Saudi Arabia,2021-03-26
7304,Kristen,Ryan,kristen.ryan7304@example.com,London,Qatar,2021-07-16
7305,Nathan,Cobb,nathan.cobb7305@example.com,London,Germany,2022-07-01
7306,Kaitlyn,Jacobs,kaitlyn.jacobs7306@example.com,Riyadh,Jordan,2020-07-21
7307,Jennifer,Mcneil,jennifer.mcneil7307@example.com,Riyadh,United States,2025-03-23
7308,Lawrence,Chambers,lawrence.chambers7308@example.com,Cairo,UAE,2024-02-16
7309,Laura,Gordon,laura.gordon7309@example.com,Riyadh,Saudi Arabia,2021-10-23
7310,Kelly,Carter,kelly.carter7310@example.com,Berlin,UAE,2025-03-10
7311,Erik,Gardner,erik.gardner7311@example.com,Jeddah,Jordan,2024-10-13
7312,Dylan,Barnett,dylan.barnett7312@example.com,Abu Dhabi,Jordan,2020-11-16
7313,Amber,Mitchell,amber.mitchell7313@example.com,Riyadh,United States,2023-04-02
7314,Alexa,Tate,alexa.tate7314@example.com,Berlin,United States,2026-04-11
7315,Edward,Holloway,edward.holloway7315@example.com,London,Qatar,2024-05-30
7316,Keith,Howell,keith.howell7316@example.com,Riyadh,Kuwait,2024-08-22
7317,Brad,Gray,brad.gray7317@example.com,Jeddah,Jordan,2023-05-07
7318,Billy,Hamilton,billy.hamilton7318@example.com,Riyadh,Kuwait,2023-04-11
7319,Anthony,Greene,anthony.greene7319@example.com,Dubai,Kuwait,2022-11-20
7320,Aaron,Green,aaron.green7320@example.com,Giza,Kuwait,2021-05-11
7321,John,Reed,john.reed7321@example.com,Jeddah,United States,2026-08-09
7322,Matthew,Ward,matthew.ward7322@example.com,Dubai,United States,2022-09-20
7323,Zachary,Moreno,zachary.moreno7323@example.com,Abu Dhabi,Kuwait,2026-06-26
7324,Richard,Hart,richard.hart7324@example.com,Amman,Kuwait,2022-07-16
7325,Joe,Hernandez,joe.hernandez7325@example.com,London,Kuwait,2024-08-06
7326,Joseph,Perez,joseph.perez7326@example.com,Abu Dhabi,Egypt,2025-11-23
7327,Marc,Stanley,marc.stanley7327@example.com,Berlin,UAE,2021-08-21
7328,Michael,Underwood,michael.underwood7328@example.com,Dubai,Egypt,2026-08-27
7329,Kristen,Bennett,kristen.bennett7329@example.com,Riyadh,United Kingdom,2024-09-16
7330,Bobby,Klein,bobby.klein7330@example.com,Alexandria,United States,2025-05-07
7331,Colleen,Brown,colleen.brown7331@example.com,Dubai,United States,2025-12-23
7332,Jared,Ortiz,jared.ortiz7332@example.com,Berlin,United States,2023-01-09
7333,Melissa,Grant,melissa.grant7333@example.com,Giza,Jordan,2021-10-07
7334,Christine,Buchanan,christine.buchanan7334@example.com,Giza,Egypt,2026-05-27
7335,Andre,Weber,andre.weber7335@example.com,Amman,UAE,2020-09-07
7336,Daisy,Mays,daisy.mays7336@example.com,Alexandria,Saudi Arabia,2025-05-14
7337,Sandy,Lopez,sandy.lopez7337@example.com,Cairo,France,2023-08-31
7338,Caleb,Adams,caleb.adams7338@example.com,Abu Dhabi,United Kingdom,2023-11-25
7339,Brandon,Martinez,brandon.martinez7339@example.com,Dubai,Kuwait,2024-08-17
7340,Peter,Davenport,peter.davenport7340@example.com,Riyadh,Qatar,2025-04-19
7341,David,Peters,david.peters7341@example.com,London,UAE,2021-05-29
7342,Allison,Smith,allison.smith7342@example.com,Cairo,Jordan,2020-02-11
7343,Connie,Green,connie.green7343@example.com,Cairo,Kuwait,2023-02-13
7344,Melody,Thompson,melody.thompson7344@example.com,London,Germany,2023-05-31
7345,Stacy,Jimenez,stacy.jimenez7345@example.com,Jeddah,Saudi Arabia,2021-08-30
7346,Sarah,Black,sarah.black7346@example.com,London,Jordan,2026-05-09
7347,Nicholas,Gallagher,nicholas.gallagher7347@example.com,Cairo,Egypt,2021-08-02
7348,Allison,Brown,allison.brown7348@example.com,Riyadh,Saudi Arabia,2021-07-12
7349,Joseph,Moore,joseph.moore7349@example.com,Giza,Jordan,2025-03-05
7350,Cameron,Horton,cameron.horton7350@example.com,Riyadh,Germany,2023-12-30
7351,Christine,Phillips,christine.phillips7351@example.com,Berlin,United States,2024-05-23
7352,George,Duncan,george.duncan7352@example.com,Dubai,Qatar,2026-07-13
7353,Elizabeth,Cross,elizabeth.cross7353@example.com,Riyadh,France,2020-01-10
7354,Rickey,Moore,rickey.moore7354@example.com,Berlin,Germany,2020-11-19
7355,John,Barnes,john.barnes7355@example.com,London,United States,2022-06-13
7356,Jennifer,Richardson,jennifer.richardson7356@example.com,Giza,Kuwait,2024-01-16
7357,Jessica,Rice,jessica.rice7357@example.com,Berlin,Kuwait,2022-02-13
7358,Jason,Collins,jason.collins7358@example.com,Abu Dhabi,Qatar,2024-06-12
7359,Kimberly,Miller,kimberly.miller7359@example.com,Jeddah,Jordan,2020-12-12
7360,Morgan,Short,morgan.short7360@example.com,Giza,Jordan,2026-01-29
7361,Kelly,Hendrix,kelly.hendrix7361@example.com,Berlin,Qatar,2020-07-15
7362,Peter,Gomez,peter.gomez7362@example.com,Dubai,Kuwait,2022-01-21
7363,Karen,Todd,karen.todd7363@example.com,Dubai,Germany,2021-10-07
7364,Michelle,Williams,michelle.williams7364@example.com,Alexandria,Egypt,2022-10-15
7365,Richard,Perez,richard.perez7365@example.com,Dubai,Kuwait,2025-02-16
7366,Emma,Morgan,emma.morgan7366@example.com,Abu Dhabi,UAE,2022-12-21
7367,Felicia,Carter,felicia.carter7367@example.com,Jeddah,Jordan,2021-03-17
7368,Susan,Pruitt,susan.pruitt7368@example.com,Cairo,Kuwait,2022-08-08
7369,Andrew,Miller,andrew.miller7369@example.com,Amman,United States,2024-08-29
7370,Nicholas,Jenkins,nicholas.jenkins7370@example.com,Berlin,Germany,2026-01-21
7371,Joshua,Roberts,joshua.roberts7371@example.com,Cairo,Egypt,2026-03-11
7372,Barbara,Briggs,barbara.briggs7372@example.com,Riyadh,UAE,2026-05-19
7373,William,Hull,william.hull7373@example.com,Abu Dhabi,Germany,2026-07-14
7374,Kelsey,Cross,kelsey.cross7374@example.com,Cairo,UAE,2021-01-02
7375,Micheal,Hawkins,micheal.hawkins7375@example.com,Amman,France,2023-03-17
7376,Vincent,White,vincent.white7376@example.com,Giza,France,2022-12-15
7377,Toni,Rivera,toni.rivera7377@example.com,Dubai,Egypt,2023-05-22
7378,Teresa,Owens,teresa.owens7378@example.com,Dubai,Qatar,2020-08-27
7379,Marie,Brown,marie.brown7379@example.com,Alexandria,Jordan,2026-01-06
7380,Haley,Johnson,haley.johnson7380@example.com,Riyadh,Egypt,2021-10-31
7381,Gloria,Brown,gloria.brown7381@example.com,Alexandria,United Kingdom,2023-02-22
7382,Melissa,Allen,melissa.allen7382@example.com,Jeddah,Germany,2023-10-17
7383,Sabrina,Clark,sabrina.clark7383@example.com,Alexandria,France,2023-10-11
7384,Kathy,Kelly,kathy.kelly7384@example.com,Alexandria,Jordan,2022-04-03
7385,Maria,Scott,maria.scott7385@example.com,Alexandria,United Kingdom,2021-09-19
7386,Leslie,Fletcher,leslie.fletcher7386@example.com,London,Jordan,2020-02-08
7387,Ralph,Walker,ralph.walker7387@example.com,Alexandria,Egypt,2021-07-04
7388,Donald,Garcia,donald.garcia7388@example.com,Riyadh,Germany,2026-06-07
7389,Cody,Greene,cody.greene7389@example.com,Giza,Jordan,2022-04-17
7390,Alicia,Griffith,alicia.griffith7390@example.com,Cairo,Jordan,2020-03-30
7391,Kristin,Stephens,kristin.stephens7391@example.com,Dubai,Jordan,2022-11-04
7392,Catherine,Gonzalez,catherine.gonzalez7392@example.com,Jeddah,France,2024-12-11
7393,Brittney,Mccoy,brittney.mccoy7393@example.com,Giza,Saudi Arabia,2024-10-18
7394,James,Robinson,james.robinson7394@example.com,Amman,Qatar,2020-02-13
7395,Richard,Morris,richard.morris7395@example.com,Amman,Germany,2021-08-04
7396,Jeremiah,Khan,jeremiah.khan7396@example.com,Amman,United States,2023-11-23
7397,Melissa,Cummings,melissa.cummings7397@example.com,Riyadh,Jordan,2020-08-20
7398,Stephanie,Hull,stephanie.hull7398@example.com,Alexandria,Kuwait,2024-02-25
7399,Cheryl,Wagner,cheryl.wagner7399@example.com,Dubai,Egypt,2020-11-16
7400,Katherine,Murphy,katherine.murphy7400@example.com,Alexandria,Jordan,2026-07-10
7401,Pedro,Murray,pedro.murray7401@example.com,Berlin,Kuwait,2025-06-20
7402,Vincent,Russell,vincent.russell7402@example.com,Alexandria,Jordan,2020-04-28
7403,Angela,Shields,angela.shields7403@example.com,Dubai,Kuwait,2021-06-23
7404,Patricia,Smith,patricia.smith7404@example.com,Cairo,UAE,2026-01-21
7405,Jack,Hoover,jack.hoover7405@example.com,Abu Dhabi,France,2020-10-05
7406,Wendy,Johnson,wendy.johnson7406@example.com,London,Egypt,2021-01-07
7407,Daniel,Osborne,daniel.osborne7407@example.com,Amman,UAE,2021-10-31
7408,Daniel,Anderson,daniel.anderson7408@example.com,Alexandria,Kuwait,2020-08-01
7409,Carla,Glass,carla.glass7409@example.com,Riyadh,Egypt,2024-12-04
7410,John,Bennett,john.bennett7410@example.com,Jeddah,Kuwait,2026-02-16
7411,Thomas,Warner,thomas.warner7411@example.com,Amman,Saudi Arabia,2025-05-04
7412,Joseph,Campbell,joseph.campbell7412@example.com,Amman,Qatar,2022-12-02
7413,Tiffany,Wilson,tiffany.wilson7413@example.com,Jeddah,Saudi Arabia,2022-01-19
7414,Jenny,Perry,jenny.perry7414@example.com,Abu Dhabi,Egypt,2024-05-01
7415,Aaron,Oliver,aaron.oliver7415@example.com,Riyadh,United Kingdom,2022-07-20
7416,Jason,Richardson,jason.richardson7416@example.com,Berlin,France,2021-09-23
7417,Laura,Anderson,laura.anderson7417@example.com,Amman,UAE,2023-10-22
7418,Brian,Collins,brian.collins7418@example.com,Berlin,Saudi Arabia,2022-01-06
7419,Chad,Martinez,chad.martinez7419@example.com,Alexandria,Qatar,2020-06-13
7420,Alicia,Ingram,alicia.ingram7420@example.com,London,Qatar,2024-04-27
7421,Justin,Ryan,justin.ryan7421@example.com,Jeddah,United Kingdom,2023-02-28
7422,Jeremiah,Sanders,jeremiah.sanders7422@example.com,Abu Dhabi,United Kingdom,2021-08-26
7423,Thomas,Massey,thomas.massey7423@example.com,Dubai,France,2022-10-17
7424,Brenda,Avila,brenda.avila7424@example.com,Dubai,France,2026-06-06
7425,Richard,Jackson,richard.jackson7425@example.com,Giza,UAE,2021-02-12
7426,Jennifer,David,jennifer.david7426@example.com,Alexandria,Saudi Arabia,2020-12-18
7427,Catherine,Wagner,catherine.wagner7427@example.com,Cairo,Saudi Arabia,2025-12-14
7428,Charles,Hayes,charles.hayes7428@example.com,Amman,United Kingdom,2020-06-20
7429,Matthew,Barnes,matthew.barnes7429@example.com,Dubai,Qatar,2026-03-14
7430,Christopher,Peck,christopher.peck7430@example.com,Jeddah,United States,2020-07-23
7431,Heather,Mathews,heather.mathews7431@example.com,Giza,France,2020-07-21
7432,Kelly,Stone,kelly.stone7432@example.com,Amman,Kuwait,2020-05-27
7433,Richard,Burgess,richard.burgess7433@example.com,Dubai,United States,2021-09-10
7434,Maria,Mccoy,maria.mccoy7434@example.com,Riyadh,Saudi Arabia,2026-08-04
7435,Kimberly,Rogers,kimberly.rogers7435@example.com,London,United States,2022-10-28
7436,Travis,Foster,travis.foster7436@example.com,Riyadh,UAE,2023-07-27
7437,Ryan,Gibbs,ryan.gibbs7437@example.com,Giza,France,2021-02-21
7438,Brandon,Steele,brandon.steele7438@example.com,Alexandria,UAE,2021-08-05
7439,Darren,Anderson,darren.anderson7439@example.com,Amman,Germany,2022-11-08
7440,Kimberly,Smith,kimberly.smith7440@example.com,Dubai,Jordan,2026-04-02
7441,Bobby,Lee,bobby.lee7441@example.com,Amman,UAE,2021-10-31
7442,Veronica,Meyer,veronica.meyer7442@example.com,Cairo,Qatar,2023-03-30
7443,James,Myers,james.myers7443@example.com,Alexandria,UAE,2021-04-07
7444,Nicole,Davis,nicole.davis7444@example.com,Jeddah,UAE,2024-03-23
7445,Monica,Johnson,monica.johnson7445@example.com,Riyadh,Kuwait,2026-08-18
7446,Eric,Bryant,eric.bryant7446@example.com,Jeddah,Jordan,2022-03-10
7447,Luke,Mcgee,luke.mcgee7447@example.com,Cairo,United Kingdom,2022-03-11
7448,Cory,Thompson,cory.thompson7448@example.com,Dubai,Kuwait,2023-04-20
7449,Jeffery,Merritt,jeffery.merritt7449@example.com,Abu Dhabi,France,2020-03-16
7450,Michael,Roth,michael.roth7450@example.com,Abu Dhabi,United Kingdom,2025-10-25
7451,William,White,william.white7451@example.com,Amman,United Kingdom,2026-07-04
7452,Ashley,Washington,ashley.washington7452@example.com,Riyadh,Egypt,2023-01-14
7453,Melanie,Coleman,melanie.coleman7453@example.com,Amman,Egypt,2021-11-11
7454,Anna,Barrera,anna.barrera7454@example.com,Cairo,Qatar,2024-03-26
7455,Christine,Riggs,christine.riggs7455@example.com,Berlin,Qatar,2020-10-19
7456,Marie,Roberts,marie.roberts7456@example.com,London,Qatar,2022-02-15
7457,Sylvia,Wilson,sylvia.wilson7457@example.com,Amman,France,2022-11-20
7458,Kevin,Spencer,kevin.spencer7458@example.com,London,UAE,2024-06-15
7459,Laura,Galloway,laura.galloway7459@example.com,Jeddah,Jordan,2021-10-17
7460,Kimberly,Cooper,kimberly.cooper7460@example.com,London,Qatar,2024-08-23
7461,John,Roy,john.roy7461@example.com,Dubai,Kuwait,2022-01-27
7462,Roberta,Doyle,roberta.doyle7462@example.com,Amman,France,2025-04-26
7463,Allison,Russell,allison.russell7463@example.com,Riyadh,UAE,2021-10-17
7464,Jason,Brewer,jason.brewer7464@example.com,Riyadh,United States,2021-09-21
7465,Christina,Martinez,christina.martinez7465@example.com,Cairo,Germany,2020-11-25
7466,Curtis,Wood,curtis.wood7466@example.com,Jeddah,Qatar,2026-02-01
7467,Hayley,Smith,hayley.smith7467@example.com,Giza,UAE,2021-07-02
7468,Lynn,Romero,lynn.romero7468@example.com,Cairo,Qatar,2026-06-03
7469,Victoria,Carpenter,victoria.carpenter7469@example.com,Alexandria,UAE,2026-08-23
7470,Calvin,Roberts,calvin.roberts7470@example.com,Abu Dhabi,Saudi Arabia,2020-10-19
7471,Audrey,Donovan,audrey.donovan7471@example.com,Riyadh,Germany,2022-06-13
7472,Jennifer,Chavez,jennifer.chavez7472@example.com,Cairo,UAE,2026-08-19
7473,Jonathan,Aguirre,jonathan.aguirre7473@example.com,Riyadh,Qatar,2026-07-10
7474,Richard,Harper,richard.harper7474@example.com,Jeddah,Jordan,2024-11-20
7475,Ashley,Bender,ashley.bender7475@example.com,Dubai,France,2021-09-23
7476,Robert,Weber,robert.weber7476@example.com,Jeddah,UAE,2023-04-30
7477,Lindsey,Kane,lindsey.kane7477@example.com,Alexandria,Egypt,2024-11-02
7478,Diane,Greer,diane.greer7478@example.com,Jeddah,Saudi Arabia,2023-10-05
7479,Darlene,Malone,darlene.malone7479@example.com,Abu Dhabi,United States,2025-10-07
7480,Julie,Lowe,julie.lowe7480@example.com,Cairo,United Kingdom,2023-10-23
7481,Kathleen,Dickerson,kathleen.dickerson7481@example.com,Giza,Jordan,2022-04-18
7482,Christopher,Boyd,christopher.boyd7482@example.com,Giza,Jordan,2026-01-13
7483,Dustin,Bowers,dustin.bowers7483@example.com,Cairo,Egypt,2023-01-21
7484,Beth,Walsh,beth.walsh7484@example.com,London,United Kingdom,2022-07-08
7485,Ashley,Thomas,ashley.thomas7485@example.com,Alexandria,Saudi Arabia,2020-12-08
7486,Annette,Phillips,annette.phillips7486@example.com,Alexandria,UAE,2021-01-21
7487,Kelsey,Clay,kelsey.clay7487@example.com,Alexandria,Saudi Arabia,2024-03-04
7488,Ashley,Sparks,ashley.sparks7488@example.com,Abu Dhabi,United Kingdom,2021-04-06
7489,Melissa,Ashley,melissa.ashley7489@example.com,Riyadh,United Kingdom,2021-09-21
7490,Pamela,Rodriguez,pamela.rodriguez7490@example.com,Jeddah,United Kingdom,2024-09-04
7491,Mary,Roman,mary.roman7491@example.com,Berlin,France,2024-07-02
7492,Jeffrey,Deleon,jeffrey.deleon7492@example.com,Abu Dhabi,Egypt,2021-03-01
7493,Kimberly,Jordan,kimberly.jordan7493@example.com,London,Saudi Arabia,2025-12-14
7494,Anne,Yu,anne.yu7494@example.com,Riyadh,Kuwait,2026-03-28
7495,Brian,Dean,brian.dean7495@example.com,Berlin,Egypt,2024-05-14
7496,Andrew,Grant,andrew.grant7496@example.com,Abu Dhabi,Kuwait,2021-07-01
7497,Eric,Bowman,eric.bowman7497@example.com,Cairo,Egypt,2024-05-09
7498,Stephen,Butler,stephen.butler7498@example.com,Alexandria,United States,2025-08-20
7499,Patricia,May,patricia.may7499@example.com,Amman,France,2025-11-18
7500,Gordon,Lewis,gordon.lewis7500@example.com,Amman,Jordan,2023-07-08
7501,Anna,Vang,anna.vang7501@example.com,Berlin,Qatar,2024-05-07
7502,Jeremy,Lawson,jeremy.lawson7502@example.com,Jeddah,Kuwait,2024-06-23
7503,Mark,Bates,mark.bates7503@example.com,Abu Dhabi,Saudi Arabia,2026-09-06
7504,Rebecca,Santos,rebecca.santos7504@example.com,Jeddah,UAE,2022-06-10
7505,Rachel,Meyer,rachel.meyer7505@example.com,Abu Dhabi,UAE,2021-04-02
7506,Diane,Hoffman,diane.hoffman7506@example.com,London,UAE,2024-11-21
7507,Andre,Cardenas,andre.cardenas7507@example.com,Alexandria,UAE,2020-11-03
7508,Justin,Smith,justin.smith7508@example.com,Dubai,UAE,2020-03-11
7509,Melvin,Russell,melvin.russell7509@example.com,Abu Dhabi,Saudi Arabia,2020-07-05
7510,Elizabeth,Jarvis,elizabeth.jarvis7510@example.com,Abu Dhabi,UAE,2022-11-02
7511,Rachel,Knight,rachel.knight7511@example.com,Berlin,Jordan,2021-04-06
7512,Ryan,Johnson,ryan.johnson7512@example.com,Abu Dhabi,France,2025-09-24
7513,Linda,Bowers,linda.bowers7513@example.com,London,Saudi Arabia,2021-01-03
7514,Richard,Hines,richard.hines7514@example.com,Amman,United States,2025-01-02
7515,Amy,Thomas,amy.thomas7515@example.com,Alexandria,Germany,2026-08-05
7516,Donna,Davis,donna.davis7516@example.com,London,United States,2023-02-11
7517,Andrea,Berry,andrea.berry7517@example.com,London,United Kingdom,2021-01-30
7518,Melvin,Mccoy,melvin.mccoy7518@example.com,Alexandria,United Kingdom,2022-03-26
7519,Sandra,Robinson,sandra.robinson7519@example.com,Giza,United Kingdom,2020-03-22
7520,Anna,Stokes,anna.stokes7520@example.com,Cairo,Jordan,2024-11-04
7521,Corey,Rivas,corey.rivas7521@example.com,Jeddah,Germany,2020-03-26
7522,Nicole,Miranda,nicole.miranda7522@example.com,Alexandria,Egypt,2020-09-12
7523,Lindsay,Edwards,lindsay.edwards7523@example.com,Cairo,Qatar,2022-03-16
7524,Matthew,Bradshaw,matthew.bradshaw7524@example.com,Alexandria,United Kingdom,2023-10-10
7525,David,Bridges,david.bridges7525@example.com,Dubai,United Kingdom,2024-06-10
7526,Kimberly,Ross,kimberly.ross7526@example.com,Dubai,Saudi Arabia,2020-01-16
7527,Edward,Matthews,edward.matthews7527@example.com,Riyadh,Egypt,2023-08-30
7528,Kendra,Atkinson,kendra.atkinson7528@example.com,Alexandria,Kuwait,2022-09-27
7529,Joseph,Nolan,joseph.nolan7529@example.com,Berlin,Jordan,2026-03-02
7530,Melissa,Wall,melissa.wall7530@example.com,Cairo,Qatar,2026-03-15
7531,Frank,Goodwin,frank.goodwin7531@example.com,Alexandria,Germany,2021-12-01
7532,Aaron,Contreras,aaron.contreras7532@example.com,London,United States,2020-09-12
7533,Willie,Burke,willie.burke7533@example.com,Cairo,France,2024-06-18
7534,Rebecca,Price,rebecca.price7534@example.com,Berlin,Germany,2021-11-02
7535,Yesenia,Wilson,yesenia.wilson7535@example.com,Amman,Germany,2022-09-26
7536,Tina,Hughes,tina.hughes7536@example.com,Dubai,UAE,2026-03-26
7537,James,Miller,james.miller7537@example.com,Dubai,United Kingdom,2024-04-27
7538,James,Salazar,james.salazar7538@example.com,Dubai,Jordan,2025-06-04
7539,Madison,Morrow,madison.morrow7539@example.com,Jeddah,Saudi Arabia,2025-09-02
7540,Anthony,Dougherty,anthony.dougherty7540@example.com,Riyadh,Saudi Arabia,2026-01-30
7541,Nicholas,Brown,nicholas.brown7541@example.com,Jeddah,UAE,2024-06-16
7542,Deborah,Miller,deborah.miller7542@example.com,Amman,Saudi Arabia,2022-10-12
7543,Crystal,Jones,crystal.jones7543@example.com,Jeddah,United Kingdom,2023-06-02
7544,Joan,Brown,joan.brown7544@example.com,Giza,Egypt,2020-10-31
7545,Ricky,Thompson,ricky.thompson7545@example.com,Dubai,UAE,2025-09-02
7546,Crystal,Gonzalez,crystal.gonzalez7546@example.com,Alexandria,Jordan,2022-07-13
7547,Brandi,Ramos,brandi.ramos7547@example.com,London,UAE,2021-02-10
7548,Robert,Thomas,robert.thomas7548@example.com,Berlin,United Kingdom,2022-07-05
7549,Jessica,Walker,jessica.walker7549@example.com,Riyadh,UAE,2025-03-03
7550,Joshua,Smith,joshua.smith7550@example.com,London,Saudi Arabia,2025-12-04
7551,Tyler,Ramos,tyler.ramos7551@example.com,Amman,Qatar,2020-03-22
7552,Juan,Martin,juan.martin7552@example.com,Jeddah,France,2025-07-12
7553,Jennifer,Cole,jennifer.cole7553@example.com,Jeddah,Saudi Arabia,2020-06-26
7554,Donald,Powell,donald.powell7554@example.com,Jeddah,Qatar,2026-07-11
7555,Michelle,Powers,michelle.powers7555@example.com,Alexandria,Egypt,2026-01-13
7556,Caitlyn,Cooper,caitlyn.cooper7556@example.com,Berlin,Saudi Arabia,2022-12-27
7557,Angela,Davis,angela.davis7557@example.com,Dubai,Saudi Arabia,2021-06-05
7558,Monique,Hardy,monique.hardy7558@example.com,Amman,United States,2024-12-26
7559,Margaret,Livingston,margaret.livingston7559@example.com,Jeddah,Saudi Arabia,2025-03-01
7560,Sandra,Hendrix,sandra.hendrix7560@example.com,Berlin,Saudi Arabia,2023-12-14
7561,Ariana,Randolph,ariana.randolph7561@example.com,London,Germany,2026-07-01
7562,Carl,Strickland,carl.strickland7562@example.com,Berlin,Jordan,2026-01-25
7563,Andrew,Zuniga,andrew.zuniga7563@example.com,Abu Dhabi,Qatar,2025-07-30
7564,Emily,Baker,emily.baker7564@example.com,Alexandria,Egypt,2021-09-09
7565,Tara,Gonzalez,tara.gonzalez7565@example.com,Jeddah,Germany,2024-02-18
7566,Shawn,Davis,shawn.davis7566@example.com,Jeddah,United Kingdom,2024-04-23
7567,David,Velazquez,david.velazquez7567@example.com,Alexandria,United States,2023-12-20
7568,Michael,Arias,michael.arias7568@example.com,London,Saudi Arabia,2021-07-20
7569,James,Moon,james.moon7569@example.com,Riyadh,France,2022-04-16
7570,Richard,Mcdonald,richard.mcdonald7570@example.com,Abu Dhabi,United States,2025-09-08
7571,Sara,Marshall,sara.marshall7571@example.com,London,United States,2021-10-27
7572,Jamie,Ferrell,jamie.ferrell7572@example.com,Riyadh,Qatar,2022-07-04
7573,Rebecca,Gregory,rebecca.gregory7573@example.com,London,Kuwait,2024-11-17
7574,Christian,Martin,christian.martin7574@example.com,Cairo,France,2023-05-05
7575,Noah,Robinson,noah.robinson7575@example.com,Alexandria,United States,2020-04-02
7576,Robert,Bryan,robert.bryan7576@example.com,Amman,Kuwait,2025-04-30
7577,Tiffany,Stewart,tiffany.stewart7577@example.com,Alexandria,United States,2024-08-14
7578,Taylor,Payne,taylor.payne7578@example.com,Jeddah,United States,2023-06-01
7579,Tiffany,Bennett,tiffany.bennett7579@example.com,Giza,France,2026-06-09
7580,James,West,james.west7580@example.com,London,Germany,2025-06-07
7581,Patricia,Gardner,patricia.gardner7581@example.com,Cairo,United Kingdom,2020-01-16
7582,Kurt,Watkins,kurt.watkins7582@example.com,Berlin,United States,2025-02-16
7583,Jessica,Jackson,jessica.jackson7583@example.com,Abu Dhabi,France,2022-11-10
7584,Beth,Williams,beth.williams7584@example.com,Berlin,Qatar,2026-05-27
7585,Michelle,Carter,michelle.carter7585@example.com,Abu Dhabi,Germany,2023-02-03
7586,Bradley,Roth,bradley.roth7586@example.com,Giza,United Kingdom,2022-03-03
7587,Ryan,Mitchell,ryan.mitchell7587@example.com,London,United Kingdom,2023-05-23
7588,Brian,Hayes,brian.hayes7588@example.com,Giza,Germany,2025-03-07
7589,Evelyn,Collier,evelyn.collier7589@example.com,Dubai,Kuwait,2025-02-20
7590,Raymond,Ferguson,raymond.ferguson7590@example.com,Berlin,Qatar,2022-04-24
7591,Sarah,Stein,sarah.stein7591@example.com,Jeddah,United States,2026-01-06
7592,Joyce,Porter,joyce.porter7592@example.com,Berlin,Saudi Arabia,2024-04-08
7593,William,Herman,william.herman7593@example.com,Abu Dhabi,United States,2025-12-26
7594,Charles,Flowers,charles.flowers7594@example.com,Cairo,Kuwait,2023-04-02
7595,Danielle,Humphrey,danielle.humphrey7595@example.com,Riyadh,Egypt,2021-11-13
7596,Patricia,Chapman,patricia.chapman7596@example.com,Berlin,Germany,2020-02-10
7597,Margaret,Garcia,margaret.garcia7597@example.com,Riyadh,UAE,2021-04-29
7598,James,Stone,james.stone7598@example.com,Cairo,UAE,2024-06-20
7599,Terri,Jackson,terri.jackson7599@example.com,Alexandria,France,2020-06-09
7600,Amy,Navarro,amy.navarro7600@example.com,Jeddah,Germany,2023-04-02
7601,Travis,Simon,travis.simon7601@example.com,Berlin,United States,2020-09-07
7602,Catherine,Hall,catherine.hall7602@example.com,Cairo,United Kingdom,2022-01-03
7603,Ronald,Mckenzie,ronald.mckenzie7603@example.com,Abu Dhabi,United Kingdom,2022-10-31
7604,Nancy,Ryan,nancy.ryan7604@example.com,Riyadh,United Kingdom,2021-03-03
7605,Nancy,Charles,nancy.charles7605@example.com,Dubai,Egypt,2026-03-28
7606,Gregory,Maldonado,gregory.maldonado7606@example.com,Berlin,United States,2026-03-25
7607,Lucas,Johnson,lucas.johnson7607@example.com,Dubai,Egypt,2023-09-13
7608,Jeremy,Christensen,jeremy.christensen7608@example.com,Amman,Kuwait,2026-01-24
7609,Susan,Johnson,susan.johnson7609@example.com,Berlin,Jordan,2026-09-03
7610,Kristen,Chapman,kristen.chapman7610@example.com,Amman,Kuwait,2021-03-10
7611,Jennifer,Patterson,jennifer.patterson7611@example.com,Berlin,Qatar,2024-08-30
7612,Erin,Vang,erin.vang7612@example.com,Dubai,Egypt,2021-09-03
7613,Shawn,Graves,shawn.graves7613@example.com,Amman,Qatar,2020-02-22
7614,Richard,Hurley,richard.hurley7614@example.com,Cairo,Egypt,2022-05-21
7615,Joel,Sullivan,joel.sullivan7615@example.com,Cairo,Qatar,2024-05-17
7616,Kimberly,Thomas,kimberly.thomas7616@example.com,Jeddah,Saudi Arabia,2026-08-22
7617,Laura,Diaz,laura.diaz7617@example.com,London,Qatar,2022-04-12
7618,Aaron,Fernandez,aaron.fernandez7618@example.com,Cairo,Qatar,2024-05-05
7619,Christopher,Pittman,christopher.pittman7619@example.com,Abu Dhabi,Saudi Arabia,2026-04-04
7620,Henry,Soto,henry.soto7620@example.com,Abu Dhabi,United States,2022-02-23
7621,Mark,Moore,mark.moore7621@example.com,Amman,United Kingdom,2023-04-20
7622,Victoria,Shelton,victoria.shelton7622@example.com,Jeddah,France,2026-05-21
7623,Donna,Smith,donna.smith7623@example.com,Cairo,United Kingdom,2025-05-19
7624,Matthew,Zhang,matthew.zhang7624@example.com,Cairo,Saudi Arabia,2025-12-14
7625,Sharon,Mcdaniel,sharon.mcdaniel7625@example.com,Amman,UAE,2024-08-24
7626,Richard,Hernandez,richard.hernandez7626@example.com,Cairo,Egypt,2021-04-07
7627,Charles,Curtis,charles.curtis7627@example.com,Dubai,Germany,2024-03-05
7628,Sharon,Jones,sharon.jones7628@example.com,Giza,Egypt,2022-08-03
7629,Ashley,Murphy,ashley.murphy7629@example.com,Abu Dhabi,Kuwait,2023-05-26
7630,Raymond,Bryant,raymond.bryant7630@example.com,Abu Dhabi,UAE,2026-09-04
7631,Brooke,Williams,brooke.williams7631@example.com,Cairo,Germany,2025-06-05
7632,Brittany,Barton,brittany.barton7632@example.com,Abu Dhabi,Qatar,2024-09-24
7633,Joseph,Jordan,joseph.jordan7633@example.com,Berlin,Germany,2024-03-12
7634,Chelsea,Roberts,chelsea.roberts7634@example.com,Alexandria,Kuwait,2020-06-07
7635,Amy,Smith,amy.smith7635@example.com,Jeddah,UAE,2021-05-31
7636,Eric,Mcclain,eric.mcclain7636@example.com,Giza,Qatar,2023-11-10
7637,Benjamin,Rivera,benjamin.rivera7637@example.com,London,United States,2024-11-21
7638,Austin,Jacobs,austin.jacobs7638@example.com,Amman,UAE,2023-07-15
7639,Jessica,Bates,jessica.bates7639@example.com,Jeddah,UAE,2022-01-24
7640,Amy,Proctor,amy.proctor7640@example.com,Alexandria,Saudi Arabia,2020-02-02
7641,Carmen,Holt,carmen.holt7641@example.com,Riyadh,Jordan,2022-06-01
7642,William,Carter,william.carter7642@example.com,Abu Dhabi,France,2020-04-30
7643,David,Khan,david.khan7643@example.com,Abu Dhabi,France,2023-06-12
7644,Matthew,Moss,matthew.moss7644@example.com,Amman,Germany,2023-05-28
7645,William,Soto,william.soto7645@example.com,Berlin,Kuwait,2023-08-26
7646,Deborah,Campbell,deborah.campbell7646@example.com,Riyadh,United States,2022-07-01
7647,Shannon,Gardner,shannon.gardner7647@example.com,London,Germany,2023-08-29
7648,Stephen,Patrick,stephen.patrick7648@example.com,Alexandria,Saudi Arabia,2022-08-07
7649,Robin,Dominguez,robin.dominguez7649@example.com,Berlin,Jordan,2023-07-04
7650,Scott,Kelly,scott.kelly7650@example.com,Cairo,France,2020-12-01
7651,Harold,Woodard,harold.woodard7651@example.com,Alexandria,Kuwait,2023-09-26
7652,Richard,Myers,richard.myers7652@example.com,Riyadh,Jordan,2021-02-20
7653,James,Hammond,james.hammond7653@example.com,Alexandria,United States,2020-08-18
7654,Diane,Johnson,diane.johnson7654@example.com,Cairo,Jordan,2024-06-03
7655,Christina,Hill,christina.hill7655@example.com,Alexandria,UAE,2021-01-09
7656,Kimberly,Stuart,kimberly.stuart7656@example.com,Giza,France,2022-08-28
7657,Bryan,Burton,bryan.burton7657@example.com,Alexandria,France,2025-07-19
7658,Teresa,Simpson,teresa.simpson7658@example.com,Alexandria,Germany,2023-01-13
7659,Amanda,Cruz,amanda.cruz7659@example.com,Berlin,United Kingdom,2022-10-06
7660,Edward,Hanson,edward.hanson7660@example.com,London,Qatar,2026-03-26
7661,Rose,Wagner,rose.wagner7661@example.com,Riyadh,Qatar,2026-03-19
7662,Jennifer,Moore,jennifer.moore7662@example.com,Riyadh,UAE,2022-01-11
7663,Mary,Flores,mary.flores7663@example.com,London,Kuwait,2021-11-28
7664,Barbara,Snyder,barbara.snyder7664@example.com,Riyadh,UAE,2023-07-04
7665,Kara,Gibbs,kara.gibbs7665@example.com,Giza,Germany,2021-04-18
7666,Amanda,Maldonado,amanda.maldonado7666@example.com,Berlin,Qatar,2025-06-26
7667,Aaron,Schneider,aaron.schneider7667@example.com,Riyadh,United States,2020-12-10
7668,Faith,Sparks,faith.sparks7668@example.com,Amman,Saudi Arabia,2020-08-12
7669,Miguel,Dominguez,miguel.dominguez7669@example.com,Riyadh,Egypt,2025-12-07
7670,Nicole,Alvarado,nicole.alvarado7670@example.com,Cairo,Qatar,2023-06-17
7671,Mindy,Campos,mindy.campos7671@example.com,London,Saudi Arabia,2022-11-24
7672,Peter,Luna,peter.luna7672@example.com,Amman,France,2023-06-12
7673,Martin,Bryant,martin.bryant7673@example.com,Abu Dhabi,France,2022-08-01
7674,Benjamin,Nunez,benjamin.nunez7674@example.com,Riyadh,Jordan,2023-12-31
7675,Gary,Yoder,gary.yoder7675@example.com,Alexandria,Kuwait,2024-11-30
7676,Gregory,Francis,gregory.francis7676@example.com,Berlin,Kuwait,2021-04-04
7677,Melissa,Adams,melissa.adams7677@example.com,Amman,Saudi Arabia,2023-12-30
7678,Ian,Mills,ian.mills7678@example.com,London,Kuwait,2026-05-28
7679,Steven,Long,steven.long7679@example.com,Amman,Jordan,2022-11-30
7680,Donald,Serrano,donald.serrano7680@example.com,Abu Dhabi,United States,2022-04-12
7681,Cheryl,Lopez,cheryl.lopez7681@example.com,Cairo,Qatar,2022-08-05
7682,John,Lynn,john.lynn7682@example.com,Amman,United Kingdom,2025-12-28
7683,Frances,Stevenson,frances.stevenson7683@example.com,Cairo,Jordan,2022-03-10
7684,Melanie,Clarke,melanie.clarke7684@example.com,Giza,United Kingdom,2022-06-10
7685,Maria,Walker,maria.walker7685@example.com,Jeddah,Saudi Arabia,2020-10-08
7686,Shelia,Payne,shelia.payne7686@example.com,Dubai,Jordan,2025-11-04
7687,Rachel,Armstrong,rachel.armstrong7687@example.com,London,UAE,2024-10-15
7688,Dakota,Sullivan,dakota.sullivan7688@example.com,Cairo,United Kingdom,2025-04-27
7689,Jose,Cohen,jose.cohen7689@example.com,Berlin,United Kingdom,2021-12-18
7690,Sabrina,Lopez,sabrina.lopez7690@example.com,Berlin,Saudi Arabia,2023-12-15
7691,Kathleen,Bowen,kathleen.bowen7691@example.com,Alexandria,France,2026-02-03
7692,Sarah,Thompson,sarah.thompson7692@example.com,Amman,Jordan,2020-02-09
7693,Sierra,Price,sierra.price7693@example.com,Abu Dhabi,United Kingdom,2024-11-15
7694,Tanya,Jackson,tanya.jackson7694@example.com,Alexandria,Qatar,2020-09-13
7695,Sophia,Walker,sophia.walker7695@example.com,Riyadh,UAE,2021-05-15
7696,Heather,Cooper,heather.cooper7696@example.com,Amman,Kuwait,2024-07-31
7697,Cathy,Parks,cathy.parks7697@example.com,Riyadh,Jordan,2023-09-03
7698,Curtis,Dalton,curtis.dalton7698@example.com,Dubai,France,2025-09-27
7699,Sheila,Rodriguez,sheila.rodriguez7699@example.com,Cairo,Saudi Arabia,2025-09-27
7700,Jennifer,Wood,jennifer.wood7700@example.com,London,Saudi Arabia,2023-12-30
7701,Anthony,Brewer,anthony.brewer7701@example.com,Jeddah,France,2022-02-09
7702,April,Huber,april.huber7702@example.com,Abu Dhabi,Kuwait,2024-04-11
7703,Stefanie,Hansen,stefanie.hansen7703@example.com,Amman,Saudi Arabia,2025-05-16
7704,Alexis,Flores,alexis.flores7704@example.com,Amman,Germany,2021-10-27
7705,Tony,Frazier,tony.frazier7705@example.com,London,Germany,2026-08-08
7706,Mallory,Walker,mallory.walker7706@example.com,Giza,Kuwait,2022-07-08
7707,James,Fuller,james.fuller7707@example.com,Dubai,Germany,2021-07-13
7708,David,Leonard,david.leonard7708@example.com,London,United States,2026-06-15
7709,William,Ray,william.ray7709@example.com,Abu Dhabi,Germany,2024-10-27
7710,Sara,Wilson,sara.wilson7710@example.com,Abu Dhabi,Qatar,2020-08-03
7711,Timothy,Washington,timothy.washington7711@example.com,London,United States,2026-06-13
7712,Brandon,Boyd,brandon.boyd7712@example.com,London,Egypt,2020-05-31
7713,Janet,Perkins,janet.perkins7713@example.com,Giza,Egypt,2025-12-20
7714,Joseph,Johnson,joseph.johnson7714@example.com,London,United Kingdom,2023-10-25
7715,Mary,Clark,mary.clark7715@example.com,Amman,Jordan,2026-06-23
7716,Kyle,Nguyen,kyle.nguyen7716@example.com,Cairo,United Kingdom,2022-08-16
7717,Shawn,Murphy,shawn.murphy7717@example.com,Riyadh,UAE,2021-01-24
7718,Mark,Rodriguez,mark.rodriguez7718@example.com,Giza,United Kingdom,2026-08-31
7719,Jessica,Diaz,jessica.diaz7719@example.com,Jeddah,United Kingdom,2023-04-04
7720,Olivia,Roth,olivia.roth7720@example.com,Abu Dhabi,UAE,2023-04-22
7721,Thomas,Singleton,thomas.singleton7721@example.com,Jeddah,Kuwait,2025-10-08
7722,Alice,Allen,alice.allen7722@example.com,Berlin,Kuwait,2025-02-18
7723,Ronald,York,ronald.york7723@example.com,London,Qatar,2024-11-29
7724,Brandon,Moyer,brandon.moyer7724@example.com,Alexandria,United Kingdom,2024-02-28
7725,Joseph,Bradford,joseph.bradford7725@example.com,Amman,Qatar,2026-05-27
7726,Heidi,Schneider,heidi.schneider7726@example.com,Riyadh,United Kingdom,2021-06-01
7727,Daniel,Clements,daniel.clements7727@example.com,Berlin,Saudi Arabia,2026-08-23
7728,Laura,Johnson,laura.johnson7728@example.com,Cairo,UAE,2021-08-10
7729,Michael,Bryant,michael.bryant7729@example.com,Giza,France,2026-07-19
7730,Christina,Gould,christina.gould7730@example.com,Amman,United Kingdom,2020-10-30
7731,David,Vargas,david.vargas7731@example.com,Alexandria,Kuwait,2025-12-06
7732,Thomas,Brown,thomas.brown7732@example.com,Berlin,Jordan,2025-01-24
7733,Jessica,Anderson,jessica.anderson7733@example.com,Giza,France,2020-02-28
7734,Timothy,Nelson,timothy.nelson7734@example.com,Riyadh,United States,2025-12-07
7735,David,Kirk,david.kirk7735@example.com,Abu Dhabi,Kuwait,2023-09-08
7736,Alison,Gates,alison.gates7736@example.com,Giza,Kuwait,2022-04-24
7737,Michael,Martin,michael.martin7737@example.com,Jeddah,France,2021-10-16
7738,Derrick,Rivera,derrick.rivera7738@example.com,Berlin,Germany,2025-11-13
7739,Lisa,Pacheco,lisa.pacheco7739@example.com,Giza,Saudi Arabia,2022-01-16
7740,Ronnie,Brown,ronnie.brown7740@example.com,Dubai,Egypt,2022-05-09
7741,Mark,Mejia,mark.mejia7741@example.com,Berlin,United Kingdom,2023-10-31
7742,William,Sparks,william.sparks7742@example.com,Jeddah,United Kingdom,2021-04-12
7743,Shannon,Ramos,shannon.ramos7743@example.com,Giza,United States,2022-10-03
7744,Kenneth,Jackson,kenneth.jackson7744@example.com,London,France,2026-01-15
7745,Trevor,Morgan,trevor.morgan7745@example.com,Giza,Kuwait,2023-10-10
7746,Matthew,Yang,matthew.yang7746@example.com,London,Egypt,2020-04-02
7747,Elizabeth,Weaver,elizabeth.weaver7747@example.com,London,United States,2021-11-14
7748,Matthew,Chapman,matthew.chapman7748@example.com,Giza,France,2025-03-31
7749,Tamara,Hogan,tamara.hogan7749@example.com,London,Egypt,2024-02-26
7750,Logan,Marquez,logan.marquez7750@example.com,Riyadh,UAE,2026-04-13
7751,Christina,Thompson,christina.thompson7751@example.com,Jeddah,Germany,2026-07-24
7752,David,Rubio,david.rubio7752@example.com,Dubai,Jordan,2024-03-10
7753,Renee,Ponce,renee.ponce7753@example.com,Giza,Qatar,2025-08-28
7754,Lisa,Patterson,lisa.patterson7754@example.com,Berlin,Egypt,2025-03-18
7755,Martin,Taylor,martin.taylor7755@example.com,Cairo,Qatar,2022-03-10
7756,Melissa,Khan,melissa.khan7756@example.com,Alexandria,Germany,2020-03-22
7757,Brad,Solis,brad.solis7757@example.com,Giza,Saudi Arabia,2026-06-15
7758,Nathan,Hall,nathan.hall7758@example.com,Dubai,United States,2020-11-22
7759,Deborah,Hall,deborah.hall7759@example.com,Cairo,Jordan,2025-12-21
7760,Susan,Anderson,susan.anderson7760@example.com,Alexandria,United States,2025-04-26
7761,Natalie,Ware,natalie.ware7761@example.com,Abu Dhabi,UAE,2023-07-14
7762,Margaret,Lloyd,margaret.lloyd7762@example.com,Riyadh,Saudi Arabia,2022-09-23
7763,Miranda,Jones,miranda.jones7763@example.com,Jeddah,Egypt,2026-06-08
7764,Adam,Morgan,adam.morgan7764@example.com,Cairo,United Kingdom,2023-09-05
7765,Arthur,Harris,arthur.harris7765@example.com,Berlin,Saudi Arabia,2025-08-19
7766,Cynthia,Peters,cynthia.peters7766@example.com,Giza,Egypt,2023-03-06
7767,Ian,Garcia,ian.garcia7767@example.com,Riyadh,Egypt,2021-07-09
7768,Kevin,Rosales,kevin.rosales7768@example.com,Abu Dhabi,Jordan,2025-03-03
7769,Alicia,Reyes,alicia.reyes7769@example.com,Dubai,Germany,2020-10-12
7770,Brenda,Carney,brenda.carney7770@example.com,Riyadh,United Kingdom,2025-07-25
7771,Tracy,Porter,tracy.porter7771@example.com,Dubai,Germany,2024-07-04
7772,Melissa,Mooney,melissa.mooney7772@example.com,Alexandria,France,2020-11-19
7773,Jeffrey,Cole,jeffrey.cole7773@example.com,Dubai,Qatar,2025-09-18
7774,Dana,Alexander,dana.alexander7774@example.com,London,Germany,2026-05-16
7775,Stacy,Day,stacy.day7775@example.com,Dubai,Jordan,2023-12-17
7776,Edward,Smith,edward.smith7776@example.com,Dubai,United States,2020-09-04
7777,Michael,Robertson,michael.robertson7777@example.com,Cairo,Qatar,2026-02-08
7778,Joanne,Jackson,joanne.jackson7778@example.com,Riyadh,Germany,2021-01-05
7779,Miguel,Clark,miguel.clark7779@example.com,Riyadh,Kuwait,2025-01-18
7780,Susan,Fox,susan.fox7780@example.com,Dubai,Saudi Arabia,2023-10-01
7781,Linda,Thompson,linda.thompson7781@example.com,Jeddah,Germany,2022-09-07
7782,Amy,Velasquez,amy.velasquez7782@example.com,London,France,2026-05-15
7783,Jillian,Lee,jillian.lee7783@example.com,Alexandria,Qatar,2023-11-21
7784,Bryan,Gonzalez,bryan.gonzalez7784@example.com,Giza,Saudi Arabia,2024-04-04
7785,Douglas,Randall,douglas.randall7785@example.com,Abu Dhabi,Jordan,2024-05-28
7786,Adrian,Torres,adrian.torres7786@example.com,London,Egypt,2021-07-02
7787,Christopher,Bennett,christopher.bennett7787@example.com,Berlin,Jordan,2025-04-15
7788,Alan,Davis,alan.davis7788@example.com,Amman,UAE,2025-02-14
7789,John,Baker,john.baker7789@example.com,Cairo,UAE,2026-02-09
7790,Ethan,Robbins,ethan.robbins7790@example.com,London,Germany,2024-03-29
7791,Steven,Johnson,steven.johnson7791@example.com,Jeddah,Egypt,2023-11-06
7792,Frederick,Ruiz,frederick.ruiz7792@example.com,Dubai,Kuwait,2021-12-26
7793,April,Miller,april.miller7793@example.com,Berlin,Saudi Arabia,2024-03-27
7794,Stephen,Buchanan,stephen.buchanan7794@example.com,Abu Dhabi,Kuwait,2020-10-08
7795,Rachel,Castillo,rachel.castillo7795@example.com,Jeddah,Saudi Arabia,2020-05-23
7796,Manuel,Francis,manuel.francis7796@example.com,Giza,United States,2025-03-06
7797,Michael,Burton,michael.burton7797@example.com,Riyadh,Jordan,2023-10-03
7798,Timothy,Gray,timothy.gray7798@example.com,Berlin,Kuwait,2024-08-04
7799,Michelle,Mcmahon,michelle.mcmahon7799@example.com,Abu Dhabi,Egypt,2024-03-09
7800,Mark,Montgomery,mark.montgomery7800@example.com,Giza,Egypt,2022-02-12
7801,William,Rowe,william.rowe7801@example.com,Berlin,United Kingdom,2020-01-06
7802,Elizabeth,Chavez,elizabeth.chavez7802@example.com,Alexandria,France,2022-05-26
7803,Rachel,Spencer,rachel.spencer7803@example.com,Cairo,Kuwait,2021-08-07
7804,Jessica,Long,jessica.long7804@example.com,Amman,Germany,2022-05-04
7805,Andrea,White,andrea.white7805@example.com,Jeddah,UAE,2025-09-16
7806,Scott,Martinez,scott.martinez7806@example.com,Giza,Kuwait,2022-11-27
7807,Taylor,Brown,taylor.brown7807@example.com,Abu Dhabi,France,2021-04-20
7808,Grace,Gonzalez,grace.gonzalez7808@example.com,Berlin,United States,2022-07-30
7809,Kristin,Chandler,kristin.chandler7809@example.com,London,Qatar,2022-05-15
7810,Sara,Rios,sara.rios7810@example.com,Cairo,United States,2024-08-13
7811,Tammy,Frye,tammy.frye7811@example.com,London,Egypt,2024-09-09
7812,Sara,Nguyen,sara.nguyen7812@example.com,Amman,Germany,2022-12-01
7813,Gerald,Ray,gerald.ray7813@example.com,London,Egypt,2026-05-22
7814,Ashley,Mendez,ashley.mendez7814@example.com,Alexandria,UAE,2025-09-02
7815,Joyce,Keith,joyce.keith7815@example.com,Berlin,Kuwait,2025-09-16
7816,Stephanie,Oconnor,stephanie.oconnor7816@example.com,Amman,Kuwait,2023-08-03
7817,Lauren,Sandoval,lauren.sandoval7817@example.com,Riyadh,Saudi Arabia,2022-08-29
7818,Brenda,Bowman,brenda.bowman7818@example.com,Riyadh,United Kingdom,2025-02-01
7819,Joel,Pierce,joel.pierce7819@example.com,Alexandria,France,2021-05-19
7820,Joel,Jackson,joel.jackson7820@example.com,Amman,Kuwait,2022-03-16
7821,Denise,Park,denise.park7821@example.com,Cairo,Germany,2026-03-14
7822,John,Lane,john.lane7822@example.com,Berlin,Saudi Arabia,2021-03-08
7823,Patricia,Harris,patricia.harris7823@example.com,Jeddah,Kuwait,2020-05-23
7824,Angela,Parker,angela.parker7824@example.com,Dubai,Kuwait,2022-05-03
7825,Robert,Burns,robert.burns7825@example.com,London,United Kingdom,2025-11-11
7826,Deanna,Mclaughlin,deanna.mclaughlin7826@example.com,Giza,United Kingdom,2025-07-14
7827,Nicole,Robinson,nicole.robinson7827@example.com,Dubai,United Kingdom,2025-04-08
7828,Lindsey,Roberts,lindsey.roberts7828@example.com,Amman,Qatar,2025-09-28
7829,Sheri,Duncan,sheri.duncan7829@example.com,Dubai,Jordan,2022-05-28
7830,Jose,King,jose.king7830@example.com,Jeddah,Kuwait,2025-04-29
7831,Lisa,Hampton,lisa.hampton7831@example.com,Amman,Egypt,2022-10-25
7832,Cheryl,Hardy,cheryl.hardy7832@example.com,Giza,Jordan,2020-02-04
7833,Henry,Griffin,henry.griffin7833@example.com,London,Egypt,2021-04-06
7834,Mallory,Valencia,mallory.valencia7834@example.com,Riyadh,Jordan,2025-09-30
7835,Scott,Lopez,scott.lopez7835@example.com,Jeddah,Egypt,2022-02-02
7836,Grant,Jones,grant.jones7836@example.com,Berlin,UAE,2024-06-09
7837,Brian,Wright,brian.wright7837@example.com,Alexandria,Qatar,2022-12-19
7838,Rachel,Mcdonald,rachel.mcdonald7838@example.com,Alexandria,Egypt,2022-12-09
7839,Alison,Jimenez,alison.jimenez7839@example.com,Giza,UAE,2022-08-10
7840,Daniel,Henry,daniel.henry7840@example.com,Giza,United States,2020-05-22
7841,Paula,Murphy,paula.murphy7841@example.com,Riyadh,France,2025-03-06
7842,Bethany,Grant,bethany.grant7842@example.com,Alexandria,Egypt,2023-01-04
7843,Robyn,Sanchez,robyn.sanchez7843@example.com,Abu Dhabi,Saudi Arabia,2020-03-21
7844,Edward,Burnett,edward.burnett7844@example.com,Cairo,France,2026-08-20
7845,Karen,Garcia,karen.garcia7845@example.com,Abu Dhabi,Saudi Arabia,2026-05-03
7846,Laura,Sanders,laura.sanders7846@example.com,Dubai,UAE,2023-01-13
7847,Krystal,Roy,krystal.roy7847@example.com,Riyadh,Jordan,2026-03-06
7848,Amy,Thompson,amy.thompson7848@example.com,Giza,Egypt,2025-05-31
7849,Nicole,Baker,nicole.baker7849@example.com,London,Kuwait,2021-02-08
7850,Angela,Obrien,angela.obrien7850@example.com,Alexandria,UAE,2023-02-08
7851,Shelby,Dyer,shelby.dyer7851@example.com,Berlin,France,2020-04-25
7852,April,Hunter,april.hunter7852@example.com,London,United Kingdom,2025-04-28
7853,Ashley,Bailey,ashley.bailey7853@example.com,Alexandria,Germany,2022-11-13
7854,Jason,Singh,jason.singh7854@example.com,London,Germany,2022-04-18
7855,Janet,Watson,janet.watson7855@example.com,Alexandria,UAE,2024-03-08
7856,Willie,Lopez,willie.lopez7856@example.com,Giza,France,2023-05-07
7857,Dana,Foster,dana.foster7857@example.com,Alexandria,UAE,2023-04-01
7858,Bruce,Monroe,bruce.monroe7858@example.com,Cairo,Kuwait,2022-05-26
7859,Karen,Bright,karen.bright7859@example.com,Alexandria,Germany,2021-02-12
7860,Kayla,Harris,kayla.harris7860@example.com,Giza,United Kingdom,2020-07-30
7861,Joshua,Turner,joshua.turner7861@example.com,Cairo,Jordan,2023-06-05
7862,Sandra,Brewer,sandra.brewer7862@example.com,Jeddah,United Kingdom,2024-11-02
7863,Lisa,Wyatt,lisa.wyatt7863@example.com,Giza,Germany,2022-05-31
7864,Audrey,Rodriguez,audrey.rodriguez7864@example.com,Cairo,France,2020-02-19
7865,Carl,Conley,carl.conley7865@example.com,Alexandria,United Kingdom,2024-06-23
7866,Frank,Clark,frank.clark7866@example.com,Amman,UAE,2020-08-17
7867,Jessica,Roach,jessica.roach7867@example.com,Alexandria,Egypt,2020-05-10
7868,Mikayla,Johnson,mikayla.johnson7868@example.com,London,Qatar,2022-08-26
7869,Edward,Ray,edward.ray7869@example.com,Jeddah,Germany,2021-07-09
7870,Kimberly,Blair,kimberly.blair7870@example.com,Giza,United States,2024-01-16
7871,Brenda,Bailey,brenda.bailey7871@example.com,Dubai,Germany,2026-02-05
7872,Andrew,Turner,andrew.turner7872@example.com,London,Egypt,2020-02-10
7873,Timothy,Valdez,timothy.valdez7873@example.com,Riyadh,France,2025-05-02
7874,Jessica,Lee,jessica.lee7874@example.com,London,Qatar,2020-05-02
7875,Cheryl,Gonzalez,cheryl.gonzalez7875@example.com,Cairo,Saudi Arabia,2025-07-20
7876,Adam,Perry,adam.perry7876@example.com,Dubai,UAE,2023-09-28
7877,Theodore,Clark,theodore.clark7877@example.com,London,Egypt,2020-04-16
7878,Brittney,Davis,brittney.davis7878@example.com,Amman,Jordan,2025-03-05
7879,Tammy,Thomas,tammy.thomas7879@example.com,Giza,Jordan,2020-05-21
7880,Brandon,Hernandez,brandon.hernandez7880@example.com,Amman,UAE,2021-10-18
7881,Edward,Clark,edward.clark7881@example.com,Giza,Saudi Arabia,2022-04-16
7882,David,Mcdaniel,david.mcdaniel7882@example.com,Berlin,Germany,2026-05-08
7883,Isabella,Stevens,isabella.stevens7883@example.com,Cairo,United Kingdom,2025-04-19
7884,Steven,Keller,steven.keller7884@example.com,Giza,Germany,2025-07-23
7885,Brian,Obrien,brian.obrien7885@example.com,Alexandria,UAE,2021-05-06
7886,Julie,Davis,julie.davis7886@example.com,Cairo,Kuwait,2023-07-19
7887,Daniel,Powell,daniel.powell7887@example.com,Abu Dhabi,Germany,2021-04-03
7888,David,White,david.white7888@example.com,Amman,Saudi Arabia,2026-05-21
7889,David,Griffith,david.griffith7889@example.com,Alexandria,United Kingdom,2020-10-07
7890,Sean,Sharp,sean.sharp7890@example.com,Amman,Egypt,2025-02-05
7891,Dorothy,Schaefer,dorothy.schaefer7891@example.com,Abu Dhabi,Kuwait,2022-09-30
7892,Kathleen,Randolph,kathleen.randolph7892@example.com,Jeddah,Egypt,2021-08-15
7893,James,Dean,james.dean7893@example.com,Dubai,Kuwait,2023-04-15
7894,Jessica,Johnson,jessica.johnson7894@example.com,Alexandria,UAE,2024-01-16
7895,Ashley,Reynolds,ashley.reynolds7895@example.com,Alexandria,Saudi Arabia,2024-06-15
7896,Matthew,Herrera,matthew.herrera7896@example.com,Cairo,UAE,2023-11-03
7897,Donna,Gibson,donna.gibson7897@example.com,Alexandria,Jordan,2026-08-04
7898,Natalie,Shepherd,natalie.shepherd7898@example.com,Abu Dhabi,Saudi Arabia,2021-08-04
7899,Kimberly,Garcia,kimberly.garcia7899@example.com,Cairo,United States,2023-01-17
7900,Kathy,Campbell,kathy.campbell7900@example.com,Abu Dhabi,France,2025-04-27
7901,Craig,Mitchell,craig.mitchell7901@example.com,Alexandria,Germany,2020-04-02
7902,Kristine,Vega,kristine.vega7902@example.com,Dubai,UAE,2024-09-19
7903,Colleen,Taylor,colleen.taylor7903@example.com,Riyadh,Qatar,2021-01-21
7904,Matthew,Smith,matthew.smith7904@example.com,Dubai,UAE,2025-04-10
7905,Elizabeth,Hendrix,elizabeth.hendrix7905@example.com,Jeddah,Saudi Arabia,2025-03-22
7906,Edward,Mitchell,edward.mitchell7906@example.com,London,Kuwait,2026-04-01
7907,David,Larsen,david.larsen7907@example.com,Cairo,UAE,2023-01-12
7908,Brittany,Haynes,brittany.haynes7908@example.com,Riyadh,Qatar,2026-07-21
7909,Michael,Ponce,michael.ponce7909@example.com,Berlin,Qatar,2021-04-03
7910,Jennifer,Franco,jennifer.franco7910@example.com,Jeddah,Egypt,2021-06-22
7911,Cameron,Harmon,cameron.harmon7911@example.com,Giza,Saudi Arabia,2026-06-13
7912,Diana,Trujillo,diana.trujillo7912@example.com,Giza,Qatar,2026-01-08
7913,Jason,Estrada,jason.estrada7913@example.com,London,Saudi Arabia,2021-11-30
7914,Caitlyn,Anderson,caitlyn.anderson7914@example.com,Jeddah,United Kingdom,2024-07-15
7915,Heather,Crawford,heather.crawford7915@example.com,Abu Dhabi,United States,2026-01-03
7916,Andre,Davis,andre.davis7916@example.com,Jeddah,Kuwait,2025-05-15
7917,Tanya,Wilson,tanya.wilson7917@example.com,Berlin,Germany,2025-10-05
7918,Joshua,Coleman,joshua.coleman7918@example.com,Jeddah,UAE,2022-05-26
7919,Michael,Nguyen,michael.nguyen7919@example.com,Amman,Germany,2020-08-28
7920,Michael,Parker,michael.parker7920@example.com,Cairo,United Kingdom,2025-11-22
7921,Sandra,Lewis,sandra.lewis7921@example.com,Abu Dhabi,Kuwait,2025-02-11
7922,Anthony,David,anthony.david7922@example.com,Abu Dhabi,Egypt,2025-09-24
7923,Pamela,Osborne,pamela.osborne7923@example.com,Dubai,France,2026-04-02
7924,Anthony,Branch,anthony.branch7924@example.com,Giza,United States,2021-03-24
7925,Sarah,Henderson,sarah.henderson7925@example.com,London,Egypt,2025-07-02
7926,Michael,Martin,michael.martin7926@example.com,Abu Dhabi,United States,2026-05-12
7927,Jerry,Simpson,jerry.simpson7927@example.com,Alexandria,Saudi Arabia,2024-11-25
7928,Bruce,George,bruce.george7928@example.com,Abu Dhabi,Egypt,2020-07-25
7929,Bryan,Higgins,bryan.higgins7929@example.com,Jeddah,United States,2025-12-07
7930,Tamara,Reynolds,tamara.reynolds7930@example.com,Dubai,Germany,2021-06-07
7931,Michelle,Johnson,michelle.johnson7931@example.com,Dubai,Qatar,2022-08-01
7932,Jeremy,Martinez,jeremy.martinez7932@example.com,Abu Dhabi,United Kingdom,2023-01-06
7933,Juan,Santos,juan.santos7933@example.com,Berlin,Germany,2023-01-12
7934,Rachel,Peterson,rachel.peterson7934@example.com,Amman,Egypt,2025-08-27
7935,Jose,Shields,jose.shields7935@example.com,Alexandria,Saudi Arabia,2022-07-06
7936,Maria,Cohen,maria.cohen7936@example.com,London,United Kingdom,2024-08-07
7937,Dawn,Walker,dawn.walker7937@example.com,Riyadh,Kuwait,2024-11-03
7938,Jennifer,Mitchell,jennifer.mitchell7938@example.com,Alexandria,UAE,2020-02-09
7939,John,Martinez,john.martinez7939@example.com,Alexandria,Saudi Arabia,2021-11-12
7940,Christina,Velez,christina.velez7940@example.com,Dubai,France,2021-08-30
7941,Richard,Crawford,richard.crawford7941@example.com,Cairo,Qatar,2023-09-08
7942,Robin,Bowman,robin.bowman7942@example.com,Cairo,Jordan,2022-06-11
7943,Miguel,Orozco,miguel.orozco7943@example.com,Cairo,Egypt,2020-03-25
7944,Kyle,Brown,kyle.brown7944@example.com,Cairo,United Kingdom,2025-10-26
7945,Scott,Rhodes,scott.rhodes7945@example.com,Jeddah,Jordan,2023-04-09
7946,Whitney,Watson,whitney.watson7946@example.com,Jeddah,France,2022-09-07
7947,Ronald,Thompson,ronald.thompson7947@example.com,London,Saudi Arabia,2020-01-20
7948,John,Mendoza,john.mendoza7948@example.com,Cairo,United Kingdom,2025-11-04
7949,Daniel,Copeland,daniel.copeland7949@example.com,London,United States,2021-01-03
7950,John,Hamilton,john.hamilton7950@example.com,Giza,Kuwait,2021-05-02
7951,Daniel,Peters,daniel.peters7951@example.com,Jeddah,Egypt,2020-04-04
7952,Kayla,Robles,kayla.robles7952@example.com,London,Saudi Arabia,2024-04-23
7953,Willie,Williams,willie.williams7953@example.com,London,UAE,2022-08-20
7954,Anthony,Pruitt,anthony.pruitt7954@example.com,Alexandria,France,2022-04-05
7955,Laura,Spencer,laura.spencer7955@example.com,Amman,United States,2025-12-18
7956,Craig,Ross,craig.ross7956@example.com,London,France,2020-07-02
7957,Kathryn,Davis,kathryn.davis7957@example.com,Jeddah,Egypt,2026-01-28
7958,Evan,Black,evan.black7958@example.com,Riyadh,Kuwait,2026-02-03
7959,Amy,Black,amy.black7959@example.com,Giza,United Kingdom,2024-10-07
7960,Lisa,Santiago,lisa.santiago7960@example.com,Amman,Kuwait,2024-05-10
7961,Seth,Hernandez,seth.hernandez7961@example.com,Dubai,Egypt,2020-07-26
7962,Anthony,Cortez,anthony.cortez7962@example.com,Cairo,United States,2026-08-11
7963,Terri,Bush,terri.bush7963@example.com,Berlin,Kuwait,2022-06-16
7964,Steven,Gonzalez,steven.gonzalez7964@example.com,Dubai,Germany,2021-05-01
7965,Brad,Chavez,brad.chavez7965@example.com,Giza,Jordan,2024-12-30
7966,John,Murray,john.murray7966@example.com,Giza,Saudi Arabia,2025-11-13
7967,Jermaine,Miller,jermaine.miller7967@example.com,Giza,Qatar,2021-01-13
7968,Brandon,Berg,brandon.berg7968@example.com,London,United Kingdom,2024-02-21
7969,Michael,Schmidt,michael.schmidt7969@example.com,Abu Dhabi,Qatar,2025-08-15
7970,Joshua,Evans,joshua.evans7970@example.com,Alexandria,United States,2023-06-19
7971,Laurie,Thompson,laurie.thompson7971@example.com,Alexandria,Egypt,2022-02-13
7972,Jane,Johnson,jane.johnson7972@example.com,Abu Dhabi,Egypt,2020-10-07
7973,Annette,White,annette.white7973@example.com,Riyadh,Jordan,2023-08-19
7974,Amanda,Rice,amanda.rice7974@example.com,Dubai,Kuwait,2024-08-18
7975,Michael,Simmons,michael.simmons7975@example.com,Jeddah,Egypt,2025-01-02
7976,Ruben,King,ruben.king7976@example.com,Riyadh,Germany,2026-06-12
7977,Anthony,Martinez,anthony.martinez7977@example.com,London,United States,2022-10-22
7978,Adam,Gonzalez,adam.gonzalez7978@example.com,Abu Dhabi,United States,2023-01-24
7979,Emily,Brennan,emily.brennan7979@example.com,Jeddah,Germany,2024-12-13
7980,James,Powell,james.powell7980@example.com,Alexandria,Egypt,2021-01-26
7981,Lynn,Calhoun,lynn.calhoun7981@example.com,Cairo,United Kingdom,2021-07-19
7982,Scott,King,scott.king7982@example.com,Abu Dhabi,Egypt,2021-07-24
7983,Samuel,Long,samuel.long7983@example.com,Berlin,Saudi Arabia,2025-09-07
7984,Madeline,Miller,madeline.miller7984@example.com,Alexandria,UAE,2022-06-30
7985,Brenda,Warren,brenda.warren7985@example.com,Berlin,France,2026-09-09
7986,Mariah,Lyons,mariah.lyons7986@example.com,Abu Dhabi,Egypt,2021-09-03
7987,Thomas,Johnson,thomas.johnson7987@example.com,Jeddah,UAE,2020-05-17
7988,Tina,Powell,tina.powell7988@example.com,Berlin,Qatar,2025-08-13
7989,Ronald,Collins,ronald.collins7989@example.com,Giza,France,2022-12-09
7990,Mark,Lawrence,mark.lawrence7990@example.com,Riyadh,UAE,2025-03-30
7991,Kari,Pope,kari.pope7991@example.com,Dubai,Qatar,2022-02-28
7992,Brent,Chapman,brent.chapman7992@example.com,Jeddah,Kuwait,2021-10-16
7993,Elizabeth,Martinez,elizabeth.martinez7993@example.com,Dubai,Qatar,2025-02-04
7994,Johnny,Smith,johnny.smith7994@example.com,Cairo,Egypt,2023-04-21
7995,Diana,Richards,diana.richards7995@example.com,Giza,UAE,2021-01-22
7996,Amy,David,amy.david7996@example.com,Berlin,UAE,2026-03-09
7997,Carlos,Espinoza,carlos.espinoza7997@example.com,Riyadh,Saudi Arabia,2026-02-26
7998,Katherine,Hodge,katherine.hodge7998@example.com,Giza,Germany,2020-10-11
7999,Crystal,Adams,crystal.adams7999@example.com,Alexandria,Qatar,2023-11-18
8000,Aaron,Wright,aaron.wright8000@example.com,London,Egypt,2023-03-20
8001,Whitney,Jones,whitney.jones8001@example.com,Jeddah,Saudi Arabia,2020-05-09
8002,Kristen,Williams,kristen.williams8002@example.com,Cairo,France,2021-12-09
8003,Cheryl,Shaw,cheryl.shaw8003@example.com,Dubai,Egypt,2022-12-19
8004,Lindsey,Evans,lindsey.evans8004@example.com,Jeddah,Germany,2020-04-06
8005,Maria,Underwood,maria.underwood8005@example.com,Cairo,Saudi Arabia,2021-06-07
8006,Sarah,Foster,sarah.foster8006@example.com,Berlin,Jordan,2025-11-09
8007,Catherine,Fritz,catherine.fritz8007@example.com,Alexandria,France,2020-12-20
8008,Danielle,Wong,danielle.wong8008@example.com,Cairo,Saudi Arabia,2021-12-20
8009,James,Garza,james.garza8009@example.com,Dubai,UAE,2026-05-14
8010,Gina,Cervantes,gina.cervantes8010@example.com,Jeddah,Saudi Arabia,2023-12-08
8011,Patrick,Hawkins,patrick.hawkins8011@example.com,Giza,UAE,2020-04-30
8012,Kelly,Jenkins,kelly.jenkins8012@example.com,Abu Dhabi,United Kingdom,2024-03-12
8013,Patrick,Garcia,patrick.garcia8013@example.com,Cairo,France,2024-10-24
8014,Javier,Mitchell,javier.mitchell8014@example.com,Jeddah,Qatar,2022-07-08
8015,Brandon,Castillo,brandon.castillo8015@example.com,Abu Dhabi,Kuwait,2024-04-12
8016,Joseph,Hall,joseph.hall8016@example.com,Cairo,Kuwait,2021-12-28
8017,Grant,Morris,grant.morris8017@example.com,Alexandria,France,2024-09-12
8018,Isaac,Mclaughlin,isaac.mclaughlin8018@example.com,Dubai,Kuwait,2024-04-17
8019,Tammy,Santiago,tammy.santiago8019@example.com,Cairo,Saudi Arabia,2020-12-26
8020,Brooke,Aguilar,brooke.aguilar8020@example.com,Riyadh,Jordan,2020-01-29
8021,Rhonda,Forbes,rhonda.forbes8021@example.com,Riyadh,France,2022-04-19
8022,Sean,Smith,sean.smith8022@example.com,Abu Dhabi,France,2021-09-01
8023,Jennifer,Bartlett,jennifer.bartlett8023@example.com,Abu Dhabi,Jordan,2023-12-03
8024,Frederick,Jordan,frederick.jordan8024@example.com,Berlin,Germany,2020-12-06
8025,Vanessa,Keller,vanessa.keller8025@example.com,Amman,Germany,2025-12-30
8026,Anthony,Mcdonald,anthony.mcdonald8026@example.com,Alexandria,UAE,2023-07-25
8027,Zachary,Weiss,zachary.weiss8027@example.com,Giza,UAE,2025-02-22
8028,Amber,Jackson,amber.jackson8028@example.com,Alexandria,Germany,2025-01-29
8029,Christopher,Brown,christopher.brown8029@example.com,Cairo,United Kingdom,2024-05-24
8030,Eric,Ortega,eric.ortega8030@example.com,Jeddah,Germany,2023-12-09
8031,Anthony,Pratt,anthony.pratt8031@example.com,Jeddah,UAE,2021-06-16
8032,Courtney,Davis,courtney.davis8032@example.com,Abu Dhabi,Saudi Arabia,2024-12-15
8033,Sarah,Zuniga,sarah.zuniga8033@example.com,Jeddah,United Kingdom,2024-12-15
8034,Sherry,Lloyd,sherry.lloyd8034@example.com,Berlin,Kuwait,2023-04-16
8035,Joe,Cohen,joe.cohen8035@example.com,Amman,France,2020-11-25
8036,Karen,Duncan,karen.duncan8036@example.com,Alexandria,United States,2020-09-03
8037,Caitlin,Dyer,caitlin.dyer8037@example.com,Dubai,Qatar,2020-03-02
8038,Kimberly,West,kimberly.west8038@example.com,Cairo,Germany,2021-03-21
8039,Dwayne,Rodriguez,dwayne.rodriguez8039@example.com,Berlin,Kuwait,2025-08-12
8040,Theresa,Estes,theresa.estes8040@example.com,London,France,2023-05-19
8041,Jessica,Medina,jessica.medina8041@example.com,Alexandria,UAE,2022-08-21
8042,Connie,Oconnell,connie.oconnell8042@example.com,Riyadh,Kuwait,2022-05-08
8043,Sarah,Romero,sarah.romero8043@example.com,Abu Dhabi,Egypt,2023-06-12
8044,Lisa,York,lisa.york8044@example.com,Jeddah,Germany,2026-02-21
8045,Tara,Reilly,tara.reilly8045@example.com,Alexandria,Saudi Arabia,2021-09-09
8046,Patricia,Torres,patricia.torres8046@example.com,Giza,Qatar,2024-11-07
8047,Devon,Chang,devon.chang8047@example.com,Abu Dhabi,United States,2023-12-30
8048,Shannon,Beard,shannon.beard8048@example.com,Alexandria,Qatar,2022-11-17
8049,Michael,Palmer,michael.palmer8049@example.com,London,UAE,2020-03-11
8050,Sara,Duncan,sara.duncan8050@example.com,Jeddah,Kuwait,2023-03-05
8051,Scott,Hunter,scott.hunter8051@example.com,Giza,Saudi Arabia,2021-02-18
8052,Samuel,Smith,samuel.smith8052@example.com,London,France,2022-03-12
8053,Gerald,Cain,gerald.cain8053@example.com,Berlin,United Kingdom,2020-11-24
8054,Jordan,Williams,jordan.williams8054@example.com,Berlin,UAE,2025-03-13
8055,Thomas,Kennedy,thomas.kennedy8055@example.com,Dubai,Egypt,2024-10-23
8056,Clayton,Kirby,clayton.kirby8056@example.com,Dubai,Kuwait,2022-07-12
8057,Megan,James,megan.james8057@example.com,Riyadh,United States,2023-03-23
8058,Christopher,Larson,christopher.larson8058@example.com,Berlin,United Kingdom,2022-01-02
8059,Christopher,Wong,christopher.wong8059@example.com,Giza,United Kingdom,2025-10-17
8060,Christopher,Moore,christopher.moore8060@example.com,Abu Dhabi,United States,2024-09-15
8061,Patricia,Craig,patricia.craig8061@example.com,Berlin,Egypt,2024-07-17
8062,Brittany,Moody,brittany.moody8062@example.com,Jeddah,Kuwait,2020-03-15
8063,Carol,Henderson,carol.henderson8063@example.com,Riyadh,Saudi Arabia,2021-02-16
8064,Rebecca,Hernandez,rebecca.hernandez8064@example.com,Cairo,UAE,2021-01-08
8065,Jessica,Myers,jessica.myers8065@example.com,Alexandria,Qatar,2023-06-27
8066,Sherry,Santiago,sherry.santiago8066@example.com,Dubai,Kuwait,2020-12-02
8067,Melanie,Beck,melanie.beck8067@example.com,Alexandria,Jordan,2020-04-30
8068,Brendan,Williams,brendan.williams8068@example.com,Giza,Germany,2020-07-27
8069,Michael,Reeves,michael.reeves8069@example.com,Abu Dhabi,United States,2025-12-02
8070,Jonathan,Tyler,jonathan.tyler8070@example.com,Jeddah,Egypt,2022-09-08
8071,Kristy,Henderson,kristy.henderson8071@example.com,Amman,UAE,2021-02-15
8072,Michael,Williams,michael.williams8072@example.com,Berlin,Germany,2020-08-04
8073,Rachel,May,rachel.may8073@example.com,Cairo,Jordan,2021-10-30
8074,Gregory,Mitchell,gregory.mitchell8074@example.com,Cairo,Jordan,2021-03-06
8075,Patricia,Vazquez,patricia.vazquez8075@example.com,London,France,2026-03-05
8076,Angela,Cook,angela.cook8076@example.com,London,United States,2020-07-21
8077,Nicholas,Rodriguez,nicholas.rodriguez8077@example.com,Giza,Saudi Arabia,2023-02-04
8078,Sarah,Carpenter,sarah.carpenter8078@example.com,Cairo,Egypt,2022-05-09
8079,Michele,Hopkins,michele.hopkins8079@example.com,Abu Dhabi,France,2021-04-23
8080,Danielle,White,danielle.white8080@example.com,Dubai,Saudi Arabia,2025-07-26
8081,Danielle,Dyer,danielle.dyer8081@example.com,Giza,United States,2025-03-26
8082,Sara,Miles,sara.miles8082@example.com,Berlin,Germany,2020-07-05
8083,Justin,Bishop,justin.bishop8083@example.com,Giza,Germany,2021-09-29
8084,Patrick,Wright,patrick.wright8084@example.com,Riyadh,United States,2020-07-27
8085,Joseph,Carr,joseph.carr8085@example.com,Berlin,Kuwait,2021-02-07
8086,Anthony,Chavez,anthony.chavez8086@example.com,London,Kuwait,2025-03-26
8087,Larry,Brown,larry.brown8087@example.com,Berlin,Qatar,2024-02-02
8088,Alexander,Hoffman,alexander.hoffman8088@example.com,Cairo,Saudi Arabia,2020-11-11
8089,Curtis,Thomas,curtis.thomas8089@example.com,Dubai,France,2023-10-27
8090,Tina,Kelly,tina.kelly8090@example.com,Dubai,Qatar,2025-12-11
8091,Kathleen,Petersen,kathleen.petersen8091@example.com,Alexandria,Saudi Arabia,2020-04-02
8092,Richard,Daniels,richard.daniels8092@example.com,Amman,UAE,2026-04-05
8093,David,Shaw,david.shaw8093@example.com,Berlin,France,2025-11-10
8094,Audrey,Clarke,audrey.clarke8094@example.com,Cairo,France,2021-07-17
8095,Jeffrey,Nichols,jeffrey.nichols8095@example.com,Amman,United States,2020-08-18
8096,Amanda,Shaw,amanda.shaw8096@example.com,Dubai,France,2021-04-03
8097,Christina,Beard,christina.beard8097@example.com,Jeddah,Saudi Arabia,2024-10-13
8098,Derrick,Green,derrick.green8098@example.com,Cairo,United Kingdom,2025-09-28
8099,Timothy,Ewing,timothy.ewing8099@example.com,Giza,United States,2025-04-09
8100,Karen,Wallace,karen.wallace8100@example.com,Alexandria,UAE,2022-04-10
8101,Barbara,Coleman,barbara.coleman8101@example.com,London,United States,2024-04-22
8102,Cindy,Brown,cindy.brown8102@example.com,Abu Dhabi,France,2025-07-01
8103,Kevin,Lewis,kevin.lewis8103@example.com,Giza,United Kingdom,2022-03-21
8104,Maria,Willis,maria.willis8104@example.com,Amman,Qatar,2022-07-17
8105,Katherine,Hardy,katherine.hardy8105@example.com,Cairo,France,2024-09-13
8106,Michael,Campos,michael.campos8106@example.com,Berlin,Saudi Arabia,2020-01-29
8107,Carol,Briggs,carol.briggs8107@example.com,Alexandria,Kuwait,2026-02-18
8108,Yolanda,Marks,yolanda.marks8108@example.com,Cairo,United Kingdom,2024-02-09
8109,Jennifer,Rodriguez,jennifer.rodriguez8109@example.com,Riyadh,France,2025-08-12
8110,Jason,Cortez,jason.cortez8110@example.com,Cairo,Egypt,2021-11-26
8111,Patricia,Peterson,patricia.peterson8111@example.com,Abu Dhabi,Kuwait,2022-03-06
8112,Tina,Williams,tina.williams8112@example.com,Alexandria,Jordan,2024-06-06
8113,Jonathan,Hawkins,jonathan.hawkins8113@example.com,Alexandria,UAE,2021-05-12
8114,Cody,Cook,cody.cook8114@example.com,Jeddah,United States,2020-06-04
8115,Maria,Johnson,maria.johnson8115@example.com,Jeddah,United States,2024-04-15
8116,Gabriel,Knox,gabriel.knox8116@example.com,Berlin,Qatar,2025-02-10
8117,Joshua,Turner,joshua.turner8117@example.com,Abu Dhabi,Germany,2025-04-17
8118,Duane,Martinez,duane.martinez8118@example.com,Cairo,Germany,2024-12-17
8119,Connor,Stewart,connor.stewart8119@example.com,Riyadh,Saudi Arabia,2024-11-24
8120,Anthony,Lee,anthony.lee8120@example.com,London,Saudi Arabia,2022-10-04
8121,Keith,Johnson,keith.johnson8121@example.com,London,Qatar,2021-08-04
8122,Ashley,Morales,ashley.morales8122@example.com,Giza,Qatar,2020-08-12
8123,Bryan,Campos,bryan.campos8123@example.com,Giza,Germany,2023-05-06
8124,Todd,Buck,todd.buck8124@example.com,Alexandria,Germany,2020-10-24
8125,Julie,Barton,julie.barton8125@example.com,Cairo,France,2020-02-09
8126,David,Green,david.green8126@example.com,Dubai,Jordan,2024-01-30
8127,Amanda,Mullins,amanda.mullins8127@example.com,Cairo,United Kingdom,2022-11-22
8128,Crystal,Payne,crystal.payne8128@example.com,Alexandria,Kuwait,2022-05-17
8129,Stephanie,Blair,stephanie.blair8129@example.com,Giza,United States,2026-01-13
8130,Michelle,Murray,michelle.murray8130@example.com,Dubai,United States,2021-07-14
8131,Andrea,Davis,andrea.davis8131@example.com,Abu Dhabi,United Kingdom,2023-04-14
8132,Christopher,Nelson,christopher.nelson8132@example.com,Berlin,Saudi Arabia,2022-06-21
8133,Zachary,Carney,zachary.carney8133@example.com,Cairo,Egypt,2023-05-19
8134,Kristin,Franco,kristin.franco8134@example.com,Giza,Germany,2020-11-01
8135,Cindy,Ellison,cindy.ellison8135@example.com,Cairo,Qatar,2022-07-25
8136,Courtney,Valentine,courtney.valentine8136@example.com,Cairo,UAE,2021-02-17
8137,Amy,Jensen,amy.jensen8137@example.com,Riyadh,Saudi Arabia,2024-03-24
8138,Amanda,Ballard,amanda.ballard8138@example.com,Amman,Qatar,2026-03-03
8139,John,Hester,john.hester8139@example.com,Jeddah,Kuwait,2024-07-13
8140,Randy,Montgomery,randy.montgomery8140@example.com,Dubai,Jordan,2023-09-13
8141,Scott,Conrad,scott.conrad8141@example.com,Dubai,Kuwait,2026-03-02
8142,Patrick,Edwards,patrick.edwards8142@example.com,Giza,Saudi Arabia,2020-01-13
8143,Patricia,Davis,patricia.davis8143@example.com,Riyadh,Egypt,2021-04-30
8144,Matthew,Green,matthew.green8144@example.com,Abu Dhabi,France,2024-09-18
8145,Lawrence,Keller,lawrence.keller8145@example.com,Abu Dhabi,UAE,2025-07-02
8146,Daniel,Austin,daniel.austin8146@example.com,Berlin,United States,2024-10-04
8147,Jennifer,Frazier,jennifer.frazier8147@example.com,Giza,Qatar,2025-04-19
8148,Brian,Mcdaniel,brian.mcdaniel8148@example.com,Dubai,United Kingdom,2023-10-12
8149,Tim,Ward,tim.ward8149@example.com,Riyadh,Saudi Arabia,2021-07-14
8150,Heidi,James,heidi.james8150@example.com,Berlin,Saudi Arabia,2025-01-13
8151,Heather,Bell,heather.bell8151@example.com,Amman,Qatar,2021-02-07
8152,Chad,Miller,chad.miller8152@example.com,Alexandria,Jordan,2026-08-22
8153,Felicia,Brown,felicia.brown8153@example.com,Riyadh,United States,2025-07-31
8154,Marissa,Medina,marissa.medina8154@example.com,Berlin,Saudi Arabia,2023-10-30
8155,Kelsey,Aguirre,kelsey.aguirre8155@example.com,Riyadh,Kuwait,2021-09-25
8156,Jamie,Edwards,jamie.edwards8156@example.com,Jeddah,Egypt,2025-03-06
8157,Robert,Fletcher,robert.fletcher8157@example.com,Alexandria,Jordan,2024-04-19
8158,David,Robertson,david.robertson8158@example.com,Cairo,UAE,2023-04-25
8159,Jordan,Watson,jordan.watson8159@example.com,Abu Dhabi,Germany,2024-02-23
8160,Brian,Washington,brian.washington8160@example.com,Abu Dhabi,Germany,2025-03-09
8161,Brandon,Wheeler,brandon.wheeler8161@example.com,Amman,UAE,2020-05-30
8162,Denise,Turner,denise.turner8162@example.com,Riyadh,Saudi Arabia,2024-12-13
8163,Derek,Moreno,derek.moreno8163@example.com,Giza,Egypt,2025-03-01
8164,Betty,White,betty.white8164@example.com,Dubai,Egypt,2025-08-10
8165,Kelly,Bennett,kelly.bennett8165@example.com,Amman,Saudi Arabia,2024-01-21
8166,Nicholas,Grimes,nicholas.grimes8166@example.com,Jeddah,Kuwait,2025-05-22
8167,Kristen,Yang,kristen.yang8167@example.com,Berlin,Jordan,2025-05-24
8168,Angela,Graham,angela.graham8168@example.com,Cairo,Jordan,2021-02-04
8169,Tyler,Williams,tyler.williams8169@example.com,Amman,Qatar,2023-06-11
8170,Kristina,Baker,kristina.baker8170@example.com,Dubai,United Kingdom,2020-03-06
8171,Alexis,Gibbs,alexis.gibbs8171@example.com,Alexandria,France,2023-04-29
8172,Lance,Henderson,lance.henderson8172@example.com,Giza,Kuwait,2025-08-23
8173,Michael,Avila,michael.avila8173@example.com,Riyadh,France,2022-01-11
8174,Matthew,Stafford,matthew.stafford8174@example.com,Jeddah,Egypt,2021-10-25
8175,Ashley,Patton,ashley.patton8175@example.com,London,UAE,2023-09-23
8176,Kyle,Flores,kyle.flores8176@example.com,Abu Dhabi,Germany,2025-12-03
8177,Jeffrey,Harrington,jeffrey.harrington8177@example.com,Jeddah,UAE,2025-01-20
8178,Linda,Johnson,linda.johnson8178@example.com,Alexandria,United Kingdom,2025-10-15
8179,David,Vincent,david.vincent8179@example.com,Abu Dhabi,Egypt,2025-01-11
8180,Mike,Lindsey,mike.lindsey8180@example.com,Jeddah,Germany,2022-10-23
8181,Nancy,Logan,nancy.logan8181@example.com,Alexandria,Egypt,2024-12-29
8182,Melissa,Lopez,melissa.lopez8182@example.com,Jeddah,Jordan,2021-08-12
8183,Robert,Haynes,robert.haynes8183@example.com,Amman,Saudi Arabia,2022-04-25
8184,Brian,Sanders,brian.sanders8184@example.com,Riyadh,Jordan,2026-02-24
8185,Matthew,Franklin,matthew.franklin8185@example.com,Jeddah,France,2024-09-06
8186,Jeremy,Brown,jeremy.brown8186@example.com,Alexandria,Qatar,2021-05-28
8187,Heather,Leonard,heather.leonard8187@example.com,Dubai,United Kingdom,2024-11-01
8188,Ethan,Lopez,ethan.lopez8188@example.com,Berlin,France,2020-08-01
8189,Gregory,Phillips,gregory.phillips8189@example.com,Jeddah,Egypt,2022-12-14
8190,Sylvia,Yates,sylvia.yates8190@example.com,Berlin,United Kingdom,2024-05-30
8191,Ronnie,Keith,ronnie.keith8191@example.com,London,Jordan,2021-12-23
8192,Heather,Wells,heather.wells8192@example.com,Cairo,Qatar,2024-02-26
8193,Richard,Gallagher,richard.gallagher8193@example.com,Dubai,Kuwait,2020-01-25
8194,Christina,Price,christina.price8194@example.com,Riyadh,Egypt,2025-11-19
8195,Dale,Thompson,dale.thompson8195@example.com,London,UAE,2025-04-26
8196,Jenna,Garcia,jenna.garcia8196@example.com,Dubai,United States,2024-09-08
8197,Nathan,Compton,nathan.compton8197@example.com,Giza,Qatar,2026-09-07
8198,Wesley,Frye,wesley.frye8198@example.com,Amman,Germany,2022-11-20
8199,Amanda,Holmes,amanda.holmes8199@example.com,Cairo,Qatar,2022-02-24
8200,Paul,Brown,paul.brown8200@example.com,Riyadh,Germany,2025-01-18
8201,Kathleen,Krause,kathleen.krause8201@example.com,Cairo,France,2025-08-10
8202,Alexis,Wells,alexis.wells8202@example.com,London,France,2025-08-09
8203,Zachary,Foster,zachary.foster8203@example.com,Riyadh,Qatar,2022-11-09
8204,Jennifer,Frey,jennifer.frey8204@example.com,Alexandria,Germany,2020-11-11
8205,David,Baxter,david.baxter8205@example.com,London,Egypt,2022-09-15
8206,Gerald,Larson,gerald.larson8206@example.com,Berlin,Kuwait,2021-08-25
8207,Shelly,Wallace,shelly.wallace8207@example.com,Alexandria,France,2022-05-10
8208,Kristen,Smith,kristen.smith8208@example.com,Jeddah,UAE,2025-02-08
8209,Laurie,Griffin,laurie.griffin8209@example.com,Dubai,UAE,2020-09-01
8210,Virginia,Ortiz,virginia.ortiz8210@example.com,Alexandria,UAE,2021-08-26
8211,Jose,Martin,jose.martin8211@example.com,Amman,Saudi Arabia,2021-03-11
8212,Lisa,Jones,lisa.jones8212@example.com,Giza,France,2024-02-28
8213,Jessica,Calhoun,jessica.calhoun8213@example.com,Amman,Germany,2021-05-09
8214,Brian,Rice,brian.rice8214@example.com,Amman,Saudi Arabia,2024-09-28
8215,Jeremy,Wolf,jeremy.wolf8215@example.com,Alexandria,Egypt,2023-04-21
8216,Timothy,Perez,timothy.perez8216@example.com,Alexandria,United States,2026-02-02
8217,Michael,Chapman,michael.chapman8217@example.com,Riyadh,Saudi Arabia,2023-03-29
8218,Paul,Goodwin,paul.goodwin8218@example.com,Abu Dhabi,United Kingdom,2024-07-13
8219,Brandon,Spencer,brandon.spencer8219@example.com,London,United Kingdom,2022-08-11
8220,Terri,Reid,terri.reid8220@example.com,Cairo,Qatar,2021-12-20
8221,Miguel,Baker,miguel.baker8221@example.com,Giza,Germany,2026-06-27
8222,Willie,Collins,willie.collins8222@example.com,Cairo,Jordan,2026-07-22
8223,David,Grant,david.grant8223@example.com,Alexandria,UAE,2020-05-01
8224,Karen,Gordon,karen.gordon8224@example.com,Alexandria,Germany,2026-05-18
8225,Natalie,Cox,natalie.cox8225@example.com,Berlin,Egypt,2021-01-26
8226,Karen,Dodson,karen.dodson8226@example.com,Abu Dhabi,UAE,2024-06-16
8227,Brandon,Lowe,brandon.lowe8227@example.com,Abu Dhabi,France,2020-11-13
8228,Ruben,Torres,ruben.torres8228@example.com,Cairo,Germany,2026-02-15
8229,Michael,Pearson,michael.pearson8229@example.com,Cairo,Saudi Arabia,2025-01-19
8230,Matthew,Thomas,matthew.thomas8230@example.com,Amman,Egypt,2022-06-03
8231,James,Beard,james.beard8231@example.com,Giza,Germany,2022-03-05
8232,Daniel,Blackburn,daniel.blackburn8232@example.com,Amman,Egypt,2023-11-03
8233,Eric,Marquez,eric.marquez8233@example.com,Cairo,Egypt,2023-04-07
8234,Seth,Carrillo,seth.carrillo8234@example.com,London,Jordan,2022-05-04
8235,Christina,Doyle,christina.doyle8235@example.com,Alexandria,Germany,2025-02-22
8236,Tiffany,Fleming,tiffany.fleming8236@example.com,Alexandria,Kuwait,2023-02-19
8237,Christine,Ochoa,christine.ochoa8237@example.com,Jeddah,United States,2022-07-05
8238,Christopher,Gonzales,christopher.gonzales8238@example.com,Giza,France,2021-10-16
8239,Kim,Duran,kim.duran8239@example.com,London,Kuwait,2024-12-21
8240,John,Carter,john.carter8240@example.com,Jeddah,Jordan,2026-03-24
8241,Darlene,Newton,darlene.newton8241@example.com,Cairo,United Kingdom,2022-06-29
8242,Tracy,Johnson,tracy.johnson8242@example.com,London,Egypt,2024-06-16
8243,Mikayla,Peters,mikayla.peters8243@example.com,Riyadh,Kuwait,2020-09-06
8244,Noah,Jackson,noah.jackson8244@example.com,Alexandria,Qatar,2026-03-02
8245,Charles,Wells,charles.wells8245@example.com,Riyadh,Saudi Arabia,2022-06-15
8246,Jennifer,Pena,jennifer.pena8246@example.com,London,Jordan,2021-06-05
8247,Bruce,Bradford,bruce.bradford8247@example.com,Amman,UAE,2025-07-13
8248,Catherine,Hughes,catherine.hughes8248@example.com,Alexandria,United Kingdom,2020-12-22
8249,John,Williams,john.williams8249@example.com,Alexandria,United States,2021-04-27
8250,Mark,Reid,mark.reid8250@example.com,Jeddah,Jordan,2023-11-26
8251,Arthur,Lynch,arthur.lynch8251@example.com,Cairo,Kuwait,2026-04-25
8252,Laura,Perez,laura.perez8252@example.com,Jeddah,Egypt,2021-05-28
8253,Jennifer,Shaw,jennifer.shaw8253@example.com,Jeddah,Germany,2025-01-27
8254,Duane,Hanson,duane.hanson8254@example.com,Jeddah,Qatar,2021-12-04
8255,Jerome,Abbott,jerome.abbott8255@example.com,Amman,UAE,2026-03-14
8256,Nicole,Smith,nicole.smith8256@example.com,Abu Dhabi,Qatar,2022-04-21
8257,Michaela,Boyer,michaela.boyer8257@example.com,London,France,2022-12-20
8258,Kristin,Yang,kristin.yang8258@example.com,London,United States,2024-03-10
8259,Xavier,Espinoza,xavier.espinoza8259@example.com,Cairo,France,2020-01-03
8260,Randy,Wells,randy.wells8260@example.com,Berlin,United Kingdom,2024-11-16
8261,Justin,Stein,justin.stein8261@example.com,Abu Dhabi,Egypt,2024-09-10
8262,Megan,Reed,megan.reed8262@example.com,Amman,Qatar,2024-08-17
8263,Gerald,King,gerald.king8263@example.com,Cairo,UAE,2020-07-01
8264,Sabrina,Moses,sabrina.moses8264@example.com,Berlin,Egypt,2021-02-27
8265,Jose,Simmons,jose.simmons8265@example.com,London,UAE,2026-09-03
8266,Margaret,Clark,margaret.clark8266@example.com,Cairo,UAE,2022-02-01
8267,Amanda,Ward,amanda.ward8267@example.com,Giza,Qatar,2023-05-10
8268,Cameron,Morrison,cameron.morrison8268@example.com,Dubai,United States,2020-05-13
8269,Jeff,Bush,jeff.bush8269@example.com,Abu Dhabi,Kuwait,2026-01-29
8270,Andrea,Smith,andrea.smith8270@example.com,London,Egypt,2026-07-23
8271,Gina,Campos,gina.campos8271@example.com,Dubai,UAE,2021-10-04
8272,Lauren,Caldwell,lauren.caldwell8272@example.com,Riyadh,Jordan,2022-10-09
8273,John,Larson,john.larson8273@example.com,Dubai,UAE,2020-01-27
8274,Dylan,Bryant,dylan.bryant8274@example.com,Alexandria,Jordan,2024-01-04
8275,Wayne,Guerrero,wayne.guerrero8275@example.com,Giza,Egypt,2021-09-22
8276,Morgan,Moss,morgan.moss8276@example.com,Riyadh,Qatar,2023-11-10
8277,Linda,Bradley,linda.bradley8277@example.com,Cairo,Saudi Arabia,2022-07-15
8278,Ronald,Willis,ronald.willis8278@example.com,Riyadh,Kuwait,2023-09-07
8279,Wyatt,Moore,wyatt.moore8279@example.com,Cairo,Jordan,2024-07-16
8280,Olivia,Vaughn,olivia.vaughn8280@example.com,London,United Kingdom,2026-03-20
8281,Bruce,Kaiser,bruce.kaiser8281@example.com,Berlin,Kuwait,2022-05-02
8282,Leonard,Riley,leonard.riley8282@example.com,London,Jordan,2022-10-02
8283,Dean,Mendoza,dean.mendoza8283@example.com,Dubai,UAE,2023-04-21
8284,Joshua,Cole,joshua.cole8284@example.com,Dubai,Germany,2021-10-30
8285,Devin,Bennett,devin.bennett8285@example.com,London,Germany,2021-06-25
8286,Benjamin,Davis,benjamin.davis8286@example.com,Cairo,United Kingdom,2020-04-19
8287,Jessica,George,jessica.george8287@example.com,Riyadh,United States,2026-01-14
8288,Julie,James,julie.james8288@example.com,Dubai,Saudi Arabia,2021-06-01
8289,Johnny,Adams,johnny.adams8289@example.com,Abu Dhabi,Kuwait,2021-01-05
8290,Rebecca,Decker,rebecca.decker8290@example.com,Alexandria,United States,2020-08-23
8291,Deborah,Vargas,deborah.vargas8291@example.com,Amman,Qatar,2024-05-27
8292,Francisco,Young,francisco.young8292@example.com,Riyadh,United States,2021-07-02
8293,Ashley,Garcia,ashley.garcia8293@example.com,Cairo,Saudi Arabia,2021-08-07
8294,Theresa,Galloway,theresa.galloway8294@example.com,Dubai,France,2024-07-02
8295,Donna,Porter,donna.porter8295@example.com,Dubai,Saudi Arabia,2025-05-24
8296,Philip,Montoya,philip.montoya8296@example.com,Amman,Kuwait,2026-08-05
8297,Sherry,Knight,sherry.knight8297@example.com,Riyadh,Kuwait,2021-10-17
8298,Tonya,Holmes,tonya.holmes8298@example.com,Giza,Egypt,2024-04-21
8299,Xavier,Williams,xavier.williams8299@example.com,Alexandria,United States,2023-01-03
8300,Belinda,Glass,belinda.glass8300@example.com,Giza,United States,2022-04-12
8301,Gary,Martinez,gary.martinez8301@example.com,Amman,Qatar,2021-02-04
8302,Lisa,Smith,lisa.smith8302@example.com,London,UAE,2022-01-10
8303,Jerry,Small,jerry.small8303@example.com,Jeddah,France,2020-11-07
8304,Allen,Holt,allen.holt8304@example.com,Dubai,Saudi Arabia,2025-05-26
8305,Paul,Hamilton,paul.hamilton8305@example.com,Riyadh,Jordan,2024-06-29
8306,Danny,Kent,danny.kent8306@example.com,Alexandria,Germany,2023-01-27
8307,William,Welch,william.welch8307@example.com,Amman,Qatar,2021-09-11
8308,Emily,Grant,emily.grant8308@example.com,Berlin,Germany,2022-10-28
8309,Laurie,Castillo,laurie.castillo8309@example.com,Jeddah,Saudi Arabia,2021-08-04
8310,Paul,Smith,paul.smith8310@example.com,Cairo,United States,2024-10-09
8311,Christopher,Phillips,christopher.phillips8311@example.com,Giza,France,2022-07-25
8312,Nathan,Robles,nathan.robles8312@example.com,Cairo,Egypt,2026-05-28
8313,Keith,Lowery,keith.lowery8313@example.com,London,UAE,2025-12-23
8314,Joe,Tran,joe.tran8314@example.com,Abu Dhabi,Qatar,2021-07-16
8315,Sarah,Santos,sarah.santos8315@example.com,Abu Dhabi,Egypt,2022-02-21
8316,Danielle,Miller,danielle.miller8316@example.com,Alexandria,Saudi Arabia,2020-09-14
8317,William,Williams,william.williams8317@example.com,Riyadh,Jordan,2023-09-21
8318,Timothy,Fisher,timothy.fisher8318@example.com,Riyadh,Egypt,2023-07-25
8319,Karen,Chase,karen.chase8319@example.com,Giza,Kuwait,2022-05-09
8320,Darlene,Lee,darlene.lee8320@example.com,Alexandria,Saudi Arabia,2026-07-11
8321,Kyle,Cline,kyle.cline8321@example.com,Giza,Kuwait,2022-08-31
8322,Brianna,Collier,brianna.collier8322@example.com,Cairo,United Kingdom,2024-12-13
8323,Kristy,Johnson,kristy.johnson8323@example.com,Amman,United States,2025-03-03
8324,James,Mejia,james.mejia8324@example.com,Alexandria,Kuwait,2025-03-24
8325,Andre,Conley,andre.conley8325@example.com,London,UAE,2024-03-13
8326,Richard,White,richard.white8326@example.com,Abu Dhabi,UAE,2021-09-20
8327,Mitchell,Ochoa,mitchell.ochoa8327@example.com,Giza,United Kingdom,2026-02-11
8328,Sherry,Cisneros,sherry.cisneros8328@example.com,Dubai,Kuwait,2023-08-09
8329,Brianna,Kim,brianna.kim8329@example.com,Berlin,Saudi Arabia,2026-08-16
8330,Charles,Smith,charles.smith8330@example.com,Alexandria,Egypt,2023-05-24
8331,Hannah,Graham,hannah.graham8331@example.com,Berlin,France,2025-07-10
8332,Teresa,Barnett,teresa.barnett8332@example.com,Cairo,Germany,2025-07-11
8333,Robert,Davis,robert.davis8333@example.com,Jeddah,United States,2022-03-23
8334,Alexander,Holland,alexander.holland8334@example.com,Dubai,Jordan,2021-11-27
8335,Sabrina,Evans,sabrina.evans8335@example.com,London,United States,2026-04-05
8336,Christopher,Davis,christopher.davis8336@example.com,Jeddah,Qatar,2021-01-25
8337,Mary,Kaiser,mary.kaiser8337@example.com,Riyadh,United States,2020-08-22
8338,Jeffrey,Campbell,jeffrey.campbell8338@example.com,Alexandria,Qatar,2025-03-28
8339,Lindsey,Weaver,lindsey.weaver8339@example.com,Berlin,Kuwait,2024-11-09
8340,Craig,Mendez,craig.mendez8340@example.com,Abu Dhabi,Egypt,2025-10-29
8341,Sandra,Vargas,sandra.vargas8341@example.com,Riyadh,United Kingdom,2024-01-11
8342,Kelsey,Harrison,kelsey.harrison8342@example.com,Berlin,United Kingdom,2022-02-25
8343,Alexandra,Smith,alexandra.smith8343@example.com,Berlin,UAE,2023-08-06
8344,Kendra,Wolf,kendra.wolf8344@example.com,Jeddah,France,2021-07-06
8345,Russell,Kelley,russell.kelley8345@example.com,Jeddah,UAE,2020-03-14
8346,Kelly,Taylor,kelly.taylor8346@example.com,Berlin,Kuwait,2024-06-17
8347,Amanda,Bradley,amanda.bradley8347@example.com,Amman,UAE,2026-07-22
8348,Christy,Moore,christy.moore8348@example.com,Alexandria,Qatar,2023-06-03
8349,Catherine,Glover,catherine.glover8349@example.com,Dubai,Qatar,2024-03-08
8350,Allison,Fernandez,allison.fernandez8350@example.com,Giza,United States,2024-05-23
8351,Angela,Meyer,angela.meyer8351@example.com,Alexandria,United Kingdom,2021-10-13
8352,Cynthia,Wilson,cynthia.wilson8352@example.com,Alexandria,UAE,2023-12-06
8353,Allison,Fleming,allison.fleming8353@example.com,Cairo,Saudi Arabia,2025-12-24
8354,Danielle,Harrington,danielle.harrington8354@example.com,Alexandria,Qatar,2024-07-19
8355,Charles,Johnson,charles.johnson8355@example.com,Alexandria,Kuwait,2025-01-05
8356,Leah,Patterson,leah.patterson8356@example.com,Alexandria,United Kingdom,2024-08-11
8357,Michael,Anthony,michael.anthony8357@example.com,Dubai,United States,2022-10-28
8358,Ashley,Mosley,ashley.mosley8358@example.com,Alexandria,Egypt,2021-01-06
8359,Andrew,Wheeler,andrew.wheeler8359@example.com,Alexandria,UAE,2022-10-03
8360,David,Harding,david.harding8360@example.com,Abu Dhabi,Saudi Arabia,2023-03-23
8361,David,Ibarra,david.ibarra8361@example.com,London,United States,2021-12-17
8362,Kathryn,Howard,kathryn.howard8362@example.com,London,Egypt,2020-02-25
8363,Melinda,Welch,melinda.welch8363@example.com,London,Germany,2024-06-03
8364,Barbara,Guerra,barbara.guerra8364@example.com,Alexandria,France,2020-06-11
8365,Jacob,Smith,jacob.smith8365@example.com,Alexandria,Germany,2024-06-20
8366,Tiffany,Tran,tiffany.tran8366@example.com,Cairo,Kuwait,2023-11-04
8367,Adam,Acevedo,adam.acevedo8367@example.com,Cairo,United States,2024-01-19
8368,Phyllis,Richardson,phyllis.richardson8368@example.com,Jeddah,Jordan,2022-01-28
8369,Donald,Jones,donald.jones8369@example.com,Giza,France,2023-03-13
8370,Steven,Rogers,steven.rogers8370@example.com,Cairo,Egypt,2022-08-06
8371,Leonard,Bernard,leonard.bernard8371@example.com,London,Saudi Arabia,2020-07-23
8372,Steven,Bryant,steven.bryant8372@example.com,Giza,United States,2022-06-18
8373,Janice,Lambert,janice.lambert8373@example.com,Dubai,Qatar,2022-04-02
8374,Devin,Phillips,devin.phillips8374@example.com,Berlin,United States,2021-12-28
8375,Carrie,Bowers,carrie.bowers8375@example.com,Alexandria,UAE,2023-05-05
8376,Colin,Chambers,colin.chambers8376@example.com,Amman,Saudi Arabia,2020-12-21
8377,Mary,Arnold,mary.arnold8377@example.com,London,Jordan,2024-04-14
8378,Juan,Franklin,juan.franklin8378@example.com,Cairo,Egypt,2024-09-15
8379,Brittany,Case,brittany.case8379@example.com,Cairo,United Kingdom,2021-08-11
8380,Ryan,Thompson,ryan.thompson8380@example.com,Amman,France,2020-06-01
8381,Donald,Hahn,donald.hahn8381@example.com,Riyadh,Germany,2023-02-24
8382,Matthew,Matthews,matthew.matthews8382@example.com,Jeddah,Saudi Arabia,2024-09-08
8383,Shannon,Shepherd,shannon.shepherd8383@example.com,Cairo,France,2024-11-20
8384,Nicole,Gentry,nicole.gentry8384@example.com,Alexandria,Germany,2023-02-26
8385,Joseph,Simon,joseph.simon8385@example.com,Dubai,United Kingdom,2023-12-20
8386,Joseph,Anderson,joseph.anderson8386@example.com,Cairo,Egypt,2026-06-02
8387,Madeline,Reed,madeline.reed8387@example.com,Riyadh,Jordan,2025-03-11
8388,Kelly,Tucker,kelly.tucker8388@example.com,Alexandria,Jordan,2023-01-16
8389,Mary,Flores,mary.flores8389@example.com,Jeddah,Saudi Arabia,2024-12-26
8390,Kimberly,Martinez,kimberly.martinez8390@example.com,Jeddah,UAE,2022-07-02
8391,Megan,Thomas,megan.thomas8391@example.com,Giza,Jordan,2022-03-22
8392,Megan,Richardson,megan.richardson8392@example.com,Jeddah,Saudi Arabia,2020-02-20
8393,Maria,Page,maria.page8393@example.com,London,Kuwait,2023-03-05
8394,Andrew,Navarro,andrew.navarro8394@example.com,Giza,Germany,2023-05-12
8395,Bryan,Ross,bryan.ross8395@example.com,Alexandria,Jordan,2021-02-10
8396,Sara,Roach,sara.roach8396@example.com,Jeddah,Qatar,2023-02-04
8397,Robert,Sampson,robert.sampson8397@example.com,Abu Dhabi,Saudi Arabia,2022-03-16
8398,Stephen,Lewis,stephen.lewis8398@example.com,Amman,UAE,2025-03-15
8399,Derek,Abbott,derek.abbott8399@example.com,Amman,Germany,2025-11-13
8400,Theodore,Thompson,theodore.thompson8400@example.com,Riyadh,France,2024-09-17
8401,Frank,Castro,frank.castro8401@example.com,Cairo,Germany,2022-05-03
8402,Mark,Griffith,mark.griffith8402@example.com,Abu Dhabi,United States,2023-04-12
8403,Kristin,Smith,kristin.smith8403@example.com,Alexandria,United States,2020-07-03
8404,Christopher,Meyer,christopher.meyer8404@example.com,Abu Dhabi,Germany,2020-10-11
8405,Sierra,Montoya,sierra.montoya8405@example.com,Amman,Qatar,2023-10-25
8406,Ian,Barker,ian.barker8406@example.com,Giza,United Kingdom,2026-03-04
8407,Jennifer,Allen,jennifer.allen8407@example.com,Amman,Egypt,2020-12-20
8408,Derek,Barnes,derek.barnes8408@example.com,Amman,United States,2026-05-01
8409,Perry,Peck,perry.peck8409@example.com,Dubai,UAE,2023-05-12
8410,Sandra,Norton,sandra.norton8410@example.com,Alexandria,Egypt,2021-11-21
8411,Nathan,Olson,nathan.olson8411@example.com,Abu Dhabi,United Kingdom,2022-06-16
8412,Brian,Bell,brian.bell8412@example.com,Amman,Kuwait,2022-12-28
8413,Anna,Wolfe,anna.wolfe8413@example.com,Abu Dhabi,Saudi Arabia,2025-07-25
8414,Stacy,Davis,stacy.davis8414@example.com,Alexandria,Jordan,2023-01-05
8415,Autumn,Villegas,autumn.villegas8415@example.com,Riyadh,Germany,2023-10-05
8416,Cheryl,Anthony,cheryl.anthony8416@example.com,Dubai,United Kingdom,2024-05-11
8417,Norma,Rodriguez,norma.rodriguez8417@example.com,London,Kuwait,2025-01-11
8418,Lisa,Miller,lisa.miller8418@example.com,London,Egypt,2021-11-08
8419,Jacob,Miller,jacob.miller8419@example.com,Riyadh,Kuwait,2026-01-04
8420,Nicole,Manning,nicole.manning8420@example.com,Riyadh,Jordan,2024-03-30
8421,Jeremy,Montoya,jeremy.montoya8421@example.com,Alexandria,Germany,2026-04-10
8422,Laura,Brown,laura.brown8422@example.com,London,Egypt,2023-02-24
8423,Ashley,Gonzalez,ashley.gonzalez8423@example.com,Amman,UAE,2022-03-21
8424,Antonio,Jones,antonio.jones8424@example.com,Berlin,Germany,2022-12-26
8425,Russell,Edwards,russell.edwards8425@example.com,Giza,Egypt,2020-01-14
8426,Alexis,Krueger,alexis.krueger8426@example.com,London,Qatar,2022-07-19
8427,Jonathan,Haynes,jonathan.haynes8427@example.com,Berlin,Qatar,2023-07-05
8428,Vanessa,Miller,vanessa.miller8428@example.com,Amman,Kuwait,2021-12-15
8429,William,Glover,william.glover8429@example.com,Giza,Germany,2023-02-14
8430,Anna,Murphy,anna.murphy8430@example.com,Dubai,Qatar,2026-08-13
8431,Kelly,Cochran,kelly.cochran8431@example.com,London,Egypt,2020-05-13
8432,Donald,Bradley,donald.bradley8432@example.com,London,Jordan,2025-05-07
8433,Taylor,Watkins,taylor.watkins8433@example.com,Berlin,Saudi Arabia,2022-12-08
8434,Ashley,Grimes,ashley.grimes8434@example.com,Jeddah,Egypt,2023-06-02
8435,Robert,Anderson,robert.anderson8435@example.com,Amman,Germany,2021-01-19
8436,Jonathan,Frye,jonathan.frye8436@example.com,Abu Dhabi,Jordan,2025-02-09
8437,Katie,Gutierrez,katie.gutierrez8437@example.com,Berlin,United Kingdom,2022-12-08
8438,Jessica,Chung,jessica.chung8438@example.com,Abu Dhabi,Jordan,2025-02-15
8439,Laura,Robertson,laura.robertson8439@example.com,Cairo,Germany,2024-03-16
8440,Donald,Wells,donald.wells8440@example.com,Giza,United Kingdom,2025-01-22
8441,Linda,Shepherd,linda.shepherd8441@example.com,Riyadh,Germany,2022-11-16
8442,Christopher,Winters,christopher.winters8442@example.com,Jeddah,France,2021-06-22
8443,Jessica,Jones,jessica.jones8443@example.com,Jeddah,Jordan,2024-07-13
8444,Jonathan,Williams,jonathan.williams8444@example.com,Berlin,Saudi Arabia,2024-02-15
8445,Michael,Hoffman,michael.hoffman8445@example.com,Abu Dhabi,Saudi Arabia,2025-10-28
8446,Cheryl,Walker,cheryl.walker8446@example.com,Riyadh,United Kingdom,2026-05-28
8447,Isaac,Mcdonald,isaac.mcdonald8447@example.com,Cairo,Egypt,2021-09-02
8448,Kenneth,Arellano,kenneth.arellano8448@example.com,Amman,France,2021-11-14
8449,Kristen,Chandler,kristen.chandler8449@example.com,London,Saudi Arabia,2020-02-15
8450,Samuel,Warren,samuel.warren8450@example.com,Berlin,Kuwait,2023-10-02
8451,Nicole,Allen,nicole.allen8451@example.com,Cairo,France,2026-04-21
8452,Monica,Hernandez,monica.hernandez8452@example.com,Jeddah,Egypt,2023-04-03
8453,Alyssa,Sullivan,alyssa.sullivan8453@example.com,Dubai,Qatar,2024-08-14
8454,Joshua,Gardner,joshua.gardner8454@example.com,Jeddah,Egypt,2023-10-14
8455,Benjamin,Patterson,benjamin.patterson8455@example.com,Cairo,Jordan,2022-10-12
8456,James,Kelley,james.kelley8456@example.com,Amman,Kuwait,2024-10-06
8457,Veronica,Davies,veronica.davies8457@example.com,London,United Kingdom,2022-10-03
8458,Patricia,Galvan,patricia.galvan8458@example.com,Dubai,Egypt,2024-06-11
8459,Wesley,Payne,wesley.payne8459@example.com,Amman,France,2022-05-14
8460,Tammy,Stewart,tammy.stewart8460@example.com,Cairo,Germany,2025-04-13
8461,Jeremy,Morse,jeremy.morse8461@example.com,Giza,United Kingdom,2021-07-09
8462,Lauren,Mccoy,lauren.mccoy8462@example.com,Alexandria,UAE,2024-09-18
8463,Melissa,Sullivan,melissa.sullivan8463@example.com,Jeddah,France,2026-06-11
8464,Devin,Williams,devin.williams8464@example.com,Abu Dhabi,Saudi Arabia,2020-03-07
8465,Matthew,Griffin,matthew.griffin8465@example.com,Berlin,France,2025-09-12
8466,Sean,Hill,sean.hill8466@example.com,Berlin,Germany,2023-09-09
8467,Brendan,Ward,brendan.ward8467@example.com,Dubai,United Kingdom,2023-09-11
8468,Christine,Gomez,christine.gomez8468@example.com,London,Egypt,2024-05-05
8469,Michael,Sanders,michael.sanders8469@example.com,Amman,Jordan,2026-06-03
8470,Jamie,White,jamie.white8470@example.com,Jeddah,Jordan,2023-06-01
8471,Makayla,Wheeler,makayla.wheeler8471@example.com,Alexandria,United Kingdom,2025-08-25
8472,Amber,Cook,amber.cook8472@example.com,Amman,Germany,2020-04-08
8473,Kathy,Rodriguez,kathy.rodriguez8473@example.com,Riyadh,Qatar,2020-03-30
8474,Trevor,Graves,trevor.graves8474@example.com,Abu Dhabi,United States,2021-07-19
8475,Jessica,Wade,jessica.wade8475@example.com,Alexandria,Saudi Arabia,2025-02-08
8476,Carol,Preston,carol.preston8476@example.com,Cairo,Kuwait,2026-04-16
8477,Cory,Miller,cory.miller8477@example.com,Jeddah,Saudi Arabia,2026-02-10
8478,Craig,Maxwell,craig.maxwell8478@example.com,Jeddah,France,2020-05-01
8479,Shelly,Davis,shelly.davis8479@example.com,Jeddah,Germany,2022-04-23
8480,Valerie,Smith,valerie.smith8480@example.com,Alexandria,Egypt,2020-10-12
8481,Mark,Phillips,mark.phillips8481@example.com,Jeddah,UAE,2026-06-24
8482,Sherri,Fleming,sherri.fleming8482@example.com,Cairo,France,2022-02-24
8483,Brian,Park,brian.park8483@example.com,London,United States,2021-12-27
8484,Gary,Johnson,gary.johnson8484@example.com,Berlin,United States,2020-11-24
8485,Jennifer,Watson,jennifer.watson8485@example.com,London,United Kingdom,2021-10-16
8486,Jesus,Roth,jesus.roth8486@example.com,Amman,Saudi Arabia,2026-04-20
8487,Sarah,Hale,sarah.hale8487@example.com,Alexandria,Germany,2023-08-15
8488,Christopher,Thompson,christopher.thompson8488@example.com,Dubai,Jordan,2025-03-14
8489,Aaron,Miller,aaron.miller8489@example.com,Giza,France,2020-01-25
8490,Derek,Kim,derek.kim8490@example.com,Berlin,Germany,2023-06-15
8491,Lee,Leon,lee.leon8491@example.com,London,Kuwait,2021-12-03
8492,Ariel,Wiggins,ariel.wiggins8492@example.com,Jeddah,United States,2023-04-10
8493,Brian,Moore,brian.moore8493@example.com,Alexandria,Egypt,2022-04-24
8494,Robert,Burnett,robert.burnett8494@example.com,London,United Kingdom,2022-08-18
8495,Samantha,Miller,samantha.miller8495@example.com,Giza,Jordan,2023-08-31
8496,Daniel,Lewis,daniel.lewis8496@example.com,Abu Dhabi,United States,2020-03-19
8497,Jennifer,White,jennifer.white8497@example.com,Giza,Kuwait,2024-01-09
8498,Natalie,Levy,natalie.levy8498@example.com,London,United States,2024-09-10
8499,Diana,Parks,diana.parks8499@example.com,Amman,Egypt,2024-04-07
8500,Jordan,Schultz,jordan.schultz8500@example.com,London,UAE,2020-09-17
8501,Christina,Johnson,christina.johnson8501@example.com,London,Qatar,2026-01-15
8502,Justin,Blanchard,justin.blanchard8502@example.com,Amman,Jordan,2020-01-09
8503,Travis,Hubbard,travis.hubbard8503@example.com,Riyadh,Kuwait,2025-12-12
8504,Janet,Richard,janet.richard8504@example.com,Alexandria,Kuwait,2022-08-08
8505,Steven,Pierce,steven.pierce8505@example.com,Berlin,United Kingdom,2023-02-12
8506,Sarah,Erickson,sarah.erickson8506@example.com,Dubai,Egypt,2021-08-23
8507,Brittany,Diaz,brittany.diaz8507@example.com,Giza,France,2026-01-15
8508,Anthony,Hall,anthony.hall8508@example.com,Giza,Germany,2025-04-15
8509,Karen,Jones,karen.jones8509@example.com,Berlin,Egypt,2024-05-01
8510,Alec,Long,alec.long8510@example.com,Jeddah,Kuwait,2022-06-27
8511,Susan,Howell,susan.howell8511@example.com,Giza,Qatar,2025-12-01
8512,Tara,Mejia,tara.mejia8512@example.com,London,Egypt,2021-02-25
8513,Alexander,Vaughn,alexander.vaughn8513@example.com,Jeddah,Kuwait,2026-07-07
8514,Beth,Smith,beth.smith8514@example.com,Alexandria,United Kingdom,2021-01-16
8515,Michael,Pace,michael.pace8515@example.com,Riyadh,Egypt,2022-03-29
8516,Natalie,Patterson,natalie.patterson8516@example.com,Amman,Egypt,2021-04-13
8517,William,Hale,william.hale8517@example.com,Amman,Egypt,2021-10-01
8518,Kathleen,Brown,kathleen.brown8518@example.com,Jeddah,Kuwait,2020-06-23
8519,Amy,Sims,amy.sims8519@example.com,Amman,Egypt,2022-04-13
8520,Renee,Moses,renee.moses8520@example.com,Cairo,United Kingdom,2026-01-18
8521,Veronica,Rogers,veronica.rogers8521@example.com,Cairo,United Kingdom,2020-09-25
8522,Christina,Mcclain,christina.mcclain8522@example.com,Amman,UAE,2024-07-05
8523,Susan,Howard,susan.howard8523@example.com,Alexandria,United Kingdom,2021-11-09
8524,Kathleen,Sanchez,kathleen.sanchez8524@example.com,London,Germany,2026-03-03
8525,Nathaniel,Bradley,nathaniel.bradley8525@example.com,Alexandria,Kuwait,2023-05-10
8526,Dwayne,Ward,dwayne.ward8526@example.com,Berlin,Qatar,2020-05-03
8527,Chad,Brown,chad.brown8527@example.com,Cairo,France,2021-08-26
8528,Tamara,Hudson,tamara.hudson8528@example.com,Berlin,United Kingdom,2026-07-01
8529,Becky,Schneider,becky.schneider8529@example.com,Riyadh,United States,2022-01-23
8530,Raymond,Patterson,raymond.patterson8530@example.com,Amman,Kuwait,2020-12-29
8531,Robin,Holloway,robin.holloway8531@example.com,Giza,Germany,2026-01-20
8532,Brian,Payne,brian.payne8532@example.com,Cairo,Germany,2026-08-23
8533,Jennifer,Woods,jennifer.woods8533@example.com,Giza,United States,2024-04-25
8534,Bradley,Dominguez,bradley.dominguez8534@example.com,Giza,UAE,2025-04-18
8535,John,Mendoza,john.mendoza8535@example.com,Jeddah,Germany,2021-06-26
8536,Joseph,Frazier,joseph.frazier8536@example.com,Cairo,United Kingdom,2020-05-15
8537,Jennifer,Huber,jennifer.huber8537@example.com,Berlin,UAE,2020-03-09
8538,Eileen,Hudson,eileen.hudson8538@example.com,Dubai,United States,2021-05-06
8539,Keith,Carpenter,keith.carpenter8539@example.com,Amman,Egypt,2021-12-18
8540,Sylvia,Brooks,sylvia.brooks8540@example.com,Jeddah,Jordan,2022-12-19
8541,Jeffrey,Smith,jeffrey.smith8541@example.com,Abu Dhabi,Kuwait,2022-06-13
8542,Travis,Bennett,travis.bennett8542@example.com,Riyadh,United States,2024-04-11
8543,Melanie,Moore,melanie.moore8543@example.com,Alexandria,Kuwait,2023-09-30
8544,Mark,Robinson,mark.robinson8544@example.com,Berlin,France,2020-01-25
8545,Cynthia,Poole,cynthia.poole8545@example.com,Giza,UAE,2020-02-14
8546,Charles,Lewis,charles.lewis8546@example.com,Abu Dhabi,UAE,2023-05-06
8547,Noah,Scott,noah.scott8547@example.com,Alexandria,Qatar,2022-05-30
8548,Rachel,White,rachel.white8548@example.com,Jeddah,United States,2020-03-17
8549,Daniel,Medina,daniel.medina8549@example.com,London,Saudi Arabia,2021-10-01
8550,Isaiah,Brown,isaiah.brown8550@example.com,Dubai,France,2024-01-31
8551,Jacob,Valentine,jacob.valentine8551@example.com,Dubai,Egypt,2022-01-18
8552,Jacqueline,Hernandez,jacqueline.hernandez8552@example.com,Berlin,Kuwait,2026-05-23
8553,Kristina,Parker,kristina.parker8553@example.com,Amman,Germany,2020-08-28
8554,Melissa,Jones,melissa.jones8554@example.com,Dubai,United States,2024-03-23
8555,Jo,Johnson,jo.johnson8555@example.com,Amman,Egypt,2021-06-24
8556,Bill,Jacobson,bill.jacobson8556@example.com,Abu Dhabi,Jordan,2024-03-17
8557,Robert,Rhodes,robert.rhodes8557@example.com,Riyadh,UAE,2023-06-16
8558,Michael,Smith,michael.smith8558@example.com,Cairo,Qatar,2023-12-24
8559,Kathryn,Weaver,kathryn.weaver8559@example.com,Dubai,Germany,2022-11-13
8560,Robin,Dixon,robin.dixon8560@example.com,Berlin,Saudi Arabia,2025-12-22
8561,John,Hernandez,john.hernandez8561@example.com,Amman,Qatar,2023-02-14
8562,Rebecca,Davis,rebecca.davis8562@example.com,Cairo,Jordan,2024-06-26
8563,Philip,Robinson,philip.robinson8563@example.com,Abu Dhabi,United Kingdom,2026-02-17
8564,Derek,Pennington,derek.pennington8564@example.com,Alexandria,Saudi Arabia,2023-12-13
8565,Juan,Gregory,juan.gregory8565@example.com,London,France,2025-08-03
8566,Susan,Mclean,susan.mclean8566@example.com,Dubai,United Kingdom,2024-02-22
8567,Stephen,Webster,stephen.webster8567@example.com,Abu Dhabi,Germany,2024-08-10
8568,Wendy,Hawkins,wendy.hawkins8568@example.com,Alexandria,Jordan,2021-06-04
8569,Tina,Hayes,tina.hayes8569@example.com,Dubai,Germany,2020-06-06
8570,Meredith,Valencia,meredith.valencia8570@example.com,Jeddah,Germany,2025-03-13
8571,Christopher,Watkins,christopher.watkins8571@example.com,London,United States,2025-12-06
8572,Brittney,Henderson,brittney.henderson8572@example.com,Jeddah,Kuwait,2026-07-25
8573,Gary,Williams,gary.williams8573@example.com,Giza,UAE,2024-03-07
8574,Stephanie,Allen,stephanie.allen8574@example.com,London,Kuwait,2026-05-11
8575,Emily,Khan,emily.khan8575@example.com,Amman,UAE,2021-07-06
8576,Laura,Dyer,laura.dyer8576@example.com,Cairo,Kuwait,2022-01-31
8577,Donald,Wood,donald.wood8577@example.com,London,United Kingdom,2024-05-03
8578,Abigail,Jones,abigail.jones8578@example.com,Alexandria,UAE,2024-08-09
8579,Steven,Ford,steven.ford8579@example.com,London,United States,2021-06-11
8580,Angel,Larson,angel.larson8580@example.com,Cairo,Germany,2024-09-03
8581,Aaron,Wallace,aaron.wallace8581@example.com,Jeddah,Saudi Arabia,2025-02-01
8582,Christopher,Cooper,christopher.cooper8582@example.com,London,United States,2024-07-29
8583,Fernando,Reeves,fernando.reeves8583@example.com,Alexandria,Jordan,2023-11-13
8584,Andrea,White,andrea.white8584@example.com,Jeddah,United States,2026-08-13
8585,Ryan,Bernard,ryan.bernard8585@example.com,London,UAE,2026-08-05
8586,Corey,Pope,corey.pope8586@example.com,London,United Kingdom,2022-10-12
8587,Jessica,Jackson,jessica.jackson8587@example.com,Dubai,Qatar,2026-03-14
8588,Michael,Lozano,michael.lozano8588@example.com,Amman,Germany,2026-03-27
8589,Kristi,Boyd,kristi.boyd8589@example.com,Berlin,France,2025-07-22
8590,Renee,Sharp,renee.sharp8590@example.com,Amman,United States,2022-02-06
8591,Gina,Cunningham,gina.cunningham8591@example.com,Riyadh,Germany,2020-02-20
8592,Ryan,Mejia,ryan.mejia8592@example.com,Abu Dhabi,Saudi Arabia,2022-10-08
8593,Wesley,Lewis,wesley.lewis8593@example.com,Abu Dhabi,United Kingdom,2021-12-08
8594,Nathan,Pierce,nathan.pierce8594@example.com,Cairo,United Kingdom,2022-10-27
8595,Christopher,Chapman,christopher.chapman8595@example.com,London,Jordan,2021-01-26
8596,Lawrence,Brady,lawrence.brady8596@example.com,Riyadh,Jordan,2025-12-02
8597,Hannah,Ruiz,hannah.ruiz8597@example.com,Dubai,United States,2020-12-12
8598,Jane,Davis,jane.davis8598@example.com,Alexandria,UAE,2024-07-06
8599,Angela,Williams,angela.williams8599@example.com,Cairo,Egypt,2020-01-19
8600,Brent,Riddle,brent.riddle8600@example.com,Giza,Kuwait,2023-05-03
8601,Matthew,Young,matthew.young8601@example.com,Cairo,France,2024-06-21
8602,Amanda,Stokes,amanda.stokes8602@example.com,Alexandria,United States,2020-10-02
8603,Cassandra,Robinson,cassandra.robinson8603@example.com,Abu Dhabi,Jordan,2020-05-18
8604,Amy,Bennett,amy.bennett8604@example.com,Abu Dhabi,United States,2020-10-16
8605,Sherri,Romero,sherri.romero8605@example.com,Dubai,Kuwait,2021-04-29
8606,Bonnie,Nolan,bonnie.nolan8606@example.com,Cairo,Jordan,2025-10-16
8607,Linda,Hill,linda.hill8607@example.com,London,France,2023-08-09
8608,Suzanne,Collins,suzanne.collins8608@example.com,Alexandria,United Kingdom,2025-04-09
8609,Brian,Davis,brian.davis8609@example.com,Alexandria,Egypt,2026-08-19
8610,Willie,Jackson,willie.jackson8610@example.com,London,United Kingdom,2024-11-15
8611,Karen,Martin,karen.martin8611@example.com,Riyadh,Germany,2023-05-02
8612,Brian,Arnold,brian.arnold8612@example.com,Alexandria,UAE,2023-04-30
8613,Christina,Herrera,christina.herrera8613@example.com,Cairo,Qatar,2021-09-11
8614,Colleen,Roberson,colleen.roberson8614@example.com,Cairo,United Kingdom,2022-01-18
8615,Jeremy,Bates,jeremy.bates8615@example.com,Dubai,Qatar,2022-08-08
8616,Eric,King,eric.king8616@example.com,Cairo,United States,2025-06-07
8617,Joshua,Freeman,joshua.freeman8617@example.com,Jeddah,Germany,2021-02-23
8618,Joshua,Lewis,joshua.lewis8618@example.com,London,Kuwait,2026-04-07
8619,David,Curry,david.curry8619@example.com,London,Germany,2021-05-27
8620,Alicia,Rodriguez,alicia.rodriguez8620@example.com,London,United Kingdom,2020-05-19
8621,Robert,Ashley,robert.ashley8621@example.com,Riyadh,Germany,2025-12-27
8622,Michael,Morrison,michael.morrison8622@example.com,Alexandria,Egypt,2020-12-14
8623,James,Smith,james.smith8623@example.com,Amman,Qatar,2022-10-04
8624,David,Burton,david.burton8624@example.com,Cairo,France,2024-07-31
8625,Alexander,Johnson,alexander.johnson8625@example.com,Jeddah,Saudi Arabia,2025-11-25
8626,Jared,Williams,jared.williams8626@example.com,Jeddah,United States,2023-09-26
8627,Sharon,Dominguez,sharon.dominguez8627@example.com,Amman,UAE,2023-04-04
8628,Jeffery,Anderson,jeffery.anderson8628@example.com,Cairo,Kuwait,2022-10-12
8629,Jennifer,Jimenez,jennifer.jimenez8629@example.com,Abu Dhabi,France,2022-11-21
8630,Melissa,Martinez,melissa.martinez8630@example.com,Giza,UAE,2023-07-26
8631,Nancy,Sanchez,nancy.sanchez8631@example.com,Dubai,Saudi Arabia,2022-03-06
8632,Jennifer,Williams,jennifer.williams8632@example.com,Amman,United States,2023-07-17
8633,Kimberly,Anderson,kimberly.anderson8633@example.com,Jeddah,Saudi Arabia,2020-02-22
8634,Clayton,Rogers,clayton.rogers8634@example.com,Cairo,France,2025-06-30
8635,Brandon,King,brandon.king8635@example.com,Amman,Jordan,2021-11-25
8636,James,Fleming,james.fleming8636@example.com,Giza,France,2023-12-03
8637,Mallory,Cooper,mallory.cooper8637@example.com,Cairo,Jordan,2024-09-12
8638,Laura,Hall,laura.hall8638@example.com,Giza,United States,2022-01-04
8639,Maria,Bryant,maria.bryant8639@example.com,Cairo,UAE,2023-09-28
8640,Michael,Leach,michael.leach8640@example.com,London,United States,2026-09-13
8641,Cody,Medina,cody.medina8641@example.com,Giza,United States,2022-03-23
8642,David,Jones,david.jones8642@example.com,Berlin,France,2022-03-03
8643,Andrew,Martin,andrew.martin8643@example.com,Dubai,France,2020-06-14
8644,Carmen,Perry,carmen.perry8644@example.com,Dubai,Kuwait,2022-01-23
8645,Nicole,Jennings,nicole.jennings8645@example.com,Abu Dhabi,Kuwait,2023-01-31
8646,Julia,Harrison,julia.harrison8646@example.com,Amman,Kuwait,2026-03-02
8647,Nicholas,Franklin,nicholas.franklin8647@example.com,London,Egypt,2023-01-14
8648,Michelle,Moore,michelle.moore8648@example.com,Amman,Germany,2020-04-15
8649,Kaitlyn,Schmidt,kaitlyn.schmidt8649@example.com,Amman,United Kingdom,2024-08-30
8650,David,Glover,david.glover8650@example.com,Alexandria,Jordan,2023-07-15
8651,Joseph,Wilkinson,joseph.wilkinson8651@example.com,Giza,Egypt,2025-04-10
8652,Judy,Nicholson,judy.nicholson8652@example.com,Jeddah,Qatar,2020-11-08
8653,Carl,Hughes,carl.hughes8653@example.com,London,Saudi Arabia,2025-04-14
8654,Francis,Bradley,francis.bradley8654@example.com,Cairo,United Kingdom,2024-01-03
8655,Laurie,Harris,laurie.harris8655@example.com,Giza,France,2022-09-05
8656,David,Tucker,david.tucker8656@example.com,Alexandria,United Kingdom,2026-08-26
8657,Walter,Richardson,walter.richardson8657@example.com,Riyadh,Saudi Arabia,2023-01-02
8658,Angela,Richardson,angela.richardson8658@example.com,Riyadh,Germany,2022-02-27
8659,Maureen,Skinner,maureen.skinner8659@example.com,Abu Dhabi,Egypt,2020-10-27
8660,Rebecca,Stevens,rebecca.stevens8660@example.com,Berlin,Qatar,2025-09-15
8661,Karen,Macdonald,karen.macdonald8661@example.com,Cairo,Qatar,2023-11-19
8662,Patrick,Graves,patrick.graves8662@example.com,Berlin,Saudi Arabia,2021-01-25
8663,Sarah,Miller,sarah.miller8663@example.com,Riyadh,France,2022-12-03
8664,William,Long,william.long8664@example.com,Abu Dhabi,United States,2024-05-26
8665,Michael,Turner,michael.turner8665@example.com,Riyadh,Jordan,2021-04-24
8666,Justin,Hines,justin.hines8666@example.com,Jeddah,Egypt,2025-07-07
8667,Jonathan,Douglas,jonathan.douglas8667@example.com,Amman,Egypt,2020-07-26
8668,Scott,Reynolds,scott.reynolds8668@example.com,Abu Dhabi,Egypt,2026-08-04
8669,Tina,Cohen,tina.cohen8669@example.com,Dubai,Egypt,2023-06-29
8670,Cassandra,Lopez,cassandra.lopez8670@example.com,Riyadh,Kuwait,2021-04-25
8671,Jeffrey,Butler,jeffrey.butler8671@example.com,Berlin,Kuwait,2020-03-16
8672,Alan,Holland,alan.holland8672@example.com,Dubai,United States,2026-02-14
8673,Nicholas,Chavez,nicholas.chavez8673@example.com,Alexandria,UAE,2020-11-29
8674,David,Jackson,david.jackson8674@example.com,Berlin,Egypt,2022-05-06
8675,Dennis,Macias,dennis.macias8675@example.com,London,Germany,2024-05-31
8676,David,Phillips,david.phillips8676@example.com,Alexandria,Egypt,2022-09-04
8677,Dylan,Robinson,dylan.robinson8677@example.com,Berlin,Qatar,2026-02-06
8678,Robert,Taylor,robert.taylor8678@example.com,Berlin,Germany,2023-02-15
8679,Maria,Cooper,maria.cooper8679@example.com,Cairo,France,2025-12-27
8680,Diamond,Dominguez,diamond.dominguez8680@example.com,Berlin,Egypt,2021-09-12
8681,Joseph,Hernandez,joseph.hernandez8681@example.com,Jeddah,Qatar,2021-10-06
8682,Erin,Horn,erin.horn8682@example.com,London,Qatar,2021-01-05
8683,Daisy,Friedman,daisy.friedman8683@example.com,Jeddah,Kuwait,2024-11-26
8684,Amanda,Vasquez,amanda.vasquez8684@example.com,London,Jordan,2022-04-14
8685,Valerie,Clements,valerie.clements8685@example.com,Dubai,Qatar,2024-09-06
8686,Christine,Singh,christine.singh8686@example.com,Alexandria,Jordan,2020-08-15
8687,Sarah,Hernandez,sarah.hernandez8687@example.com,Dubai,United States,2025-04-02
8688,John,Collins,john.collins8688@example.com,Abu Dhabi,Kuwait,2020-03-25
8689,Lori,Miller,lori.miller8689@example.com,Berlin,United Kingdom,2020-08-06
8690,Carolyn,Fleming,carolyn.fleming8690@example.com,Jeddah,France,2020-06-23
8691,Joseph,Harris,joseph.harris8691@example.com,Berlin,United States,2026-04-06
8692,Matthew,Allen,matthew.allen8692@example.com,Amman,Egypt,2026-09-09
8693,Dennis,Sheppard,dennis.sheppard8693@example.com,Alexandria,Egypt,2021-04-26
8694,Veronica,Valentine,veronica.valentine8694@example.com,London,United States,2021-01-14
8695,Terri,Lopez,terri.lopez8695@example.com,Berlin,Kuwait,2022-06-29
8696,Michael,Brown,michael.brown8696@example.com,Giza,Saudi Arabia,2022-03-28
8697,Amanda,Walker,amanda.walker8697@example.com,Alexandria,Germany,2024-03-30
8698,Jose,Harris,jose.harris8698@example.com,Giza,Saudi Arabia,2023-10-05
8699,Lisa,Lamb,lisa.lamb8699@example.com,Berlin,Kuwait,2026-03-17
8700,John,Miller,john.miller8700@example.com,Riyadh,United Kingdom,2020-07-11
8701,Mary,Charles,mary.charles8701@example.com,Riyadh,UAE,2024-06-23
8702,Allison,Sullivan,allison.sullivan8702@example.com,Dubai,UAE,2021-05-03
8703,Nathaniel,Higgins,nathaniel.higgins8703@example.com,Giza,United States,2024-07-09
8704,Mitchell,Owens,mitchell.owens8704@example.com,Cairo,Kuwait,2025-02-05
8705,Jessica,Hendricks,jessica.hendricks8705@example.com,Alexandria,UAE,2020-03-15
8706,Anne,Adams,anne.adams8706@example.com,Riyadh,Jordan,2025-04-10
8707,Mark,Chavez,mark.chavez8707@example.com,Cairo,France,2025-05-09
8708,Brenda,Jacobson,brenda.jacobson8708@example.com,Abu Dhabi,Qatar,2023-02-14
8709,Lauren,Adams,lauren.adams8709@example.com,Abu Dhabi,France,2020-08-20
8710,Kelsey,Valenzuela,kelsey.valenzuela8710@example.com,Berlin,UAE,2022-03-16
8711,Cynthia,Arroyo,cynthia.arroyo8711@example.com,Giza,France,2020-09-17
8712,Michael,Allen,michael.allen8712@example.com,Abu Dhabi,Germany,2020-10-27
8713,Nathan,Kennedy,nathan.kennedy8713@example.com,London,United States,2023-10-20
8714,Meredith,Long,meredith.long8714@example.com,Dubai,United States,2023-01-20
8715,Sarah,Wheeler,sarah.wheeler8715@example.com,Jeddah,France,2024-05-06
8716,Wesley,Rivers,wesley.rivers8716@example.com,Jeddah,UAE,2024-07-26
8717,Bryce,Clark,bryce.clark8717@example.com,Alexandria,Jordan,2023-08-31
8718,Juan,Miller,juan.miller8718@example.com,London,Germany,2020-01-12
8719,Matthew,Wood,matthew.wood8719@example.com,Riyadh,Jordan,2020-02-25
8720,Amanda,Odonnell,amanda.odonnell8720@example.com,Alexandria,Germany,2020-10-28
8721,Ashley,Schaefer,ashley.schaefer8721@example.com,Berlin,Kuwait,2020-03-08
8722,Sharon,Stark,sharon.stark8722@example.com,Alexandria,Qatar,2025-06-14
8723,Kirk,Miller,kirk.miller8723@example.com,Berlin,France,2020-01-25
8724,Matthew,Hodges,matthew.hodges8724@example.com,Dubai,Germany,2025-10-18
8725,Caitlin,Morris,caitlin.morris8725@example.com,Jeddah,Egypt,2023-09-16
8726,Shelby,Johnston,shelby.johnston8726@example.com,Cairo,Germany,2022-08-26
8727,Randy,Richard,randy.richard8727@example.com,Cairo,Germany,2024-06-09
8728,Hunter,Castaneda,hunter.castaneda8728@example.com,Dubai,Germany,2020-02-04
8729,John,Chavez,john.chavez8729@example.com,Riyadh,Egypt,2021-06-13
8730,Tina,Taylor,tina.taylor8730@example.com,Berlin,Saudi Arabia,2024-10-22
8731,Micheal,Love,micheal.love8731@example.com,Abu Dhabi,Egypt,2026-02-10
8732,Vanessa,Baker,vanessa.baker8732@example.com,London,Saudi Arabia,2020-02-14
8733,Paul,Fitzpatrick,paul.fitzpatrick8733@example.com,Dubai,United States,2020-06-28
8734,Justin,Cuevas,justin.cuevas8734@example.com,London,Saudi Arabia,2021-11-06
8735,Stephanie,Curtis,stephanie.curtis8735@example.com,Cairo,Jordan,2020-04-28
8736,Brandy,Wright,brandy.wright8736@example.com,Alexandria,Qatar,2021-07-08
8737,Phyllis,Everett,phyllis.everett8737@example.com,Cairo,United States,2022-12-10
8738,Lisa,Turner,lisa.turner8738@example.com,Riyadh,UAE,2022-03-30
8739,Levi,Parker,levi.parker8739@example.com,Amman,Qatar,2026-05-17
8740,Jennifer,Brown,jennifer.brown8740@example.com,Amman,United States,2024-02-10
8741,Ashley,Robinson,ashley.robinson8741@example.com,Dubai,Saudi Arabia,2026-06-11
8742,Kayla,Perez,kayla.perez8742@example.com,Alexandria,Germany,2020-06-19
8743,Susan,Becker,susan.becker8743@example.com,Cairo,United States,2025-12-24
8744,Andrew,Ferguson,andrew.ferguson8744@example.com,Jeddah,Egypt,2021-06-28
8745,Gina,Martinez,gina.martinez8745@example.com,Amman,Qatar,2025-07-12
8746,Shelby,Short,shelby.short8746@example.com,Abu Dhabi,Qatar,2022-11-21
8747,Samantha,Thomas,samantha.thomas8747@example.com,Abu Dhabi,United States,2021-07-15
8748,David,Richardson,david.richardson8748@example.com,Cairo,Qatar,2023-03-16
8749,Ana,Davis,ana.davis8749@example.com,Berlin,United States,2023-02-27
8750,Sarah,Campbell,sarah.campbell8750@example.com,Abu Dhabi,Qatar,2022-07-11
8751,Eric,Cox,eric.cox8751@example.com,Berlin,Saudi Arabia,2021-05-24
8752,Tara,Ramirez,tara.ramirez8752@example.com,Berlin,Egypt,2026-04-17
8753,Paula,Hamilton,paula.hamilton8753@example.com,Giza,United Kingdom,2026-09-04
8754,Rebecca,Salinas,rebecca.salinas8754@example.com,Jeddah,Qatar,2023-12-06
8755,Jordan,Richard,jordan.richard8755@example.com,Berlin,Jordan,2023-03-06
8756,Debra,Shelton,debra.shelton8756@example.com,Abu Dhabi,Qatar,2024-06-18
8757,Brandon,Crawford,brandon.crawford8757@example.com,Jeddah,UAE,2021-11-18
8758,Dawn,Martin,dawn.martin8758@example.com,London,Qatar,2021-09-03
8759,Deborah,Cabrera,deborah.cabrera8759@example.com,Giza,France,2025-07-20
8760,Anthony,Rice,anthony.rice8760@example.com,Cairo,Qatar,2024-07-26
8761,Laura,Hutchinson,laura.hutchinson8761@example.com,Jeddah,Egypt,2022-08-19
8762,Lori,Walker,lori.walker8762@example.com,Jeddah,Saudi Arabia,2024-09-16
8763,Sean,Chavez,sean.chavez8763@example.com,Alexandria,Kuwait,2026-01-28
8764,Barbara,Ross,barbara.ross8764@example.com,Jeddah,Egypt,2025-01-07
8765,Mario,Lopez,mario.lopez8765@example.com,Cairo,Kuwait,2025-01-12
8766,Taylor,Rodriguez,taylor.rodriguez8766@example.com,Alexandria,Germany,2024-07-21
8767,Rhonda,Brewer,rhonda.brewer8767@example.com,Cairo,UAE,2022-03-16
8768,Brandon,Hines,brandon.hines8768@example.com,Riyadh,Saudi Arabia,2024-02-08
8769,Isabella,Ochoa,isabella.ochoa8769@example.com,Berlin,Qatar,2020-04-21
8770,Lisa,Randolph,lisa.randolph8770@example.com,Giza,Qatar,2022-03-26
8771,Bryan,Pennington,bryan.pennington8771@example.com,Cairo,Saudi Arabia,2024-12-12
8772,Michael,Banks,michael.banks8772@example.com,Dubai,Saudi Arabia,2024-09-29
8773,Dominique,Williams,dominique.williams8773@example.com,Amman,Saudi Arabia,2023-07-18
8774,Anthony,Hernandez,anthony.hernandez8774@example.com,Jeddah,Egypt,2023-11-21
8775,Melissa,Thompson,melissa.thompson8775@example.com,Berlin,France,2026-06-01
8776,David,Parker,david.parker8776@example.com,Cairo,Qatar,2021-06-12
8777,Luis,Bates,luis.bates8777@example.com,Alexandria,Kuwait,2023-05-22
8778,Sierra,Wilson,sierra.wilson8778@example.com,Giza,Jordan,2022-10-01
8779,Anthony,Turner,anthony.turner8779@example.com,London,Qatar,2023-06-13
8780,Tammy,Schwartz,tammy.schwartz8780@example.com,Amman,United States,2022-12-22
8781,David,Sellers,david.sellers8781@example.com,Cairo,Germany,2022-12-18
8782,Kathryn,Rice,kathryn.rice8782@example.com,Riyadh,Jordan,2021-02-01
8783,Courtney,Miller,courtney.miller8783@example.com,Riyadh,France,2026-07-18
8784,Victoria,Kerr,victoria.kerr8784@example.com,Cairo,Qatar,2025-02-28
8785,James,Gonzalez,james.gonzalez8785@example.com,Giza,United States,2020-11-23
8786,Cindy,Bell,cindy.bell8786@example.com,Berlin,United States,2025-12-17
8787,Eric,Rowe,eric.rowe8787@example.com,Jeddah,Germany,2023-05-15
8788,Gregory,Le,gregory.le8788@example.com,Jeddah,United States,2022-05-29
8789,Carolyn,Lopez,carolyn.lopez8789@example.com,Jeddah,Qatar,2024-05-09
8790,Jessica,Chase,jessica.chase8790@example.com,Giza,United Kingdom,2022-08-20
8791,Kristen,Cooper,kristen.cooper8791@example.com,Dubai,Qatar,2025-07-20
8792,Jennifer,Burch,jennifer.burch8792@example.com,Abu Dhabi,United Kingdom,2025-02-27
8793,Michael,Barry,michael.barry8793@example.com,Jeddah,United Kingdom,2020-01-29
8794,Donna,Lewis,donna.lewis8794@example.com,Riyadh,France,2020-07-20
8795,Jimmy,Jackson,jimmy.jackson8795@example.com,Alexandria,Jordan,2025-05-12
8796,Danielle,Townsend,danielle.townsend8796@example.com,Amman,Saudi Arabia,2026-01-29
8797,Scott,Lyons,scott.lyons8797@example.com,Abu Dhabi,Jordan,2020-01-25
8798,James,Boyd,james.boyd8798@example.com,Giza,United States,2022-01-30
8799,Cathy,Smith,cathy.smith8799@example.com,Alexandria,Egypt,2024-01-14
8800,Michael,Wells,michael.wells8800@example.com,Jeddah,France,2022-09-17
8801,Heather,Kline,heather.kline8801@example.com,Dubai,Jordan,2021-08-11
8802,Marie,Casey,marie.casey8802@example.com,London,France,2022-05-21
8803,Jeremiah,Perez,jeremiah.perez8803@example.com,Alexandria,Jordan,2026-05-05
8804,Ronald,Hunter,ronald.hunter8804@example.com,Jeddah,Kuwait,2022-11-27
8805,Teresa,Harrison,teresa.harrison8805@example.com,Cairo,UAE,2026-04-15
8806,Christopher,Williams,christopher.williams8806@example.com,Alexandria,Qatar,2022-09-10
8807,Theresa,Williams,theresa.williams8807@example.com,Alexandria,Germany,2025-02-27
8808,Jacob,Lawson,jacob.lawson8808@example.com,Jeddah,United States,2026-08-28
8809,Kristin,Martinez,kristin.martinez8809@example.com,Alexandria,Kuwait,2021-11-08
8810,William,Moore,william.moore8810@example.com,Amman,France,2022-08-27
8811,Melissa,James,melissa.james8811@example.com,London,UAE,2022-07-05
8812,Corey,Henry,corey.henry8812@example.com,Berlin,Qatar,2021-07-30
8813,Eric,Garcia,eric.garcia8813@example.com,Cairo,UAE,2022-09-03
8814,Deanna,Farley,deanna.farley8814@example.com,Alexandria,Egypt,2026-06-14
8815,Tina,Walker,tina.walker8815@example.com,Giza,Kuwait,2020-01-01
8816,Sydney,Byrd,sydney.byrd8816@example.com,Giza,Germany,2022-02-12
8817,Crystal,White,crystal.white8817@example.com,Dubai,UAE,2025-10-15
8818,Christopher,Trevino,christopher.trevino8818@example.com,Abu Dhabi,Kuwait,2021-07-20
8819,Elizabeth,Wilkinson,elizabeth.wilkinson8819@example.com,Dubai,Kuwait,2025-07-19
8820,Ryan,Zimmerman,ryan.zimmerman8820@example.com,Giza,United States,2026-08-17
8821,Jose,Villarreal,jose.villarreal8821@example.com,Berlin,UAE,2020-02-07
8822,Kimberly,Mendoza,kimberly.mendoza8822@example.com,Amman,Qatar,2023-08-08
8823,Mark,Molina,mark.molina8823@example.com,Giza,Qatar,2023-01-05
8824,David,Clark,david.clark8824@example.com,Riyadh,UAE,2024-05-12
8825,Tara,Robinson,tara.robinson8825@example.com,Cairo,France,2023-08-18
8826,Hannah,Hernandez,hannah.hernandez8826@example.com,Jeddah,United States,2020-10-11
8827,Stephanie,Gillespie,stephanie.gillespie8827@example.com,Dubai,United Kingdom,2022-06-24
8828,William,Walters,william.walters8828@example.com,Giza,Egypt,2020-01-16
8829,Karen,Carter,karen.carter8829@example.com,Jeddah,Kuwait,2022-10-04
8830,Wendy,Reed,wendy.reed8830@example.com,Dubai,UAE,2022-01-24
8831,Veronica,Hodge,veronica.hodge8831@example.com,Jeddah,UAE,2021-06-09
8832,Ashlee,Love,ashlee.love8832@example.com,Amman,France,2025-03-29
8833,Elizabeth,Jennings,elizabeth.jennings8833@example.com,Amman,Jordan,2022-04-14
8834,Michelle,White,michelle.white8834@example.com,Giza,Germany,2025-09-04
8835,Susan,Sullivan,susan.sullivan8835@example.com,Cairo,Germany,2024-07-03
8836,Nicholas,Nicholson,nicholas.nicholson8836@example.com,Abu Dhabi,France,2020-04-25
8837,Christine,Kaiser,christine.kaiser8837@example.com,Amman,Egypt,2022-04-29
8838,Jason,Douglas,jason.douglas8838@example.com,Berlin,Qatar,2020-08-02
8839,Rachel,Allen,rachel.allen8839@example.com,Dubai,Germany,2020-05-21
8840,Penny,Tyler,penny.tyler8840@example.com,Riyadh,United States,2023-07-06
8841,Timothy,Lindsey,timothy.lindsey8841@example.com,Alexandria,United States,2025-08-24
8842,Carl,Holland,carl.holland8842@example.com,Abu Dhabi,UAE,2023-03-24
8843,Amanda,Nelson,amanda.nelson8843@example.com,Giza,Egypt,2025-04-21
8844,Gabriela,Vasquez,gabriela.vasquez8844@example.com,Abu Dhabi,Egypt,2021-06-25
8845,Dan,Young,dan.young8845@example.com,Amman,Kuwait,2020-03-16
8846,Todd,Stewart,todd.stewart8846@example.com,Jeddah,France,2024-02-11
8847,Melissa,Dodson,melissa.dodson8847@example.com,Berlin,UAE,2024-10-19
8848,Kelsey,Delgado,kelsey.delgado8848@example.com,Amman,Germany,2021-07-18
8849,Mario,Smith,mario.smith8849@example.com,Riyadh,United States,2020-01-10
8850,Donna,Robinson,donna.robinson8850@example.com,Jeddah,UAE,2020-02-26
8851,Paul,Morales,paul.morales8851@example.com,Cairo,Jordan,2024-07-16
8852,Brian,Mueller,brian.mueller8852@example.com,Dubai,United Kingdom,2024-01-01
8853,Elizabeth,Perez,elizabeth.perez8853@example.com,Jeddah,Kuwait,2024-08-13
8854,Maria,Wells,maria.wells8854@example.com,Giza,Kuwait,2026-06-07
8855,Michael,Brown,michael.brown8855@example.com,Amman,Kuwait,2023-07-14
8856,Jessica,Gibbs,jessica.gibbs8856@example.com,London,France,2026-07-29
8857,Brandon,Flores,brandon.flores8857@example.com,Dubai,Saudi Arabia,2025-11-11
8858,Ashley,Lloyd,ashley.lloyd8858@example.com,Dubai,United States,2026-05-26
8859,Sharon,Keller,sharon.keller8859@example.com,Amman,United States,2026-01-27
8860,Micheal,Patterson,micheal.patterson8860@example.com,Abu Dhabi,United States,2020-11-12
8861,Jennifer,Jones,jennifer.jones8861@example.com,Abu Dhabi,United States,2025-09-03
8862,Ashlee,Hull,ashlee.hull8862@example.com,Jeddah,Egypt,2026-08-10
8863,Matthew,Patterson,matthew.patterson8863@example.com,London,Qatar,2023-07-08
8864,Andre,Mahoney,andre.mahoney8864@example.com,Cairo,Kuwait,2026-09-12
8865,Christopher,Le,christopher.le8865@example.com,Dubai,UAE,2024-09-03
8866,Brittany,Lewis,brittany.lewis8866@example.com,Jeddah,Kuwait,2022-06-05
8867,Manuel,Payne,manuel.payne8867@example.com,Alexandria,UAE,2022-06-30
8868,Michael,Lopez,michael.lopez8868@example.com,London,Kuwait,2024-04-09
8869,Thomas,Smith,thomas.smith8869@example.com,Giza,UAE,2021-02-17
8870,Derrick,King,derrick.king8870@example.com,Alexandria,United Kingdom,2026-07-27
8871,Ryan,Moore,ryan.moore8871@example.com,Berlin,Saudi Arabia,2021-03-03
8872,Alexis,Dean,alexis.dean8872@example.com,Riyadh,United States,2023-03-26
8873,Denise,Davis,denise.davis8873@example.com,Berlin,Qatar,2022-07-22
8874,Jessica,Davis,jessica.davis8874@example.com,Abu Dhabi,Egypt,2020-01-17
8875,Kyle,Everett,kyle.everett8875@example.com,Giza,UAE,2025-01-18
8876,Ashley,Walton,ashley.walton8876@example.com,Jeddah,UAE,2021-07-17
8877,Russell,Potts,russell.potts8877@example.com,Dubai,United States,2025-12-15
8878,Richard,Patel,richard.patel8878@example.com,Abu Dhabi,France,2023-05-14
8879,Deborah,Sullivan,deborah.sullivan8879@example.com,Alexandria,UAE,2023-10-28
8880,Ashley,Mills,ashley.mills8880@example.com,Jeddah,France,2025-08-26
8881,Jason,Martin,jason.martin8881@example.com,Amman,Saudi Arabia,2025-10-03
8882,Tracy,Webb,tracy.webb8882@example.com,Berlin,United Kingdom,2021-08-01
8883,Christopher,Guzman,christopher.guzman8883@example.com,Alexandria,Jordan,2025-01-18
8884,Kaylee,Anderson,kaylee.anderson8884@example.com,Berlin,United Kingdom,2025-06-01
8885,Denise,Leonard,denise.leonard8885@example.com,Cairo,Qatar,2026-02-17
8886,Anthony,Haley,anthony.haley8886@example.com,Abu Dhabi,Saudi Arabia,2024-05-07
8887,Heather,Maynard,heather.maynard8887@example.com,Berlin,Egypt,2024-04-23
8888,Amanda,Alvarez,amanda.alvarez8888@example.com,Giza,Jordan,2022-11-12
8889,Amy,Gomez,amy.gomez8889@example.com,London,Qatar,2024-06-29
8890,Mary,Boyle,mary.boyle8890@example.com,Abu Dhabi,France,2026-06-13
8891,Shelia,Cohen,shelia.cohen8891@example.com,London,United Kingdom,2023-01-15
8892,Rachel,Wolfe,rachel.wolfe8892@example.com,Jeddah,Egypt,2023-08-22
8893,Kyle,Wilson,kyle.wilson8893@example.com,Berlin,Germany,2024-12-22
8894,Christopher,Carrillo,christopher.carrillo8894@example.com,London,Kuwait,2026-05-12
8895,Mark,Lopez,mark.lopez8895@example.com,Jeddah,Jordan,2026-01-27
8896,Stephanie,Powers,stephanie.powers8896@example.com,Dubai,Egypt,2024-12-26
8897,Kristen,Walsh,kristen.walsh8897@example.com,Alexandria,Jordan,2024-06-05
8898,Hunter,Martinez,hunter.martinez8898@example.com,Giza,Egypt,2026-02-02
8899,Brandon,Martinez,brandon.martinez8899@example.com,Cairo,United States,2021-07-30
8900,Chad,Wilkinson,chad.wilkinson8900@example.com,Jeddah,Saudi Arabia,2024-04-22
8901,Kim,Tucker,kim.tucker8901@example.com,Jeddah,UAE,2020-01-31
8902,Nicholas,Kaiser,nicholas.kaiser8902@example.com,Giza,Germany,2023-08-14
8903,Anna,Bryant,anna.bryant8903@example.com,Riyadh,Qatar,2025-01-15
8904,Sandra,Castillo,sandra.castillo8904@example.com,Berlin,Germany,2023-02-11
8905,Jennifer,Smith,jennifer.smith8905@example.com,Riyadh,France,2025-11-11
8906,Robert,Hoffman,robert.hoffman8906@example.com,Jeddah,Qatar,2023-09-04
8907,Randall,Parker,randall.parker8907@example.com,Riyadh,France,2023-12-13
8908,Elizabeth,Graham,elizabeth.graham8908@example.com,Giza,UAE,2022-11-09
8909,Richard,Armstrong,richard.armstrong8909@example.com,Amman,Germany,2023-01-29
8910,Brittany,Mclean,brittany.mclean8910@example.com,Cairo,Egypt,2020-08-02
8911,Nicole,Davis,nicole.davis8911@example.com,Jeddah,United Kingdom,2025-01-02
8912,Lisa,Cruz,lisa.cruz8912@example.com,Riyadh,United Kingdom,2024-08-26
8913,Michael,Vazquez,michael.vazquez8913@example.com,Berlin,UAE,2023-04-07
8914,Arthur,Hodge,arthur.hodge8914@example.com,Cairo,Qatar,2020-10-19
8915,Antonio,Russell,antonio.russell8915@example.com,Jeddah,Germany,2023-12-16
8916,Michael,Hale,michael.hale8916@example.com,Abu Dhabi,Qatar,2021-03-12
8917,Thomas,Johnson,thomas.johnson8917@example.com,Alexandria,UAE,2022-11-17
8918,Jocelyn,Proctor,jocelyn.proctor8918@example.com,Abu Dhabi,Kuwait,2020-10-08
8919,Annette,Jensen,annette.jensen8919@example.com,Berlin,United States,2025-04-18
8920,Sydney,Alexander,sydney.alexander8920@example.com,Abu Dhabi,Egypt,2021-08-11
8921,Daniel,Reid,daniel.reid8921@example.com,Dubai,Jordan,2025-12-07
8922,Debra,Taylor,debra.taylor8922@example.com,Jeddah,United Kingdom,2024-10-10
8923,Heather,Walker,heather.walker8923@example.com,Cairo,United Kingdom,2022-08-13
8924,Jamie,Neal,jamie.neal8924@example.com,Riyadh,France,2020-06-20
8925,Brittney,Ball,brittney.ball8925@example.com,Giza,France,2020-03-22
8926,Harry,Bailey,harry.bailey8926@example.com,Dubai,Germany,2022-03-05
8927,Evan,Martin,evan.martin8927@example.com,Cairo,United States,2023-05-06
8928,Robert,Clark,robert.clark8928@example.com,Abu Dhabi,UAE,2022-05-19
8929,Kevin,Archer,kevin.archer8929@example.com,Berlin,Germany,2020-09-05
8930,Melissa,Mendez,melissa.mendez8930@example.com,Alexandria,Egypt,2023-09-25
8931,Sabrina,Oliver,sabrina.oliver8931@example.com,Cairo,United Kingdom,2025-12-30
8932,Anita,Hudson,anita.hudson8932@example.com,Dubai,Egypt,2023-02-12
8933,Matthew,Long,matthew.long8933@example.com,Giza,Jordan,2023-01-07
8934,Sandra,Gutierrez,sandra.gutierrez8934@example.com,London,Egypt,2026-07-19
8935,Ryan,Evans,ryan.evans8935@example.com,Jeddah,Saudi Arabia,2025-05-02
8936,Mark,Green,mark.green8936@example.com,London,France,2026-06-16
8937,Rachel,Mclean,rachel.mclean8937@example.com,Amman,UAE,2023-01-22
8938,Julie,Parker,julie.parker8938@example.com,Riyadh,UAE,2026-03-24
8939,Jonathan,Jones,jonathan.jones8939@example.com,Abu Dhabi,Saudi Arabia,2022-05-09
8940,Peggy,Salazar,peggy.salazar8940@example.com,Riyadh,Germany,2023-01-12
8941,Randall,Reilly,randall.reilly8941@example.com,Berlin,Egypt,2023-05-08
8942,Brianna,Mullins,brianna.mullins8942@example.com,Riyadh,Egypt,2025-03-15
8943,John,Thornton,john.thornton8943@example.com,Dubai,Qatar,2024-03-26
8944,Mia,Hill,mia.hill8944@example.com,Amman,Kuwait,2025-09-17
8945,Shannon,Perez,shannon.perez8945@example.com,Cairo,United States,2023-08-11
8946,Nicole,Wiley,nicole.wiley8946@example.com,Amman,Jordan,2026-06-05
8947,Joseph,Fox,joseph.fox8947@example.com,Abu Dhabi,Egypt,2023-10-11
8948,Erica,Sandoval,erica.sandoval8948@example.com,London,United Kingdom,2020-07-03
8949,Anna,Thomas,anna.thomas8949@example.com,Alexandria,Germany,2020-01-05
8950,Brandon,Murphy,brandon.murphy8950@example.com,Alexandria,United States,2022-10-24
8951,Robert,Jacobs,robert.jacobs8951@example.com,Abu Dhabi,UAE,2020-06-30
8952,Thomas,Mcconnell,thomas.mcconnell8952@example.com,Dubai,Saudi Arabia,2023-12-20
8953,Vanessa,Caldwell,vanessa.caldwell8953@example.com,Berlin,United States,2021-07-27
8954,Amanda,Townsend,amanda.townsend8954@example.com,Riyadh,United Kingdom,2023-02-22
8955,Alexandra,Hodge,alexandra.hodge8955@example.com,London,Egypt,2025-04-03
8956,Joseph,Wright,joseph.wright8956@example.com,Dubai,Kuwait,2021-09-21
8957,Dale,Smith,dale.smith8957@example.com,Cairo,Jordan,2021-01-29
8958,Patricia,Duncan,patricia.duncan8958@example.com,London,France,2025-02-26
8959,David,Vazquez,david.vazquez8959@example.com,Amman,Kuwait,2025-12-21
8960,Darius,Mendoza,darius.mendoza8960@example.com,Jeddah,France,2024-01-25
8961,Bradley,Murphy,bradley.murphy8961@example.com,London,Qatar,2021-04-10
8962,Rachel,Stone,rachel.stone8962@example.com,Abu Dhabi,Saudi Arabia,2025-10-04
8963,James,Mccoy,james.mccoy8963@example.com,Jeddah,Kuwait,2025-11-10
8964,Kristen,Wood,kristen.wood8964@example.com,Alexandria,Jordan,2020-01-16
8965,Thomas,Richards,thomas.richards8965@example.com,Berlin,United Kingdom,2021-06-12
8966,Michele,Martinez,michele.martinez8966@example.com,London,Qatar,2025-10-30
8967,John,Williams,john.williams8967@example.com,Jeddah,United Kingdom,2023-02-06
8968,Joshua,Reynolds,joshua.reynolds8968@example.com,Giza,United States,2024-09-17
8969,Kevin,Hickman,kevin.hickman8969@example.com,Alexandria,Jordan,2022-06-19
8970,Eddie,Carr,eddie.carr8970@example.com,Alexandria,Germany,2020-05-07
8971,Ashley,Morrow,ashley.morrow8971@example.com,Riyadh,United Kingdom,2024-03-23
8972,Donald,Mclaughlin,donald.mclaughlin8972@example.com,London,Kuwait,2021-11-09
8973,Michael,Taylor,michael.taylor8973@example.com,Amman,Germany,2025-05-22
8974,Danny,Gross,danny.gross8974@example.com,Abu Dhabi,United Kingdom,2022-05-09
8975,Steven,Garrison,steven.garrison8975@example.com,Giza,France,2022-02-27
8976,Michelle,Rice,michelle.rice8976@example.com,Cairo,Germany,2024-07-08
8977,Brooke,Lee,brooke.lee8977@example.com,Alexandria,United States,2022-05-25
8978,Brandi,Burton,brandi.burton8978@example.com,Giza,Qatar,2021-01-12
8979,Mary,Maynard,mary.maynard8979@example.com,Berlin,Saudi Arabia,2025-04-03
8980,Angela,Jordan,angela.jordan8980@example.com,Berlin,United Kingdom,2021-09-04
8981,Linda,Livingston,linda.livingston8981@example.com,Abu Dhabi,UAE,2024-04-11
8982,Chelsea,Blackburn,chelsea.blackburn8982@example.com,Riyadh,Qatar,2026-04-25
8983,Jose,Ward,jose.ward8983@example.com,Abu Dhabi,Germany,2026-02-25
8984,Kenneth,Green,kenneth.green8984@example.com,London,Egypt,2024-09-17
8985,Mark,Hughes,mark.hughes8985@example.com,Alexandria,Jordan,2021-06-30
8986,Christopher,Walker,christopher.walker8986@example.com,Amman,UAE,2022-06-20
8987,Amber,Watson,amber.watson8987@example.com,Amman,Saudi Arabia,2025-01-18
8988,Nicole,Phillips,nicole.phillips8988@example.com,London,United Kingdom,2026-06-30
8989,Isaiah,Poole,isaiah.poole8989@example.com,Cairo,UAE,2021-12-02
8990,Eric,Lambert,eric.lambert8990@example.com,Dubai,France,2026-06-05
8991,Derek,Hodge,derek.hodge8991@example.com,Cairo,Egypt,2024-10-20
8992,James,Ellis,james.ellis8992@example.com,Riyadh,Kuwait,2026-01-29
8993,Isaac,Russell,isaac.russell8993@example.com,Amman,Egypt,2026-03-11
8994,Diana,Smith,diana.smith8994@example.com,Abu Dhabi,France,2025-01-03
8995,Jesse,Hayes,jesse.hayes8995@example.com,London,Qatar,2022-11-28
8996,Bethany,Gordon,bethany.gordon8996@example.com,Giza,France,2024-09-19
8997,Heather,Owen,heather.owen8997@example.com,Amman,Qatar,2023-07-09
8998,Randy,Underwood,randy.underwood8998@example.com,Dubai,United States,2025-11-19
8999,Marie,Johnson,marie.johnson8999@example.com,Giza,United Kingdom,2026-01-24
9000,Lacey,Hinton,lacey.hinton9000@example.com,London,Egypt,2025-01-27
9001,Debra,Page,debra.page9001@example.com,Dubai,France,2025-10-07
9002,Penny,Carroll,penny.carroll9002@example.com,Giza,Qatar,2026-07-16
9003,Juan,Mullins,juan.mullins9003@example.com,Giza,Qatar,2025-07-16
9004,Susan,Hernandez,susan.hernandez9004@example.com,London,Egypt,2026-04-03
9005,Linda,Davis,linda.davis9005@example.com,London,Kuwait,2024-02-22
9006,Elaine,Freeman,elaine.freeman9006@example.com,Berlin,United States,2024-05-18
9007,Pamela,Brown,pamela.brown9007@example.com,Alexandria,Germany,2026-03-02
9008,Joseph,Chaney,joseph.chaney9008@example.com,Dubai,United Kingdom,2022-12-15
9009,Kevin,Skinner,kevin.skinner9009@example.com,Berlin,United Kingdom,2024-12-20
9010,Brian,Perez,brian.perez9010@example.com,Jeddah,Jordan,2025-11-20
9011,Laura,Davenport,laura.davenport9011@example.com,Cairo,UAE,2020-03-10
9012,Stacey,Martin,stacey.martin9012@example.com,Amman,Germany,2020-11-20
9013,Lisa,Lynch,lisa.lynch9013@example.com,Alexandria,Jordan,2026-08-28
9014,Juan,Myers,juan.myers9014@example.com,Jeddah,Saudi Arabia,2022-01-08
9015,Howard,Walton,howard.walton9015@example.com,Giza,United States,2020-04-24
9016,Jessica,Molina,jessica.molina9016@example.com,Riyadh,Saudi Arabia,2026-02-19
9017,Katherine,Gonzalez,katherine.gonzalez9017@example.com,Berlin,Saudi Arabia,2021-09-25
9018,Dennis,Mcknight,dennis.mcknight9018@example.com,London,United Kingdom,2025-11-12
9019,Cindy,Hall,cindy.hall9019@example.com,Jeddah,Saudi Arabia,2025-09-23
9020,Derek,Taylor,derek.taylor9020@example.com,Alexandria,Egypt,2025-06-23
9021,Richard,Frey,richard.frey9021@example.com,Cairo,Germany,2024-05-08
9022,Jason,Rich,jason.rich9022@example.com,London,Egypt,2021-04-30
9023,Jerry,Robinson,jerry.robinson9023@example.com,Cairo,France,2026-07-28
9024,Jon,Mcdonald,jon.mcdonald9024@example.com,Alexandria,Jordan,2025-05-24
9025,Carlos,Schwartz,carlos.schwartz9025@example.com,Alexandria,United States,2026-03-22
9026,Ellen,Patterson,ellen.patterson9026@example.com,Alexandria,Germany,2026-03-16
9027,Stephen,Cantu,stephen.cantu9027@example.com,London,Jordan,2022-07-06
9028,Alex,Chase,alex.chase9028@example.com,Abu Dhabi,United Kingdom,2024-11-23
9029,Douglas,Mendoza,douglas.mendoza9029@example.com,Abu Dhabi,United States,2025-02-03
9030,Chelsea,Potter,chelsea.potter9030@example.com,Cairo,Jordan,2023-07-19
9031,Leslie,Roach,leslie.roach9031@example.com,Cairo,Germany,2025-07-03
9032,Brian,Ramirez,brian.ramirez9032@example.com,Riyadh,France,2025-09-24
9033,Mitchell,Brown,mitchell.brown9033@example.com,London,Germany,2025-10-25
9034,Shelly,Thompson,shelly.thompson9034@example.com,Dubai,Jordan,2023-10-17
9035,Jerry,Perkins,jerry.perkins9035@example.com,Riyadh,France,2020-02-24
9036,Kayla,Cabrera,kayla.cabrera9036@example.com,Amman,France,2022-08-25
9037,George,Johnson,george.johnson9037@example.com,Giza,UAE,2022-06-12
9038,Joseph,Hardin,joseph.hardin9038@example.com,Giza,Qatar,2023-09-10
9039,Laura,Williams,laura.williams9039@example.com,Riyadh,Egypt,2023-07-27
9040,Amber,Ellis,amber.ellis9040@example.com,Amman,Egypt,2024-01-04
9041,Stacey,Marsh,stacey.marsh9041@example.com,Alexandria,Saudi Arabia,2025-11-19
9042,Lisa,Robles,lisa.robles9042@example.com,Amman,United States,2022-06-30
9043,Samantha,Smith,samantha.smith9043@example.com,Berlin,Kuwait,2023-02-21
9044,Shawn,Martin,shawn.martin9044@example.com,Abu Dhabi,Egypt,2023-06-28
9045,Frank,Robles,frank.robles9045@example.com,Riyadh,United Kingdom,2026-01-10
9046,Kelly,Ibarra,kelly.ibarra9046@example.com,Dubai,Saudi Arabia,2020-11-08
9047,Brian,Olsen,brian.olsen9047@example.com,Abu Dhabi,Saudi Arabia,2023-06-17
9048,Jennifer,Hendricks,jennifer.hendricks9048@example.com,Amman,Egypt,2021-02-23
9049,Jonathon,Ware,jonathon.ware9049@example.com,Alexandria,Jordan,2023-08-14
9050,Steven,Parsons,steven.parsons9050@example.com,Cairo,Jordan,2024-06-28
9051,Craig,Lowery,craig.lowery9051@example.com,Berlin,France,2021-04-11
9052,Dawn,Vazquez,dawn.vazquez9052@example.com,Riyadh,Germany,2025-12-26
9053,Manuel,Green,manuel.green9053@example.com,London,Saudi Arabia,2020-06-02
9054,Daniel,Buchanan,daniel.buchanan9054@example.com,London,France,2025-01-18
9055,Caroline,Atkins,caroline.atkins9055@example.com,London,France,2026-01-11
9056,Sara,Williams,sara.williams9056@example.com,Cairo,UAE,2022-08-08
9057,Michael,Weaver,michael.weaver9057@example.com,Abu Dhabi,Kuwait,2024-01-02
9058,Amanda,Knapp,amanda.knapp9058@example.com,Jeddah,United Kingdom,2023-04-10
9059,Eric,Byrd,eric.byrd9059@example.com,Abu Dhabi,Germany,2025-04-21
9060,Cristina,Morgan,cristina.morgan9060@example.com,London,Kuwait,2020-04-11
9061,Monica,Brown,monica.brown9061@example.com,Dubai,Germany,2024-10-16
9062,Eric,George,eric.george9062@example.com,Abu Dhabi,Egypt,2020-09-28
9063,Leah,Richards,leah.richards9063@example.com,Jeddah,Jordan,2021-07-05
9064,Hailey,Cruz,hailey.cruz9064@example.com,London,Qatar,2025-05-19
9065,Katherine,Campbell,katherine.campbell9065@example.com,Dubai,France,2025-09-03
9066,Jonathan,Hunter,jonathan.hunter9066@example.com,Dubai,Saudi Arabia,2023-12-25
9067,Jodi,Valentine,jodi.valentine9067@example.com,London,France,2024-02-08
9068,Todd,Burton,todd.burton9068@example.com,Amman,UAE,2021-08-26
9069,Shannon,Hammond,shannon.hammond9069@example.com,Amman,Jordan,2021-03-03
9070,Charles,Lopez,charles.lopez9070@example.com,Berlin,Germany,2026-04-10
9071,David,Miller,david.miller9071@example.com,Dubai,Egypt,2021-07-13
9072,Brandon,Schmidt,brandon.schmidt9072@example.com,London,Saudi Arabia,2023-09-19
9073,Tammy,Williams,tammy.williams9073@example.com,Berlin,Qatar,2023-05-31
9074,Heidi,Haas,heidi.haas9074@example.com,Alexandria,Jordan,2022-07-17
9075,Angela,Aguirre,angela.aguirre9075@example.com,Alexandria,Kuwait,2021-01-05
9076,Julia,Williams,julia.williams9076@example.com,Jeddah,Qatar,2020-10-09
9077,Sabrina,Daugherty,sabrina.daugherty9077@example.com,Berlin,Qatar,2022-11-07
9078,Charles,Wyatt,charles.wyatt9078@example.com,Berlin,Jordan,2026-07-16
9079,Michelle,Washington,michelle.washington9079@example.com,Jeddah,Germany,2020-04-08
9080,Heather,Yates,heather.yates9080@example.com,Amman,Jordan,2023-05-13
9081,Sarah,George,sarah.george9081@example.com,Abu Dhabi,Germany,2025-04-12
9082,Michael,Matthews,michael.matthews9082@example.com,Abu Dhabi,Germany,2021-12-24
9083,Christine,King,christine.king9083@example.com,Giza,Qatar,2026-06-02
9084,Michael,George,michael.george9084@example.com,Riyadh,United Kingdom,2023-03-06
9085,Jill,Merritt,jill.merritt9085@example.com,Giza,France,2023-01-01
9086,Daniel,Garcia,daniel.garcia9086@example.com,London,Saudi Arabia,2024-10-05
9087,Gregory,Whitehead,gregory.whitehead9087@example.com,Giza,France,2020-01-13
9088,Sierra,Goodman,sierra.goodman9088@example.com,Riyadh,Egypt,2021-10-23
9089,John,Grant,john.grant9089@example.com,Alexandria,Saudi Arabia,2025-10-04
9090,Hunter,Smith,hunter.smith9090@example.com,Giza,Germany,2026-05-01
9091,Mercedes,Hernandez,mercedes.hernandez9091@example.com,Berlin,Saudi Arabia,2023-03-20
9092,Daniel,Thompson,daniel.thompson9092@example.com,Giza,Jordan,2023-05-13
9093,Erin,Cohen,erin.cohen9093@example.com,Abu Dhabi,France,2024-05-02
9094,Jorge,Koch,jorge.koch9094@example.com,Cairo,United States,2022-11-11
9095,Patrick,Rubio,patrick.rubio9095@example.com,Berlin,Jordan,2025-06-17
9096,Regina,Singh,regina.singh9096@example.com,Amman,Kuwait,2020-04-15
9097,Aaron,Ryan,aaron.ryan9097@example.com,Alexandria,United States,2021-05-28
9098,James,Cherry,james.cherry9098@example.com,Berlin,Germany,2023-03-28
9099,Kelly,Ramos,kelly.ramos9099@example.com,Dubai,Jordan,2020-04-27
9100,Rebecca,Smith,rebecca.smith9100@example.com,Alexandria,Germany,2023-11-25
9101,Wayne,Stone,wayne.stone9101@example.com,Cairo,United States,2026-07-24
9102,William,Carpenter,william.carpenter9102@example.com,Jeddah,UAE,2021-04-22
9103,Mark,Nelson,mark.nelson9103@example.com,Berlin,Jordan,2024-08-29
9104,Andrew,Martin,andrew.martin9104@example.com,Jeddah,France,2025-02-25
9105,Michelle,Austin,michelle.austin9105@example.com,Giza,United States,2024-03-26
9106,Nicholas,Romero,nicholas.romero9106@example.com,Jeddah,Germany,2024-11-18
9107,Michael,Salazar,michael.salazar9107@example.com,Giza,Egypt,2021-07-25
9108,Nancy,Lopez,nancy.lopez9108@example.com,Riyadh,Germany,2022-09-12
9109,Evelyn,Crawford,evelyn.crawford9109@example.com,Abu Dhabi,UAE,2020-05-11
9110,Claire,Mckee,claire.mckee9110@example.com,Alexandria,UAE,2021-07-01
9111,Ray,Walters,ray.walters9111@example.com,Dubai,Kuwait,2026-08-07
9112,Jason,Meza,jason.meza9112@example.com,Berlin,Egypt,2020-10-23
9113,Carla,Stewart,carla.stewart9113@example.com,Dubai,France,2024-09-30
9114,Jesse,Lopez,jesse.lopez9114@example.com,Berlin,Jordan,2024-09-20
9115,Samantha,Wells,samantha.wells9115@example.com,Amman,Qatar,2020-03-07
9116,Laura,Moore,laura.moore9116@example.com,Giza,France,2025-01-26
9117,Michael,Hernandez,michael.hernandez9117@example.com,London,Saudi Arabia,2023-09-03
9118,Robert,Blackwell,robert.blackwell9118@example.com,Alexandria,Kuwait,2023-02-04
9119,Michael,Miller,michael.miller9119@example.com,Jeddah,Saudi Arabia,2023-01-28
9120,Lisa,Anderson,lisa.anderson9120@example.com,Abu Dhabi,Egypt,2021-11-03
9121,Destiny,Armstrong,destiny.armstrong9121@example.com,Dubai,Jordan,2023-12-06
9122,Sara,Hernandez,sara.hernandez9122@example.com,Giza,France,2023-05-30
9123,Justin,Jones,justin.jones9123@example.com,Jeddah,Qatar,2024-11-13
9124,Sandra,Friedman,sandra.friedman9124@example.com,Abu Dhabi,UAE,2024-03-23
9125,Kayla,Robinson,kayla.robinson9125@example.com,Cairo,Saudi Arabia,2026-03-01
9126,Edward,Stewart,edward.stewart9126@example.com,Jeddah,Jordan,2025-06-28
9127,Katherine,Haynes,katherine.haynes9127@example.com,Alexandria,Germany,2022-06-12
9128,Richard,Graham,richard.graham9128@example.com,Giza,United States,2026-07-22
9129,Steven,Cortez,steven.cortez9129@example.com,Riyadh,Germany,2023-10-03
9130,Eric,Ortiz,eric.ortiz9130@example.com,Riyadh,United States,2021-10-08
9131,Margaret,Sharp,margaret.sharp9131@example.com,Alexandria,France,2024-12-01
9132,Elizabeth,Finley,elizabeth.finley9132@example.com,Jeddah,Kuwait,2021-01-14
9133,Brad,Bennett,brad.bennett9133@example.com,Abu Dhabi,United States,2020-07-03
9134,Matthew,Green,matthew.green9134@example.com,Cairo,Jordan,2026-02-20
9135,Wyatt,Lucas,wyatt.lucas9135@example.com,Riyadh,Egypt,2022-01-02
9136,Andrea,Davis,andrea.davis9136@example.com,Riyadh,Qatar,2020-09-17
9137,Jamie,Rodriguez,jamie.rodriguez9137@example.com,Dubai,Kuwait,2023-03-27
9138,Diana,Wolf,diana.wolf9138@example.com,Abu Dhabi,United Kingdom,2024-06-23
9139,Billy,Nelson,billy.nelson9139@example.com,Amman,UAE,2022-01-09
9140,Amanda,Rosales,amanda.rosales9140@example.com,Berlin,United Kingdom,2022-07-25
9141,Janet,Moore,janet.moore9141@example.com,London,Egypt,2023-05-16
9142,Lori,Miller,lori.miller9142@example.com,Amman,Jordan,2022-08-14
9143,Melissa,Davis,melissa.davis9143@example.com,Giza,Kuwait,2024-01-19
9144,Maria,Casey,maria.casey9144@example.com,Abu Dhabi,Germany,2020-12-08
9145,Nathan,Phillips,nathan.phillips9145@example.com,Riyadh,France,2023-04-12
9146,Elizabeth,Stephenson,elizabeth.stephenson9146@example.com,London,Jordan,2021-09-01
9147,Jennifer,Medina,jennifer.medina9147@example.com,Riyadh,Saudi Arabia,2021-04-13
9148,Molly,Stephens,molly.stephens9148@example.com,Abu Dhabi,United States,2025-02-18
9149,Amanda,Esparza,amanda.esparza9149@example.com,Berlin,United Kingdom,2025-03-26
9150,Kenneth,Smith,kenneth.smith9150@example.com,London,Qatar,2022-05-25
9151,Kathryn,Rodriguez,kathryn.rodriguez9151@example.com,Giza,UAE,2020-02-03
9152,Mark,Hawkins,mark.hawkins9152@example.com,Abu Dhabi,Egypt,2026-07-16
9153,Brian,Parker,brian.parker9153@example.com,Riyadh,Kuwait,2022-09-25
9154,Kevin,Anderson,kevin.anderson9154@example.com,Amman,France,2024-11-18
9155,Mary,Smith,mary.smith9155@example.com,Jeddah,Saudi Arabia,2025-10-05
9156,Laura,Thompson,laura.thompson9156@example.com,Dubai,Egypt,2025-12-04
9157,Sarah,Sexton,sarah.sexton9157@example.com,Riyadh,United Kingdom,2020-07-30
9158,Tyler,Little,tyler.little9158@example.com,Cairo,Saudi Arabia,2026-01-04
9159,Timothy,Decker,timothy.decker9159@example.com,Amman,Jordan,2020-12-17
9160,Abigail,Parsons,abigail.parsons9160@example.com,Abu Dhabi,Jordan,2026-07-13
9161,Susan,Little,susan.little9161@example.com,Giza,Qatar,2021-01-12
9162,Juan,Berg,juan.berg9162@example.com,Giza,Kuwait,2022-07-26
9163,Kaitlyn,Hampton,kaitlyn.hampton9163@example.com,Jeddah,France,2025-12-30
9164,David,Graham,david.graham9164@example.com,Jeddah,UAE,2021-03-01
9165,David,Phillips,david.phillips9165@example.com,Cairo,France,2026-02-24
9166,Henry,Bishop,henry.bishop9166@example.com,Giza,United Kingdom,2025-02-11
9167,Jennifer,Graham,jennifer.graham9167@example.com,Giza,Egypt,2024-07-18
9168,Duane,Jones,duane.jones9168@example.com,Berlin,Qatar,2024-09-29
9169,Isaac,Torres,isaac.torres9169@example.com,Abu Dhabi,UAE,2023-09-16
9170,Caleb,Mitchell,caleb.mitchell9170@example.com,Amman,Egypt,2024-07-23
9171,Cheryl,Patel,cheryl.patel9171@example.com,Berlin,Egypt,2021-08-07
9172,Laura,Rodriguez,laura.rodriguez9172@example.com,Jeddah,United States,2022-03-21
9173,Jessica,Pace,jessica.pace9173@example.com,Dubai,Saudi Arabia,2024-03-04
9174,Sally,Carroll,sally.carroll9174@example.com,Abu Dhabi,UAE,2022-03-14
9175,Michelle,Glenn,michelle.glenn9175@example.com,Cairo,Germany,2020-05-16
9176,Christopher,Huffman,christopher.huffman9176@example.com,Cairo,UAE,2022-03-10
9177,Sean,Bryan,sean.bryan9177@example.com,Cairo,UAE,2025-08-19
9178,Richard,Lynch,richard.lynch9178@example.com,Jeddah,Qatar,2023-10-04
9179,Tiffany,Ramirez,tiffany.ramirez9179@example.com,Cairo,Qatar,2021-07-19
9180,Hannah,Davis,hannah.davis9180@example.com,Alexandria,Kuwait,2021-01-26
9181,Eugene,Hale,eugene.hale9181@example.com,Giza,Kuwait,2021-09-20
9182,Daniel,Dunn,daniel.dunn9182@example.com,Cairo,Germany,2024-08-01
9183,Brian,Golden,brian.golden9183@example.com,Amman,Egypt,2021-02-26
9184,Robert,Smith,robert.smith9184@example.com,Riyadh,Saudi Arabia,2022-11-14
9185,Haley,Jackson,haley.jackson9185@example.com,Riyadh,United States,2026-05-08
9186,Aaron,Smith,aaron.smith9186@example.com,Alexandria,Egypt,2021-01-25
9187,Sharon,Adkins,sharon.adkins9187@example.com,Jeddah,Germany,2022-10-20
9188,Amber,Lee,amber.lee9188@example.com,Dubai,United Kingdom,2021-07-30
9189,Randy,Salas,randy.salas9189@example.com,Alexandria,UAE,2021-07-13
9190,Adam,Welch,adam.welch9190@example.com,Abu Dhabi,Egypt,2020-05-09
9191,Mark,White,mark.white9191@example.com,Riyadh,Jordan,2026-08-01
9192,John,Moreno,john.moreno9192@example.com,Alexandria,UAE,2021-12-22
9193,Jimmy,Mckinney,jimmy.mckinney9193@example.com,Cairo,Qatar,2024-03-27
9194,Savannah,Tran,savannah.tran9194@example.com,Alexandria,Egypt,2021-01-26
9195,Evan,Butler,evan.butler9195@example.com,London,Egypt,2020-11-05
9196,Lisa,Jackson,lisa.jackson9196@example.com,Giza,Jordan,2022-11-14
9197,Kimberly,Saunders,kimberly.saunders9197@example.com,Berlin,Kuwait,2022-05-06
9198,Bryan,Hayes,bryan.hayes9198@example.com,Dubai,United States,2021-02-17
9199,Amanda,Reynolds,amanda.reynolds9199@example.com,Dubai,Jordan,2021-12-14
9200,Lynn,Avila,lynn.avila9200@example.com,Riyadh,UAE,2025-10-18
9201,Sarah,Hodge,sarah.hodge9201@example.com,Jeddah,Saudi Arabia,2022-05-29
9202,Gregory,Peters,gregory.peters9202@example.com,Alexandria,Jordan,2026-09-14
9203,Pamela,Macias,pamela.macias9203@example.com,Abu Dhabi,Qatar,2024-08-13
9204,Walter,Orozco,walter.orozco9204@example.com,Abu Dhabi,Qatar,2021-06-01
9205,Emily,Andrade,emily.andrade9205@example.com,Dubai,Kuwait,2022-01-30
9206,James,Olsen,james.olsen9206@example.com,Berlin,Germany,2023-05-07
9207,Rick,Burgess,rick.burgess9207@example.com,Abu Dhabi,United States,2024-12-18
9208,William,Reid,william.reid9208@example.com,Jeddah,Egypt,2021-12-10
9209,Nicole,Richmond,nicole.richmond9209@example.com,Abu Dhabi,United States,2025-09-28
9210,Robin,Brady,robin.brady9210@example.com,Jeddah,Germany,2022-03-02
9211,Katrina,Thompson,katrina.thompson9211@example.com,Abu Dhabi,UAE,2020-08-11
9212,Spencer,Wright,spencer.wright9212@example.com,London,Qatar,2022-10-10
9213,Andrea,Sanford,andrea.sanford9213@example.com,Jeddah,France,2025-04-23
9214,Daniel,Dudley,daniel.dudley9214@example.com,Dubai,Kuwait,2026-06-04
9215,James,Beck,james.beck9215@example.com,Berlin,Qatar,2021-12-27
9216,Kylie,Harris,kylie.harris9216@example.com,London,France,2022-08-08
9217,Jeremiah,Lynch,jeremiah.lynch9217@example.com,Riyadh,Germany,2021-01-12
9218,Cory,Fernandez,cory.fernandez9218@example.com,Riyadh,UAE,2024-04-20
9219,William,Arellano,william.arellano9219@example.com,Jeddah,Qatar,2023-09-23
9220,Michael,Lopez,michael.lopez9220@example.com,London,Saudi Arabia,2022-12-31
9221,Jillian,Chandler,jillian.chandler9221@example.com,Amman,Germany,2021-10-07
9222,Bryan,Woods,bryan.woods9222@example.com,Riyadh,Jordan,2025-09-23
9223,Jeanette,Duran,jeanette.duran9223@example.com,Cairo,United States,2024-09-02
9224,Shelley,Smith,shelley.smith9224@example.com,Jeddah,Kuwait,2021-03-07
9225,Stephanie,Olson,stephanie.olson9225@example.com,Abu Dhabi,France,2024-02-22
9226,Paul,Curtis,paul.curtis9226@example.com,Dubai,Jordan,2024-07-14
9227,Roberto,Soto,roberto.soto9227@example.com,London,Qatar,2021-10-14
9228,Mitchell,Perkins,mitchell.perkins9228@example.com,Abu Dhabi,France,2023-01-14
9229,Adam,Nolan,adam.nolan9229@example.com,Jeddah,Germany,2023-07-25
9230,Amanda,Garcia,amanda.garcia9230@example.com,Dubai,Qatar,2022-05-03
9231,Destiny,Adams,destiny.adams9231@example.com,Berlin,United States,2024-07-28
9232,Kayla,Howell,kayla.howell9232@example.com,Alexandria,United States,2026-03-08
9233,Stuart,Wallace,stuart.wallace9233@example.com,Riyadh,Jordan,2021-09-23
9234,Robert,Murray,robert.murray9234@example.com,Abu Dhabi,Jordan,2024-05-09
9235,Wesley,Rodriguez,wesley.rodriguez9235@example.com,Amman,United States,2021-09-09
9236,Tara,Barnes,tara.barnes9236@example.com,Abu Dhabi,Saudi Arabia,2023-10-19
9237,Melissa,Day,melissa.day9237@example.com,Amman,Saudi Arabia,2021-10-03
9238,Amber,Evans,amber.evans9238@example.com,Amman,Germany,2022-03-15
9239,Donna,Thompson,donna.thompson9239@example.com,Berlin,Jordan,2023-08-20
9240,Emma,Ewing,emma.ewing9240@example.com,Abu Dhabi,Jordan,2023-03-19
9241,Lynn,Hernandez,lynn.hernandez9241@example.com,Jeddah,United Kingdom,2023-09-07
9242,Peter,Richardson,peter.richardson9242@example.com,Berlin,Germany,2022-10-06
9243,Stephanie,Ross,stephanie.ross9243@example.com,London,Egypt,2024-08-18
9244,Patrick,Jackson,patrick.jackson9244@example.com,Giza,Germany,2026-01-14
9245,Molly,Andrews,molly.andrews9245@example.com,Alexandria,Kuwait,2026-05-05
9246,Clinton,Morris,clinton.morris9246@example.com,Amman,United States,2022-08-26
9247,James,Jensen,james.jensen9247@example.com,London,United States,2026-02-15
9248,Brittany,Vance,brittany.vance9248@example.com,Giza,Germany,2021-01-28
9249,Francisco,Nguyen,francisco.nguyen9249@example.com,Riyadh,Jordan,2025-08-10
9250,Carrie,Lambert,carrie.lambert9250@example.com,Giza,Saudi Arabia,2024-05-31
9251,Courtney,Smith,courtney.smith9251@example.com,Berlin,Jordan,2025-03-06
9252,Sean,Evans,sean.evans9252@example.com,Giza,Egypt,2022-09-29
9253,Derek,Hensley,derek.hensley9253@example.com,Cairo,France,2022-05-02
9254,Andrew,Adams,andrew.adams9254@example.com,Amman,UAE,2024-04-03
9255,Thomas,Hubbard,thomas.hubbard9255@example.com,Cairo,France,2021-11-11
9256,Robert,Garza,robert.garza9256@example.com,Cairo,Saudi Arabia,2023-01-26
9257,Wendy,Brown,wendy.brown9257@example.com,Berlin,United States,2024-10-01
9258,Samuel,Montgomery,samuel.montgomery9258@example.com,Amman,United Kingdom,2020-03-19
9259,Todd,Hart,todd.hart9259@example.com,Berlin,UAE,2024-05-02
9260,Angela,Larson,angela.larson9260@example.com,Abu Dhabi,United States,2022-05-01
9261,Kurt,Frazier,kurt.frazier9261@example.com,Giza,UAE,2021-05-16
9262,Jonathan,Bell,jonathan.bell9262@example.com,Abu Dhabi,Germany,2022-03-15
9263,Christine,Duncan,christine.duncan9263@example.com,London,Kuwait,2024-12-15
9264,Richard,Jones,richard.jones9264@example.com,Jeddah,UAE,2023-08-17
9265,William,Lang,william.lang9265@example.com,Abu Dhabi,UAE,2026-06-26
9266,Laurie,Boone,laurie.boone9266@example.com,Alexandria,Germany,2023-04-29
9267,Daniel,Murray,daniel.murray9267@example.com,Riyadh,Germany,2022-04-20
9268,Keith,Ellis,keith.ellis9268@example.com,Dubai,United States,2021-03-21
9269,Sherry,Cooper,sherry.cooper9269@example.com,Amman,UAE,2026-07-24
9270,Raymond,Perkins,raymond.perkins9270@example.com,London,Kuwait,2020-02-16
9271,Lindsey,Rodriguez,lindsey.rodriguez9271@example.com,Dubai,Germany,2026-06-03
9272,Oscar,Frank,oscar.frank9272@example.com,Abu Dhabi,United Kingdom,2020-11-23
9273,Amanda,Baker,amanda.baker9273@example.com,Giza,UAE,2024-08-21
9274,Leslie,Sparks,leslie.sparks9274@example.com,Jeddah,Kuwait,2026-05-12
9275,Garrett,Bowman,garrett.bowman9275@example.com,Amman,Saudi Arabia,2024-08-06
9276,Linda,Liu,linda.liu9276@example.com,Amman,Egypt,2024-08-13
9277,Mark,Jackson,mark.jackson9277@example.com,Berlin,Jordan,2022-06-13
9278,Mary,Downs,mary.downs9278@example.com,Riyadh,Jordan,2021-03-30
9279,Frank,Taylor,frank.taylor9279@example.com,Cairo,Saudi Arabia,2024-05-14
9280,Stephen,Sanders,stephen.sanders9280@example.com,Giza,UAE,2023-12-04
9281,Kelly,Guzman,kelly.guzman9281@example.com,London,Egypt,2021-04-10
9282,Bruce,Larsen,bruce.larsen9282@example.com,Jeddah,Jordan,2026-05-14
9283,Harold,Nichols,harold.nichols9283@example.com,London,Kuwait,2026-07-24
9284,Johnny,Meyer,johnny.meyer9284@example.com,Cairo,Saudi Arabia,2022-03-08
9285,Kayla,Smith,kayla.smith9285@example.com,Dubai,Jordan,2023-01-19
9286,Natalie,Berry,natalie.berry9286@example.com,Abu Dhabi,Jordan,2025-05-04
9287,James,Wade,james.wade9287@example.com,Jeddah,France,2022-04-20
9288,Blake,Olson,blake.olson9288@example.com,Abu Dhabi,United Kingdom,2021-02-15
9289,Elizabeth,Fernandez,elizabeth.fernandez9289@example.com,Abu Dhabi,Egypt,2026-04-26
9290,Joel,Larson,joel.larson9290@example.com,Berlin,Kuwait,2020-12-28
9291,Thomas,Whitaker,thomas.whitaker9291@example.com,Cairo,Saudi Arabia,2024-11-13
9292,Julia,Rodriguez,julia.rodriguez9292@example.com,Amman,United States,2022-06-05
9293,Michael,Joyce,michael.joyce9293@example.com,Cairo,Saudi Arabia,2022-10-25
9294,Joel,Hernandez,joel.hernandez9294@example.com,Berlin,Saudi Arabia,2021-02-28
9295,Susan,Kramer,susan.kramer9295@example.com,Jeddah,Egypt,2023-03-04
9296,Rose,Williams,rose.williams9296@example.com,London,United States,2020-12-06
9297,Jason,Frazier,jason.frazier9297@example.com,Cairo,Egypt,2023-06-30
9298,Jennifer,Wolf,jennifer.wolf9298@example.com,Alexandria,Egypt,2021-09-08
9299,Richard,Vargas,richard.vargas9299@example.com,Berlin,United Kingdom,2024-09-04
9300,Molly,Carlson,molly.carlson9300@example.com,Jeddah,Saudi Arabia,2024-07-13
9301,Deanna,Smith,deanna.smith9301@example.com,Berlin,Egypt,2020-10-23
9302,Tammy,Howard,tammy.howard9302@example.com,London,United States,2020-06-11
9303,Kelly,Grant,kelly.grant9303@example.com,Dubai,Kuwait,2021-08-14
9304,Katrina,Lee,katrina.lee9304@example.com,Giza,Jordan,2022-11-22
9305,Samuel,Weaver,samuel.weaver9305@example.com,Berlin,Qatar,2023-05-23
9306,Megan,Mooney,megan.mooney9306@example.com,Berlin,Kuwait,2021-09-30
9307,Ryan,Hudson,ryan.hudson9307@example.com,Cairo,Jordan,2023-07-31
9308,Wayne,Castillo,wayne.castillo9308@example.com,Dubai,Saudi Arabia,2024-10-08
9309,Jennifer,Smith,jennifer.smith9309@example.com,Cairo,France,2026-05-05
9310,David,Kennedy,david.kennedy9310@example.com,Giza,France,2026-08-20
9311,Robert,Day,robert.day9311@example.com,Giza,Jordan,2026-02-04
9312,Austin,Rodriguez,austin.rodriguez9312@example.com,Jeddah,Egypt,2020-11-23
9313,Karen,Patterson,karen.patterson9313@example.com,Riyadh,France,2021-02-09
9314,Pamela,Martinez,pamela.martinez9314@example.com,Giza,France,2021-04-20
9315,Jerry,Ellison,jerry.ellison9315@example.com,Dubai,UAE,2021-02-04
9316,Kevin,Novak,kevin.novak9316@example.com,London,Kuwait,2020-03-07
9317,David,Larson,david.larson9317@example.com,Alexandria,Kuwait,2025-03-15
9318,Bradley,Webb,bradley.webb9318@example.com,Cairo,UAE,2025-11-03
9319,Elizabeth,Blevins,elizabeth.blevins9319@example.com,Berlin,Saudi Arabia,2023-03-31
9320,Angelica,Hickman,angelica.hickman9320@example.com,Giza,Saudi Arabia,2021-06-26
9321,Lori,Brooks,lori.brooks9321@example.com,Berlin,France,2023-05-10
9322,Kevin,Johnson,kevin.johnson9322@example.com,Riyadh,UAE,2025-06-07
9323,Donald,Strickland,donald.strickland9323@example.com,Giza,United States,2022-05-22
9324,Darryl,Kent,darryl.kent9324@example.com,Jeddah,France,2025-09-20
9325,Cheryl,Graham,cheryl.graham9325@example.com,Riyadh,France,2024-04-07
9326,Tim,Stewart,tim.stewart9326@example.com,Abu Dhabi,Germany,2022-02-07
9327,Ronald,Thompson,ronald.thompson9327@example.com,London,Saudi Arabia,2022-09-05
9328,Sheila,White,sheila.white9328@example.com,Berlin,Saudi Arabia,2020-06-02
9329,Chelsea,Rivera,chelsea.rivera9329@example.com,Amman,Kuwait,2021-03-31
9330,Jason,Reid,jason.reid9330@example.com,Jeddah,Saudi Arabia,2026-06-23
9331,Donna,Gonzales,donna.gonzales9331@example.com,Abu Dhabi,UAE,2022-10-18
9332,Anthony,Porter,anthony.porter9332@example.com,Alexandria,Saudi Arabia,2023-11-27
9333,Timothy,Price,timothy.price9333@example.com,Abu Dhabi,Egypt,2020-11-07
9334,Amber,Cohen,amber.cohen9334@example.com,Dubai,Saudi Arabia,2023-10-06
9335,Mark,Harper,mark.harper9335@example.com,Dubai,Qatar,2020-07-29
9336,Carolyn,Nguyen,carolyn.nguyen9336@example.com,Jeddah,United States,2024-11-09
9337,Cole,Holloway,cole.holloway9337@example.com,Alexandria,Germany,2020-09-29
9338,Jesse,Perez,jesse.perez9338@example.com,Jeddah,United Kingdom,2022-11-03
9339,Adam,Rivas,adam.rivas9339@example.com,Riyadh,Qatar,2021-11-15
9340,Tara,Roberts,tara.roberts9340@example.com,Riyadh,UAE,2025-07-28
9341,Jessica,Robinson,jessica.robinson9341@example.com,Abu Dhabi,Saudi Arabia,2020-01-09
9342,Gabriel,Poole,gabriel.poole9342@example.com,Alexandria,Qatar,2023-03-05
9343,Rachel,Brown,rachel.brown9343@example.com,Amman,Saudi Arabia,2025-03-25
9344,Joyce,Foster,joyce.foster9344@example.com,London,United Kingdom,2026-09-12
9345,Dominique,Potts,dominique.potts9345@example.com,London,Kuwait,2025-11-02
9346,Sarah,Jones,sarah.jones9346@example.com,Berlin,Qatar,2024-10-10
9347,Jennifer,Kennedy,jennifer.kennedy9347@example.com,Jeddah,United States,2023-03-02
9348,Sandra,Bowman,sandra.bowman9348@example.com,Berlin,United States,2026-09-14
9349,Cynthia,Ford,cynthia.ford9349@example.com,Dubai,Egypt,2020-05-05
9350,Eric,Barton,eric.barton9350@example.com,Riyadh,Saudi Arabia,2026-08-17
9351,Amanda,Gardner,amanda.gardner9351@example.com,Riyadh,Germany,2025-01-23
9352,John,Reed,john.reed9352@example.com,Riyadh,Germany,2022-05-02
9353,Manuel,Leonard,manuel.leonard9353@example.com,Riyadh,Qatar,2025-08-29
9354,Angela,Jackson,angela.jackson9354@example.com,Abu Dhabi,UAE,2022-01-24
9355,Breanna,Torres,breanna.torres9355@example.com,Amman,Saudi Arabia,2025-02-09
9356,Erin,Reed,erin.reed9356@example.com,Alexandria,Germany,2024-07-13
9357,Jennifer,Edwards,jennifer.edwards9357@example.com,Alexandria,Qatar,2024-07-17
9358,Richard,Madden,richard.madden9358@example.com,Riyadh,Egypt,2022-11-26
9359,Mark,Richardson,mark.richardson9359@example.com,Jeddah,Egypt,2025-05-05
9360,Christopher,Jones,christopher.jones9360@example.com,Cairo,Egypt,2020-12-05
9361,Matthew,Williams,matthew.williams9361@example.com,Abu Dhabi,Kuwait,2021-03-31
9362,Melissa,Williams,melissa.williams9362@example.com,Dubai,Egypt,2024-03-28
9363,Kyle,Davis,kyle.davis9363@example.com,Berlin,Germany,2022-01-07
9364,Shane,Parker,shane.parker9364@example.com,Abu Dhabi,Egypt,2025-09-27
9365,Thomas,Duran,thomas.duran9365@example.com,Amman,Saudi Arabia,2020-01-22
9366,Danielle,Kelly,danielle.kelly9366@example.com,Cairo,Germany,2024-08-02
9367,Donald,Gonzales,donald.gonzales9367@example.com,Berlin,United States,2020-08-29
9368,Allison,Paul,allison.paul9368@example.com,Abu Dhabi,Saudi Arabia,2025-06-13
9369,Jessica,Rodriguez,jessica.rodriguez9369@example.com,Alexandria,United Kingdom,2021-07-30
9370,Kristine,Murray,kristine.murray9370@example.com,Cairo,France,2024-07-27
9371,Michael,Evans,michael.evans9371@example.com,Alexandria,Jordan,2025-08-16
9372,Linda,Duncan,linda.duncan9372@example.com,Giza,Saudi Arabia,2023-12-09
9373,James,Roberts,james.roberts9373@example.com,Alexandria,UAE,2022-07-28
9374,Rachel,Harris,rachel.harris9374@example.com,Alexandria,United Kingdom,2021-08-29
9375,Mathew,Freeman,mathew.freeman9375@example.com,Alexandria,UAE,2026-03-27
9376,Amanda,Walker,amanda.walker9376@example.com,Alexandria,Kuwait,2020-02-23
9377,David,Robinson,david.robinson9377@example.com,Berlin,Kuwait,2025-04-13
9378,Christopher,Cobb,christopher.cobb9378@example.com,Riyadh,UAE,2025-11-24
9379,Haley,Allen,haley.allen9379@example.com,Dubai,Qatar,2026-08-17
9380,Dawn,Sellers,dawn.sellers9380@example.com,London,Kuwait,2020-05-10
9381,Tina,Simmons,tina.simmons9381@example.com,Cairo,Kuwait,2021-01-12
9382,Benjamin,Wells,benjamin.wells9382@example.com,Cairo,United Kingdom,2023-01-02
9383,Amanda,Thompson,amanda.thompson9383@example.com,Amman,United States,2021-04-19
9384,Robin,Jones,robin.jones9384@example.com,Dubai,Qatar,2021-02-20
9385,Laura,Castillo,laura.castillo9385@example.com,Giza,Jordan,2023-11-22
9386,Thomas,Smith,thomas.smith9386@example.com,Cairo,Qatar,2022-03-06
9387,Margaret,Graham,margaret.graham9387@example.com,Riyadh,France,2021-08-19
9388,Leslie,Brown,leslie.brown9388@example.com,Alexandria,United Kingdom,2026-08-22
9389,Hunter,Wallace,hunter.wallace9389@example.com,Alexandria,Egypt,2024-11-23
9390,Kevin,Murphy,kevin.murphy9390@example.com,Abu Dhabi,Saudi Arabia,2024-01-12
9391,Donna,House,donna.house9391@example.com,Amman,United Kingdom,2020-06-16
9392,Jessica,Webb,jessica.webb9392@example.com,London,France,2025-11-17
9393,Linda,Hunt,linda.hunt9393@example.com,Dubai,Egypt,2021-06-06
9394,Craig,Cunningham,craig.cunningham9394@example.com,Berlin,Egypt,2020-10-25
9395,Daniel,Coleman,daniel.coleman9395@example.com,Cairo,Kuwait,2021-02-23
9396,Timothy,Carter,timothy.carter9396@example.com,London,Kuwait,2023-09-11
9397,Molly,Crawford,molly.crawford9397@example.com,Dubai,Kuwait,2020-11-12
9398,Jill,Ramos,jill.ramos9398@example.com,London,Qatar,2021-06-01
9399,Nicholas,Martin,nicholas.martin9399@example.com,Berlin,Saudi Arabia,2022-12-11
9400,Lisa,Chapman,lisa.chapman9400@example.com,Abu Dhabi,France,2026-03-26
9401,Cameron,Collins,cameron.collins9401@example.com,Jeddah,France,2023-03-24
9402,Jason,Foster,jason.foster9402@example.com,Alexandria,United Kingdom,2020-05-29
9403,Briana,Johnston,briana.johnston9403@example.com,Alexandria,Saudi Arabia,2025-09-19
9404,Pamela,Soto,pamela.soto9404@example.com,Berlin,United States,2022-07-03
9405,Russell,Bonilla,russell.bonilla9405@example.com,Cairo,Germany,2022-06-28
9406,Matthew,Lynch,matthew.lynch9406@example.com,Riyadh,France,2026-04-09
9407,Barbara,Tyler,barbara.tyler9407@example.com,Cairo,Jordan,2025-03-18
9408,Hannah,Rodriguez,hannah.rodriguez9408@example.com,Berlin,United States,2021-04-17
9409,Amanda,Spencer,amanda.spencer9409@example.com,Alexandria,Saudi Arabia,2022-06-27
9410,Timothy,Ray,timothy.ray9410@example.com,London,France,2022-10-23
9411,Amanda,Young,amanda.young9411@example.com,Dubai,Germany,2026-09-08
9412,Sarah,Fletcher,sarah.fletcher9412@example.com,London,Egypt,2023-07-30
9413,Frank,Padilla,frank.padilla9413@example.com,Riyadh,United Kingdom,2023-08-16
9414,Amber,Ortiz,amber.ortiz9414@example.com,Riyadh,France,2024-03-04
9415,Alexa,Conway,alexa.conway9415@example.com,London,United States,2023-06-07
9416,George,Phillips,george.phillips9416@example.com,Cairo,United Kingdom,2023-02-13
9417,Joshua,Pace,joshua.pace9417@example.com,Alexandria,United States,2020-01-03
9418,Kimberly,Evans,kimberly.evans9418@example.com,Jeddah,United States,2024-10-26
9419,Karen,Santana,karen.santana9419@example.com,London,Egypt,2023-05-05
9420,Elizabeth,Ramsey,elizabeth.ramsey9420@example.com,Riyadh,UAE,2025-10-30
9421,Brandi,Kim,brandi.kim9421@example.com,London,United Kingdom,2024-10-23
9422,Ann,Mcdowell,ann.mcdowell9422@example.com,Cairo,Germany,2020-09-30
9423,Madison,Wu,madison.wu9423@example.com,Cairo,Germany,2023-09-20
9424,Mark,Mckinney,mark.mckinney9424@example.com,Jeddah,France,2022-09-12
9425,Michael,Meyer,michael.meyer9425@example.com,Dubai,France,2023-01-24
9426,Sonia,Harmon,sonia.harmon9426@example.com,Riyadh,France,2020-06-26
9427,Megan,Williams,megan.williams9427@example.com,Giza,Germany,2023-07-27
9428,Douglas,Alexander,douglas.alexander9428@example.com,Alexandria,France,2024-08-24
9429,Brandy,Simon,brandy.simon9429@example.com,Giza,Jordan,2024-09-09
9430,Chelsea,Prince,chelsea.prince9430@example.com,Berlin,Saudi Arabia,2023-05-09
9431,Megan,Roberson,megan.roberson9431@example.com,London,United Kingdom,2020-08-27
9432,Lori,Evans,lori.evans9432@example.com,Alexandria,Qatar,2022-06-19
9433,Amber,Fowler,amber.fowler9433@example.com,Cairo,United Kingdom,2023-02-22
9434,Rebecca,Hayes,rebecca.hayes9434@example.com,Dubai,France,2024-06-20
9435,Christopher,Smith,christopher.smith9435@example.com,London,United States,2021-10-20
9436,Mark,Carpenter,mark.carpenter9436@example.com,London,Germany,2023-04-26
9437,Kevin,Sheppard,kevin.sheppard9437@example.com,Abu Dhabi,Kuwait,2025-02-26
9438,Sara,Cochran,sara.cochran9438@example.com,Amman,UAE,2023-08-16
9439,Kristy,Norton,kristy.norton9439@example.com,Cairo,United Kingdom,2023-03-01
9440,Jamie,Crawford,jamie.crawford9440@example.com,Alexandria,Jordan,2021-07-30
9441,Morgan,Mills,morgan.mills9441@example.com,Abu Dhabi,UAE,2022-05-20
9442,Peter,Mills,peter.mills9442@example.com,Abu Dhabi,United Kingdom,2020-01-20
9443,Christopher,Barber,christopher.barber9443@example.com,Cairo,Kuwait,2020-11-23
9444,Danielle,Clark,danielle.clark9444@example.com,Amman,UAE,2023-06-14
9445,Wesley,Walton,wesley.walton9445@example.com,Giza,Qatar,2023-11-01
9446,Melinda,Wilson,melinda.wilson9446@example.com,Dubai,Germany,2021-03-18
9447,Christopher,Sanchez,christopher.sanchez9447@example.com,Riyadh,United Kingdom,2023-10-16
9448,Valerie,Vasquez,valerie.vasquez9448@example.com,Riyadh,France,2023-02-28
9449,Amber,Hill,amber.hill9449@example.com,London,Egypt,2024-04-22
9450,Sabrina,Ray,sabrina.ray9450@example.com,Alexandria,France,2026-04-25
9451,Paige,Johnson,paige.johnson9451@example.com,Jeddah,Egypt,2021-10-26
9452,Laura,Douglas,laura.douglas9452@example.com,Abu Dhabi,UAE,2024-02-20
9453,Michelle,Anthony,michelle.anthony9453@example.com,Amman,Egypt,2022-09-06
9454,Ashley,Singleton,ashley.singleton9454@example.com,Dubai,Jordan,2021-08-14
9455,Martha,Griffin,martha.griffin9455@example.com,London,Qatar,2023-04-07
9456,Barbara,Wood,barbara.wood9456@example.com,Riyadh,UAE,2022-06-29
9457,Dylan,Hensley,dylan.hensley9457@example.com,Giza,Qatar,2026-01-11
9458,Sandy,Richards,sandy.richards9458@example.com,Alexandria,United Kingdom,2024-05-03
9459,Jeffrey,Mccormick,jeffrey.mccormick9459@example.com,Dubai,Egypt,2023-02-18
9460,Christopher,Calderon,christopher.calderon9460@example.com,Cairo,UAE,2024-11-17
9461,Lawrence,Wagner,lawrence.wagner9461@example.com,Jeddah,UAE,2021-01-06
9462,Karen,Webster,karen.webster9462@example.com,Amman,UAE,2021-02-10
9463,Steven,Curry,steven.curry9463@example.com,Amman,Kuwait,2021-10-04
9464,Kayla,Caldwell,kayla.caldwell9464@example.com,London,UAE,2021-06-20
9465,James,Nunez,james.nunez9465@example.com,Cairo,Kuwait,2020-12-22
9466,Andrew,Garner,andrew.garner9466@example.com,Jeddah,France,2026-01-27
9467,David,Allen,david.allen9467@example.com,Alexandria,Saudi Arabia,2024-01-11
9468,Breanna,Smith,breanna.smith9468@example.com,Dubai,United States,2021-12-22
9469,Susan,Patel,susan.patel9469@example.com,Jeddah,Germany,2022-05-09
9470,Melissa,Rollins,melissa.rollins9470@example.com,Amman,Egypt,2024-06-10
9471,Kyle,Lucas,kyle.lucas9471@example.com,Dubai,UAE,2023-12-24
9472,Leslie,Martinez,leslie.martinez9472@example.com,Cairo,Jordan,2021-05-11
9473,Jennifer,Williams,jennifer.williams9473@example.com,Dubai,United States,2021-10-04
9474,Brian,Schmidt,brian.schmidt9474@example.com,Berlin,Egypt,2023-05-22
9475,Margaret,Salinas,margaret.salinas9475@example.com,Berlin,Qatar,2020-02-01
9476,Melissa,Love,melissa.love9476@example.com,Alexandria,UAE,2020-07-03
9477,Brad,Murphy,brad.murphy9477@example.com,Jeddah,Saudi Arabia,2026-07-24
9478,Natasha,Evans,natasha.evans9478@example.com,Cairo,Saudi Arabia,2026-06-19
9479,Jennifer,Clark,jennifer.clark9479@example.com,Dubai,Jordan,2022-05-16
9480,Chad,Cooper,chad.cooper9480@example.com,Riyadh,United States,2022-07-13
9481,Heidi,Buchanan,heidi.buchanan9481@example.com,Amman,United States,2025-06-18
9482,Tyler,Gray,tyler.gray9482@example.com,Giza,United States,2020-09-10
9483,Richard,Herman,richard.herman9483@example.com,Cairo,Egypt,2020-03-29
9484,Christian,Vaughn,christian.vaughn9484@example.com,Alexandria,United States,2023-10-31
9485,William,Greene,william.greene9485@example.com,Jeddah,Saudi Arabia,2024-03-23
9486,Ashley,Clark,ashley.clark9486@example.com,Alexandria,UAE,2023-10-26
9487,John,Montgomery,john.montgomery9487@example.com,Jeddah,Kuwait,2025-07-09
9488,Janet,Sims,janet.sims9488@example.com,Giza,United Kingdom,2024-02-18
9489,Amy,Cantrell,amy.cantrell9489@example.com,Riyadh,United States,2023-06-20
9490,Tiffany,Skinner,tiffany.skinner9490@example.com,Cairo,France,2026-07-01
9491,Russell,Richardson,russell.richardson9491@example.com,London,UAE,2022-07-18
9492,Stephanie,Cole,stephanie.cole9492@example.com,Cairo,Kuwait,2023-11-10
9493,John,Curtis,john.curtis9493@example.com,Dubai,UAE,2022-08-17
9494,Michelle,Hoover,michelle.hoover9494@example.com,Giza,Germany,2025-04-03
9495,John,Freeman,john.freeman9495@example.com,Amman,United Kingdom,2020-11-05
9496,Jacob,Reed,jacob.reed9496@example.com,Abu Dhabi,Qatar,2024-03-23
9497,Natalie,Garcia,natalie.garcia9497@example.com,Abu Dhabi,France,2023-03-25
9498,Kelly,Long,kelly.long9498@example.com,Dubai,France,2020-02-22
9499,Erika,Williams,erika.williams9499@example.com,Giza,United States,2023-04-26
9500,Dennis,Romero,dennis.romero9500@example.com,Riyadh,Jordan,2021-03-03
9501,John,Tucker,john.tucker9501@example.com,Giza,France,2025-08-05
9502,Stephen,Wyatt,stephen.wyatt9502@example.com,Jeddah,Germany,2024-10-19
9503,Amy,Fisher,amy.fisher9503@example.com,Riyadh,Egypt,2023-11-12
9504,Katie,Gray,katie.gray9504@example.com,Alexandria,France,2024-09-08
9505,Adam,Sloan,adam.sloan9505@example.com,Giza,UAE,2020-04-18
9506,Kenneth,Boyd,kenneth.boyd9506@example.com,London,UAE,2026-03-18
9507,Nicholas,Scott,nicholas.scott9507@example.com,Giza,Qatar,2025-05-06
9508,Casey,Bush,casey.bush9508@example.com,Berlin,Egypt,2024-07-24
9509,Robert,Johnson,robert.johnson9509@example.com,Giza,United States,2020-09-02
9510,Daniel,Kidd,daniel.kidd9510@example.com,Alexandria,UAE,2022-10-04
9511,Steven,Rush,steven.rush9511@example.com,Giza,Saudi Arabia,2024-05-19
9512,Cynthia,Harris,cynthia.harris9512@example.com,Amman,United Kingdom,2024-12-14
9513,Amanda,Meyers,amanda.meyers9513@example.com,Cairo,Germany,2025-05-11
9514,Samantha,Ortiz,samantha.ortiz9514@example.com,Jeddah,Jordan,2023-10-05
9515,Joseph,Hester,joseph.hester9515@example.com,Dubai,UAE,2021-09-11
9516,Tabitha,Johnson,tabitha.johnson9516@example.com,Dubai,France,2021-05-19
9517,Elizabeth,Payne,elizabeth.payne9517@example.com,Berlin,Qatar,2026-07-27
9518,Derek,Baird,derek.baird9518@example.com,Alexandria,Saudi Arabia,2021-07-19
9519,Alan,Thomas,alan.thomas9519@example.com,Jeddah,United Kingdom,2023-03-11
9520,Robert,Henderson,robert.henderson9520@example.com,Berlin,Qatar,2024-08-23
9521,Sarah,Hicks,sarah.hicks9521@example.com,Dubai,France,2020-12-09
9522,Curtis,Schultz,curtis.schultz9522@example.com,Giza,Kuwait,2021-09-15
9523,Erica,Chavez,erica.chavez9523@example.com,London,Kuwait,2022-02-27
9524,Allison,Riley,allison.riley9524@example.com,Cairo,Egypt,2020-04-28
9525,Brittany,Bauer,brittany.bauer9525@example.com,Dubai,France,2023-10-10
9526,Sara,Johnston,sara.johnston9526@example.com,Dubai,United States,2026-01-12
9527,Barbara,Williams,barbara.williams9527@example.com,London,UAE,2022-09-23
9528,Tyler,Green,tyler.green9528@example.com,Giza,Jordan,2021-08-09
9529,Katelyn,Lowery,katelyn.lowery9529@example.com,Abu Dhabi,Germany,2023-11-12
9530,Michelle,Sims,michelle.sims9530@example.com,London,United Kingdom,2024-04-05
9531,Heather,Smith,heather.smith9531@example.com,Jeddah,United States,2022-05-04
9532,Glenn,Wagner,glenn.wagner9532@example.com,Alexandria,France,2026-01-01
9533,Kathryn,Ramirez,kathryn.ramirez9533@example.com,Abu Dhabi,Saudi Arabia,2025-07-03
9534,Christina,Gibson,christina.gibson9534@example.com,Berlin,Jordan,2025-07-28
9535,Joseph,Flores,joseph.flores9535@example.com,Jeddah,Qatar,2026-05-24
9536,Susan,Rodriguez,susan.rodriguez9536@example.com,Giza,Qatar,2022-05-11
9537,Jasmine,Guerra,jasmine.guerra9537@example.com,Berlin,UAE,2020-06-17
9538,Katie,Medina,katie.medina9538@example.com,Giza,Saudi Arabia,2023-01-30
9539,Patricia,Taylor,patricia.taylor9539@example.com,Cairo,Germany,2023-12-17
9540,Travis,Chavez,travis.chavez9540@example.com,Alexandria,Germany,2024-05-28
9541,Pamela,Smith,pamela.smith9541@example.com,Abu Dhabi,UAE,2024-10-31
9542,Tammy,Shaffer,tammy.shaffer9542@example.com,Amman,Jordan,2024-02-19
9543,Susan,Galloway,susan.galloway9543@example.com,Giza,UAE,2025-06-21
9544,Kristina,Todd,kristina.todd9544@example.com,Alexandria,Kuwait,2023-07-18
9545,Mary,Hoover,mary.hoover9545@example.com,Riyadh,Jordan,2022-10-16
9546,Kimberly,Cannon,kimberly.cannon9546@example.com,Amman,Qatar,2024-05-25
9547,Austin,Torres,austin.torres9547@example.com,Riyadh,Germany,2025-04-06
9548,Jared,Gordon,jared.gordon9548@example.com,Jeddah,Kuwait,2025-12-06
9549,Alexandra,Brown,alexandra.brown9549@example.com,Amman,United Kingdom,2023-04-17
9550,Trevor,Kelley,trevor.kelley9550@example.com,London,Germany,2021-10-16
9551,Scott,Burgess,scott.burgess9551@example.com,Alexandria,Kuwait,2026-06-24
9552,Suzanne,Walker,suzanne.walker9552@example.com,Abu Dhabi,Qatar,2021-05-07
9553,Jim,Sullivan,jim.sullivan9553@example.com,Cairo,Kuwait,2024-07-24
9554,Kathleen,Cole,kathleen.cole9554@example.com,Alexandria,Qatar,2020-01-24
9555,Maria,Davis,maria.davis9555@example.com,Jeddah,United States,2021-06-14
9556,Jennifer,Jacobs,jennifer.jacobs9556@example.com,London,Germany,2023-09-01
9557,Cindy,Rodriguez,cindy.rodriguez9557@example.com,Jeddah,United Kingdom,2023-09-29
9558,Stephanie,Lee,stephanie.lee9558@example.com,Giza,UAE,2020-08-10
9559,Margaret,Marks,margaret.marks9559@example.com,Jeddah,UAE,2025-01-06
9560,Tara,Lopez,tara.lopez9560@example.com,Jeddah,France,2022-01-04
9561,David,Anderson,david.anderson9561@example.com,London,Jordan,2023-08-01
9562,Joseph,Jackson,joseph.jackson9562@example.com,Cairo,United States,2024-12-10
9563,Benjamin,Green,benjamin.green9563@example.com,London,Jordan,2022-11-20
9564,Diana,Jackson,diana.jackson9564@example.com,Abu Dhabi,UAE,2020-10-25
9565,Molly,Kline,molly.kline9565@example.com,Alexandria,United States,2021-03-27
9566,Cheryl,Ramsey,cheryl.ramsey9566@example.com,Abu Dhabi,Germany,2024-02-29
9567,Michael,Murray,michael.murray9567@example.com,Cairo,UAE,2021-08-26
9568,Adrian,Chang,adrian.chang9568@example.com,Dubai,Kuwait,2025-07-14
9569,Carl,Brown,carl.brown9569@example.com,Amman,United Kingdom,2020-01-26
9570,Hannah,Norris,hannah.norris9570@example.com,Abu Dhabi,Qatar,2025-07-11
9571,Mary,Nelson,mary.nelson9571@example.com,London,France,2021-07-14
9572,Annette,Moore,annette.moore9572@example.com,Riyadh,Saudi Arabia,2025-10-29
9573,Nathan,Norman,nathan.norman9573@example.com,Abu Dhabi,Egypt,2025-02-22
9574,Mary,Day,mary.day9574@example.com,Cairo,Jordan,2022-07-31
9575,Brian,Webb,brian.webb9575@example.com,London,United Kingdom,2021-07-02
9576,Christina,Garcia,christina.garcia9576@example.com,Giza,Kuwait,2025-01-28
9577,Cynthia,Thomas,cynthia.thomas9577@example.com,Berlin,UAE,2022-09-22
9578,Karen,Stephens,karen.stephens9578@example.com,Dubai,France,2021-10-01
9579,Steven,Matthews,steven.matthews9579@example.com,Cairo,United States,2023-01-09
9580,Jill,Wells,jill.wells9580@example.com,Riyadh,Saudi Arabia,2024-06-04
9581,Julie,Bird,julie.bird9581@example.com,Amman,Germany,2024-12-28
9582,Michelle,Andrews,michelle.andrews9582@example.com,Cairo,Germany,2022-03-18
9583,Jamie,Thompson,jamie.thompson9583@example.com,Jeddah,Jordan,2021-07-29
9584,Christian,Crawford,christian.crawford9584@example.com,Berlin,Germany,2022-04-01
9585,Kenneth,Thomas,kenneth.thomas9585@example.com,Cairo,Saudi Arabia,2020-10-02
9586,Keith,Baker,keith.baker9586@example.com,Alexandria,UAE,2020-04-20
9587,Pamela,Brewer,pamela.brewer9587@example.com,Cairo,United Kingdom,2023-04-11
9588,Jason,Barnes,jason.barnes9588@example.com,Berlin,Kuwait,2021-06-02
9589,Daniel,Poole,daniel.poole9589@example.com,Jeddah,Kuwait,2026-02-02
9590,Brett,Lee,brett.lee9590@example.com,Dubai,Jordan,2022-05-20
9591,Patrick,Reynolds,patrick.reynolds9591@example.com,Jeddah,France,2026-06-18
9592,Grace,Lewis,grace.lewis9592@example.com,Jeddah,Egypt,2025-09-17
9593,Thomas,Hernandez,thomas.hernandez9593@example.com,Alexandria,United Kingdom,2024-07-18
9594,Reginald,Benson,reginald.benson9594@example.com,Amman,Saudi Arabia,2022-04-27
9595,Geoffrey,Villa,geoffrey.villa9595@example.com,Jeddah,Egypt,2023-10-06
9596,Edward,Johnson,edward.johnson9596@example.com,Abu Dhabi,United States,2023-03-17
9597,Brooke,Chan,brooke.chan9597@example.com,Jeddah,United States,2021-06-29
9598,Joel,Barry,joel.barry9598@example.com,Cairo,United Kingdom,2024-02-26
9599,Robert,Taylor,robert.taylor9599@example.com,Jeddah,Kuwait,2026-05-16
9600,Ashley,Gonzalez,ashley.gonzalez9600@example.com,Cairo,Saudi Arabia,2022-02-08
9601,Susan,Silva,susan.silva9601@example.com,Alexandria,Kuwait,2024-02-22
9602,Alejandro,Marshall,alejandro.marshall9602@example.com,Giza,United States,2022-05-31
9603,Cassidy,Johnson,cassidy.johnson9603@example.com,Riyadh,Egypt,2020-01-04
9604,Cody,Sanchez,cody.sanchez9604@example.com,Giza,Saudi Arabia,2023-09-21
9605,Matthew,Yates,matthew.yates9605@example.com,Abu Dhabi,Germany,2021-03-25
9606,Tammy,Johnson,tammy.johnson9606@example.com,Amman,Qatar,2025-12-13
9607,Steven,Gilbert,steven.gilbert9607@example.com,Cairo,United Kingdom,2020-07-18
9608,Christopher,Goodwin,christopher.goodwin9608@example.com,Dubai,United Kingdom,2025-09-18
9609,Austin,Hayes,austin.hayes9609@example.com,London,Egypt,2023-03-16
9610,Ethan,Rodriguez,ethan.rodriguez9610@example.com,Abu Dhabi,Saudi Arabia,2020-09-07
9611,Amber,James,amber.james9611@example.com,Abu Dhabi,Egypt,2023-01-18
9612,Blake,Hicks,blake.hicks9612@example.com,Dubai,Saudi Arabia,2023-11-28
9613,Nicole,Rios,nicole.rios9613@example.com,Jeddah,Germany,2025-09-15
9614,Tyler,Lopez,tyler.lopez9614@example.com,Riyadh,Saudi Arabia,2022-05-24
9615,Angel,Colon,angel.colon9615@example.com,Riyadh,Jordan,2025-11-09
9616,Leslie,Weeks,leslie.weeks9616@example.com,Giza,Kuwait,2025-10-10
9617,Kiara,Paul,kiara.paul9617@example.com,Dubai,France,2023-06-24
9618,Laura,Lutz,laura.lutz9618@example.com,Amman,Qatar,2023-12-13
9619,Daniel,Jackson,daniel.jackson9619@example.com,Berlin,Egypt,2022-03-18
9620,Lindsey,Brandt,lindsey.brandt9620@example.com,Cairo,United States,2020-02-19
9621,Thomas,Smith,thomas.smith9621@example.com,Giza,Germany,2025-10-15
9622,Jonathan,Sanchez,jonathan.sanchez9622@example.com,Riyadh,Germany,2023-02-28
9623,Brian,Good,brian.good9623@example.com,Amman,Saudi Arabia,2025-06-17
9624,Mandy,Malone,mandy.malone9624@example.com,Amman,United Kingdom,2022-12-10
9625,Kelly,Buchanan,kelly.buchanan9625@example.com,Cairo,Saudi Arabia,2020-06-01
9626,Rachel,White,rachel.white9626@example.com,Alexandria,France,2021-02-24
9627,Douglas,Wong,douglas.wong9627@example.com,Jeddah,United States,2025-11-29
9628,Alexis,Peterson,alexis.peterson9628@example.com,Berlin,Jordan,2025-06-04
9629,Jason,Matthews,jason.matthews9629@example.com,Giza,Germany,2021-01-17
9630,Karina,Thomas,karina.thomas9630@example.com,Giza,Qatar,2025-10-14
9631,Jessica,Zuniga,jessica.zuniga9631@example.com,Jeddah,Germany,2025-10-20
9632,Jessica,Aguilar,jessica.aguilar9632@example.com,Jeddah,Saudi Arabia,2020-12-14
9633,Kevin,Morrow,kevin.morrow9633@example.com,London,United States,2025-04-09
9634,Lauren,Wells,lauren.wells9634@example.com,Jeddah,France,2023-12-30
9635,Henry,Jensen,henry.jensen9635@example.com,London,United Kingdom,2022-04-07
9636,Jared,White,jared.white9636@example.com,Dubai,UAE,2024-08-22
9637,Darlene,Gomez,darlene.gomez9637@example.com,Giza,France,2020-06-19
9638,Cody,Leblanc,cody.leblanc9638@example.com,Riyadh,Egypt,2023-09-25
9639,Thomas,Miller,thomas.miller9639@example.com,Berlin,Jordan,2024-03-15
9640,Steven,Cardenas,steven.cardenas9640@example.com,Dubai,Kuwait,2023-12-31
9641,Jennifer,Johnson,jennifer.johnson9641@example.com,Berlin,Saudi Arabia,2026-08-05
9642,Tara,Anderson,tara.anderson9642@example.com,Riyadh,Germany,2023-09-02
9643,Stacy,Wilcox,stacy.wilcox9643@example.com,Amman,UAE,2026-02-12
9644,Michael,Fernandez,michael.fernandez9644@example.com,Riyadh,Jordan,2024-02-02
9645,Daniel,Johnson,daniel.johnson9645@example.com,Dubai,Jordan,2026-06-27
9646,Daniel,Andrews,daniel.andrews9646@example.com,London,United Kingdom,2021-10-30
9647,Daniel,Friedman,daniel.friedman9647@example.com,Abu Dhabi,UAE,2024-05-07
9648,Amanda,Nielsen,amanda.nielsen9648@example.com,Jeddah,UAE,2021-01-21
9649,Christopher,Trujillo,christopher.trujillo9649@example.com,Amman,France,2023-10-04
9650,Amber,Sullivan,amber.sullivan9650@example.com,Berlin,Egypt,2020-09-29
9651,Katherine,Mitchell,katherine.mitchell9651@example.com,Riyadh,United Kingdom,2023-01-01
9652,Catherine,Herrera,catherine.herrera9652@example.com,Jeddah,Germany,2026-02-22
9653,Robert,Mendoza,robert.mendoza9653@example.com,Amman,United States,2022-05-02
9654,Ronnie,Koch,ronnie.koch9654@example.com,Cairo,Jordan,2020-01-27
9655,Tina,Craig,tina.craig9655@example.com,Alexandria,United Kingdom,2023-10-28
9656,David,Ford,david.ford9656@example.com,Dubai,UAE,2025-03-07
9657,Yvette,Velez,yvette.velez9657@example.com,Alexandria,France,2024-04-22
9658,Vincent,Adams,vincent.adams9658@example.com,Jeddah,United States,2026-04-13
9659,Stephen,Johnson,stephen.johnson9659@example.com,Dubai,Kuwait,2023-07-21
9660,Kara,Gonzales,kara.gonzales9660@example.com,Giza,Qatar,2020-09-07
9661,Diane,Bray,diane.bray9661@example.com,Alexandria,Qatar,2021-05-30
9662,Tiffany,Rodriguez,tiffany.rodriguez9662@example.com,Berlin,Qatar,2023-05-13
9663,Antonio,Carter,antonio.carter9663@example.com,Jeddah,Saudi Arabia,2022-09-04
9664,Meghan,Anderson,meghan.anderson9664@example.com,Cairo,United Kingdom,2025-03-28
9665,Samuel,Williams,samuel.williams9665@example.com,Dubai,Egypt,2026-01-01
9666,Richard,Mclaughlin,richard.mclaughlin9666@example.com,London,France,2021-05-27
9667,Kathryn,Mahoney,kathryn.mahoney9667@example.com,Cairo,France,2022-07-05
9668,Kayla,Dunlap,kayla.dunlap9668@example.com,Berlin,UAE,2025-06-04
9669,James,Franklin,james.franklin9669@example.com,Amman,France,2025-02-10
9670,Jessica,Anderson,jessica.anderson9670@example.com,Giza,Saudi Arabia,2025-08-15
9671,James,Nguyen,james.nguyen9671@example.com,Abu Dhabi,UAE,2023-07-30
9672,Jerry,Fernandez,jerry.fernandez9672@example.com,Alexandria,France,2025-08-26
9673,William,Nelson,william.nelson9673@example.com,Jeddah,Jordan,2020-01-05
9674,Shirley,Williams,shirley.williams9674@example.com,London,Egypt,2020-02-05
9675,Eric,Walker,eric.walker9675@example.com,Amman,Saudi Arabia,2021-08-22
9676,Tammy,Ortiz,tammy.ortiz9676@example.com,Giza,Egypt,2021-08-02
9677,Joshua,Lopez,joshua.lopez9677@example.com,Abu Dhabi,UAE,2022-03-03
9678,Jennifer,Smith,jennifer.smith9678@example.com,Abu Dhabi,Kuwait,2025-06-25
9679,Cameron,Jackson,cameron.jackson9679@example.com,Dubai,Egypt,2023-11-29
9680,Julia,Vasquez,julia.vasquez9680@example.com,Amman,France,2025-04-07
9681,Sheila,Hernandez,sheila.hernandez9681@example.com,Giza,United States,2024-10-15
9682,Alexis,Orr,alexis.orr9682@example.com,Giza,United States,2026-07-14
9683,Aaron,Clark,aaron.clark9683@example.com,Amman,Saudi Arabia,2024-03-20
9684,Jeffery,Brown,jeffery.brown9684@example.com,Riyadh,United States,2024-11-14
9685,Andrew,Stone,andrew.stone9685@example.com,Riyadh,Germany,2024-07-07
9686,John,Carter,john.carter9686@example.com,Amman,Germany,2023-04-27
9687,Jennifer,Powell,jennifer.powell9687@example.com,Cairo,United States,2024-03-26
9688,John,Rodriguez,john.rodriguez9688@example.com,Berlin,Jordan,2022-03-08
9689,Adam,Black,adam.black9689@example.com,Abu Dhabi,Kuwait,2020-03-06
9690,Ashley,Osborne,ashley.osborne9690@example.com,Cairo,United States,2024-02-10
9691,Yvette,Martinez,yvette.martinez9691@example.com,Alexandria,UAE,2023-02-27
9692,David,Yates,david.yates9692@example.com,Alexandria,Germany,2024-02-02
9693,Andrew,Friedman,andrew.friedman9693@example.com,Dubai,France,2022-03-31
9694,Melissa,Cruz,melissa.cruz9694@example.com,Alexandria,UAE,2020-12-27
9695,Karen,Burton,karen.burton9695@example.com,London,Saudi Arabia,2022-11-24
9696,Lori,Taylor,lori.taylor9696@example.com,Dubai,United States,2020-02-24
9697,Troy,Peck,troy.peck9697@example.com,Amman,Egypt,2024-01-22
9698,Judy,Perkins,judy.perkins9698@example.com,Abu Dhabi,France,2022-09-23
9699,Amanda,Ayala,amanda.ayala9699@example.com,Jeddah,Egypt,2021-04-12
9700,Jessica,Singh,jessica.singh9700@example.com,Riyadh,France,2026-07-31
9701,Christine,Price,christine.price9701@example.com,Giza,Saudi Arabia,2023-09-08
9702,Amber,Quinn,amber.quinn9702@example.com,Cairo,Saudi Arabia,2020-06-28
9703,Kevin,Zhang,kevin.zhang9703@example.com,Giza,Germany,2021-09-12
9704,Stephanie,Bender,stephanie.bender9704@example.com,Jeddah,Egypt,2020-05-05
9705,Michelle,Kelley,michelle.kelley9705@example.com,Berlin,Egypt,2021-07-05
9706,Timothy,Scott,timothy.scott9706@example.com,Jeddah,Qatar,2026-04-14
9707,John,Williams,john.williams9707@example.com,London,Jordan,2022-12-07
9708,Sandra,Cabrera,sandra.cabrera9708@example.com,Amman,Qatar,2026-09-14
9709,Teresa,Robertson,teresa.robertson9709@example.com,Amman,United Kingdom,2022-04-12
9710,Gabrielle,Wright,gabrielle.wright9710@example.com,Dubai,Qatar,2023-03-29
9711,David,Davis,david.davis9711@example.com,Berlin,United Kingdom,2022-04-27
9712,Mary,Benton,mary.benton9712@example.com,Riyadh,France,2020-12-31
9713,Christopher,Davis,christopher.davis9713@example.com,London,UAE,2021-03-17
9714,Nicole,Flores,nicole.flores9714@example.com,Abu Dhabi,United States,2024-07-08
9715,Eileen,Peters,eileen.peters9715@example.com,Amman,United States,2021-01-08
9716,Mike,Green,mike.green9716@example.com,Abu Dhabi,Germany,2022-09-20
9717,Walter,Malone,walter.malone9717@example.com,Berlin,Germany,2024-05-05
9718,Sydney,Parker,sydney.parker9718@example.com,Abu Dhabi,Jordan,2021-09-30
9719,Teresa,Lopez,teresa.lopez9719@example.com,Cairo,Jordan,2021-01-10
9720,Jordan,Abbott,jordan.abbott9720@example.com,Amman,UAE,2024-07-27
9721,Alexander,Cox,alexander.cox9721@example.com,Jeddah,Qatar,2021-08-22
9722,Mario,Allen,mario.allen9722@example.com,Berlin,UAE,2023-06-25
9723,Robert,Johnson,robert.johnson9723@example.com,Jeddah,United Kingdom,2023-09-26
9724,Marc,Harding,marc.harding9724@example.com,Abu Dhabi,United States,2021-11-12
9725,Catherine,Wright,catherine.wright9725@example.com,Amman,UAE,2023-04-03
9726,Brandi,Padilla,brandi.padilla9726@example.com,Cairo,Egypt,2020-05-20
9727,Michelle,Reynolds,michelle.reynolds9727@example.com,Alexandria,Egypt,2026-02-14
9728,Eddie,Brown,eddie.brown9728@example.com,Jeddah,Egypt,2020-12-19
9729,Brian,Taylor,brian.taylor9729@example.com,Abu Dhabi,Germany,2020-03-12
9730,Nicole,Le,nicole.le9730@example.com,Riyadh,Saudi Arabia,2026-08-10
9731,Lisa,Mccarthy,lisa.mccarthy9731@example.com,Cairo,United Kingdom,2023-10-16
9732,Amber,Davis,amber.davis9732@example.com,Abu Dhabi,Jordan,2021-08-09
9733,William,Knapp,william.knapp9733@example.com,Amman,Saudi Arabia,2024-06-29
9734,Denise,Palmer,denise.palmer9734@example.com,Dubai,Egypt,2022-03-22
9735,Candace,Wang,candace.wang9735@example.com,Dubai,Qatar,2024-09-19
9736,Tammy,Hernandez,tammy.hernandez9736@example.com,Dubai,Germany,2022-04-02
9737,Pamela,Taylor,pamela.taylor9737@example.com,Cairo,Saudi Arabia,2020-08-26
9738,Alyssa,Mason,alyssa.mason9738@example.com,Cairo,Egypt,2026-08-10
9739,Chad,Baker,chad.baker9739@example.com,Cairo,United Kingdom,2026-09-03
9740,Mark,Taylor,mark.taylor9740@example.com,London,Jordan,2020-09-27
9741,Jeremy,Durham,jeremy.durham9741@example.com,Berlin,France,2025-11-04
9742,Dana,Lee,dana.lee9742@example.com,Giza,Egypt,2023-06-22
9743,Larry,Tapia,larry.tapia9743@example.com,Berlin,Egypt,2021-12-11
9744,Jeffrey,Forbes,jeffrey.forbes9744@example.com,Berlin,Jordan,2023-10-07
9745,Andre,Phillips,andre.phillips9745@example.com,Abu Dhabi,Saudi Arabia,2023-10-04
9746,Erik,Davis,erik.davis9746@example.com,Berlin,United States,2022-01-06
9747,Kelsey,Clements,kelsey.clements9747@example.com,London,Egypt,2022-07-31
9748,Andrea,Rivera,andrea.rivera9748@example.com,Cairo,Kuwait,2022-06-22
9749,Ana,Parks,ana.parks9749@example.com,Amman,Germany,2024-10-05
9750,Shawna,Fuller,shawna.fuller9750@example.com,Giza,Jordan,2024-09-06
9751,Kristie,Villegas,kristie.villegas9751@example.com,Jeddah,UAE,2025-12-26
9752,Michael,Smith,michael.smith9752@example.com,Cairo,United Kingdom,2020-12-03
9753,Elizabeth,Mcclain,elizabeth.mcclain9753@example.com,Alexandria,UAE,2024-10-23
9754,Danny,Johnson,danny.johnson9754@example.com,Berlin,Saudi Arabia,2023-11-29
9755,Steven,Thompson,steven.thompson9755@example.com,London,Kuwait,2025-02-22
9756,Brian,Simmons,brian.simmons9756@example.com,Abu Dhabi,France,2020-01-16
9757,Andrew,Miller,andrew.miller9757@example.com,Riyadh,Jordan,2020-10-28
9758,Anna,Boyd,anna.boyd9758@example.com,Giza,Egypt,2023-11-29
9759,Stephen,Johnson,stephen.johnson9759@example.com,Berlin,Jordan,2022-09-28
9760,Jennifer,Reese,jennifer.reese9760@example.com,Cairo,United States,2024-11-07
9761,Gregory,Terrell,gregory.terrell9761@example.com,Amman,Jordan,2025-01-08
9762,David,Moss,david.moss9762@example.com,London,United Kingdom,2023-04-03
9763,Sara,Simmons,sara.simmons9763@example.com,Alexandria,Saudi Arabia,2026-04-03
9764,Michael,Martinez,michael.martinez9764@example.com,London,Saudi Arabia,2023-06-17
9765,Diana,Baker,diana.baker9765@example.com,Alexandria,Germany,2022-08-11
9766,Amanda,Brooks,amanda.brooks9766@example.com,Amman,Germany,2023-12-29
9767,Tyler,Jordan,tyler.jordan9767@example.com,Cairo,Saudi Arabia,2024-07-19
9768,Karen,Walker,karen.walker9768@example.com,Amman,Germany,2025-05-15
9769,Lisa,Vance,lisa.vance9769@example.com,Giza,United Kingdom,2025-07-21
9770,Robin,Molina,robin.molina9770@example.com,Amman,Germany,2021-05-28
9771,Larry,Swanson,larry.swanson9771@example.com,Berlin,United Kingdom,2022-06-06
9772,Tara,Torres,tara.torres9772@example.com,Jeddah,Jordan,2024-11-06
9773,Gregory,Thomas,gregory.thomas9773@example.com,Berlin,United Kingdom,2024-01-04
9774,Scott,Huerta,scott.huerta9774@example.com,Cairo,Saudi Arabia,2024-06-12
9775,Melissa,Evans,melissa.evans9775@example.com,Alexandria,France,2024-07-02
9776,Mandy,Johnson,mandy.johnson9776@example.com,Alexandria,United States,2021-10-12
9777,Christy,Cook,christy.cook9777@example.com,Alexandria,Germany,2024-11-05
9778,Adam,Porter,adam.porter9778@example.com,Jeddah,France,2025-10-09
9779,Julia,Garrett,julia.garrett9779@example.com,Berlin,Egypt,2026-05-23
9780,Jamie,Dennis,jamie.dennis9780@example.com,Dubai,France,2024-06-14
9781,Travis,Hernandez,travis.hernandez9781@example.com,Giza,Germany,2023-08-23
9782,Jimmy,Grant,jimmy.grant9782@example.com,Alexandria,UAE,2026-03-04
9783,Robert,Henry,robert.henry9783@example.com,London,United Kingdom,2020-01-03
9784,Robert,Jackson,robert.jackson9784@example.com,Amman,Kuwait,2026-07-06
9785,Shelby,Sherman,shelby.sherman9785@example.com,London,Jordan,2023-07-26
9786,Kara,Martinez,kara.martinez9786@example.com,London,United Kingdom,2021-03-10
9787,Stephen,Cisneros,stephen.cisneros9787@example.com,Alexandria,Qatar,2023-10-30
9788,Phillip,Hatfield,phillip.hatfield9788@example.com,London,France,2025-05-21
9789,William,Boone,william.boone9789@example.com,Amman,UAE,2024-11-11
9790,Jane,Hughes,jane.hughes9790@example.com,Riyadh,United States,2025-07-24
9791,Michael,Hale,michael.hale9791@example.com,Jeddah,Kuwait,2020-04-12
9792,Ricardo,Hernandez,ricardo.hernandez9792@example.com,Berlin,Jordan,2026-03-31
9793,David,Terrell,david.terrell9793@example.com,Riyadh,United Kingdom,2020-04-10
9794,Stephanie,Howell,stephanie.howell9794@example.com,Riyadh,Egypt,2020-10-23
9795,Scott,Cuevas,scott.cuevas9795@example.com,Abu Dhabi,Saudi Arabia,2024-12-10
9796,Melissa,Ramos,melissa.ramos9796@example.com,Giza,Germany,2023-09-12
9797,Melissa,Adams,melissa.adams9797@example.com,Amman,United Kingdom,2026-07-14
9798,Cindy,Kennedy,cindy.kennedy9798@example.com,Dubai,United States,2020-10-13
9799,Maria,Bates,maria.bates9799@example.com,Alexandria,United States,2023-12-14
9800,Belinda,Fowler,belinda.fowler9800@example.com,Jeddah,Qatar,2021-01-15
9801,Michael,Johnson,michael.johnson9801@example.com,Berlin,United Kingdom,2024-12-12
9802,Theresa,Rodriguez,theresa.rodriguez9802@example.com,Giza,Saudi Arabia,2023-06-17
9803,William,Mason,william.mason9803@example.com,Berlin,Germany,2020-06-10
9804,Timothy,Turner,timothy.turner9804@example.com,Cairo,Qatar,2020-06-27
9805,Dustin,Young,dustin.young9805@example.com,Cairo,United States,2022-01-22
9806,Michelle,Cain,michelle.cain9806@example.com,Abu Dhabi,Kuwait,2026-08-31
9807,Kyle,Parker,kyle.parker9807@example.com,Alexandria,United Kingdom,2025-01-05
9808,Robert,Stevenson,robert.stevenson9808@example.com,Berlin,France,2023-12-02
9809,Nicholas,Hernandez,nicholas.hernandez9809@example.com,Amman,Egypt,2022-08-12
9810,Daniel,Miller,daniel.miller9810@example.com,Cairo,UAE,2026-08-12
9811,Krystal,Reynolds,krystal.reynolds9811@example.com,Dubai,Egypt,2021-05-20
9812,Johnny,Rodgers,johnny.rodgers9812@example.com,Giza,UAE,2023-10-24
9813,Michael,Kelly,michael.kelly9813@example.com,Cairo,Saudi Arabia,2025-09-08
9814,Bailey,Jackson,bailey.jackson9814@example.com,Jeddah,Egypt,2025-07-13
9815,Tara,Keller,tara.keller9815@example.com,Abu Dhabi,UAE,2026-05-30
9816,Joshua,Campbell,joshua.campbell9816@example.com,Cairo,Germany,2023-11-12
9817,Loretta,Miranda,loretta.miranda9817@example.com,Alexandria,UAE,2021-10-25
9818,Craig,Page,craig.page9818@example.com,Dubai,Jordan,2024-07-29
9819,Trevor,Gonzalez,trevor.gonzalez9819@example.com,London,Jordan,2021-05-02
9820,Andrea,Schmidt,andrea.schmidt9820@example.com,Berlin,Egypt,2024-04-23
9821,Steven,Smith,steven.smith9821@example.com,Alexandria,Egypt,2020-02-25
9822,Elizabeth,Hall,elizabeth.hall9822@example.com,Amman,Jordan,2020-03-22
9823,Jeremiah,Byrd,jeremiah.byrd9823@example.com,Alexandria,Kuwait,2021-12-08
9824,Kristina,Mason,kristina.mason9824@example.com,Jeddah,Germany,2021-07-22
9825,Michelle,Drake,michelle.drake9825@example.com,Abu Dhabi,United States,2025-01-22
9826,Jennifer,Rice,jennifer.rice9826@example.com,Riyadh,Jordan,2025-04-07
9827,Joshua,Solis,joshua.solis9827@example.com,Abu Dhabi,Egypt,2023-08-30
9828,Amanda,Kaiser,amanda.kaiser9828@example.com,Amman,Saudi Arabia,2023-02-08
9829,Richard,Cline,richard.cline9829@example.com,Abu Dhabi,Germany,2026-09-13
9830,Andrew,Bradford,andrew.bradford9830@example.com,Riyadh,Germany,2025-07-24
9831,Lisa,Kaiser,lisa.kaiser9831@example.com,Abu Dhabi,Egypt,2024-04-07
9832,Hunter,Martin,hunter.martin9832@example.com,Berlin,France,2022-05-03
9833,Natalie,Collins,natalie.collins9833@example.com,Riyadh,Kuwait,2022-11-02
9834,Diana,Ramirez,diana.ramirez9834@example.com,Riyadh,Jordan,2022-11-07
9835,Leah,Lopez,leah.lopez9835@example.com,Riyadh,Saudi Arabia,2023-02-23
9836,Michelle,Wilson,michelle.wilson9836@example.com,Jeddah,Germany,2026-02-26
9837,Richard,Collins,richard.collins9837@example.com,Berlin,Germany,2023-12-20
9838,Julie,Rice,julie.rice9838@example.com,Berlin,Jordan,2023-01-01
9839,Adam,Bautista,adam.bautista9839@example.com,Berlin,Jordan,2023-04-30
9840,Tyler,Garcia,tyler.garcia9840@example.com,Berlin,Jordan,2023-12-17
9841,Jessica,Brennan,jessica.brennan9841@example.com,Berlin,Germany,2021-10-17
9842,Paul,Archer,paul.archer9842@example.com,Jeddah,France,2022-06-03
9843,James,Brown,james.brown9843@example.com,Jeddah,Germany,2023-05-12
9844,Holly,Garcia,holly.garcia9844@example.com,Berlin,Qatar,2022-09-11
9845,Sean,Clayton,sean.clayton9845@example.com,Alexandria,Egypt,2025-03-02
9846,Cindy,Gaines,cindy.gaines9846@example.com,Amman,Qatar,2025-11-18
9847,Brandon,Davis,brandon.davis9847@example.com,Amman,Egypt,2025-09-11
9848,Joshua,Mays,joshua.mays9848@example.com,London,Kuwait,2022-09-25
9849,Jason,Ellison,jason.ellison9849@example.com,Alexandria,Germany,2026-04-16
9850,Thomas,Wilson,thomas.wilson9850@example.com,Dubai,Kuwait,2023-05-16
9851,Daniel,Vaughn,daniel.vaughn9851@example.com,Dubai,Germany,2026-09-11
9852,Julie,Lawrence,julie.lawrence9852@example.com,Riyadh,United Kingdom,2020-05-09
9853,Steven,Pearson,steven.pearson9853@example.com,Riyadh,Egypt,2023-06-05
9854,Robert,Norman,robert.norman9854@example.com,Riyadh,Egypt,2024-01-19
9855,Daniel,Mccoy,daniel.mccoy9855@example.com,Cairo,United States,2021-12-17
9856,Paul,Ho,paul.ho9856@example.com,Berlin,Kuwait,2024-06-30
9857,Kathleen,Case,kathleen.case9857@example.com,Amman,UAE,2020-02-03
9858,Gabriela,Jensen,gabriela.jensen9858@example.com,Cairo,France,2022-03-18
9859,Karen,Williams,karen.williams9859@example.com,Abu Dhabi,UAE,2022-03-14
9860,William,Garcia,william.garcia9860@example.com,London,Egypt,2025-03-29
9861,Deborah,Bruce,deborah.bruce9861@example.com,Amman,Jordan,2025-06-30
9862,Daisy,Underwood,daisy.underwood9862@example.com,Alexandria,United States,2023-07-13
9863,Mark,Diaz,mark.diaz9863@example.com,Abu Dhabi,Qatar,2020-01-20
9864,Albert,Martinez,albert.martinez9864@example.com,Dubai,United Kingdom,2020-04-27
9865,Jamie,Kim,jamie.kim9865@example.com,Giza,Germany,2021-07-18
9866,Jeffrey,Moreno,jeffrey.moreno9866@example.com,Riyadh,United Kingdom,2023-12-09
9867,Jasmin,Johnson,jasmin.johnson9867@example.com,Giza,Qatar,2020-06-06
9868,Sandra,Grant,sandra.grant9868@example.com,Alexandria,Egypt,2023-05-13
9869,Erica,Hood,erica.hood9869@example.com,Riyadh,Egypt,2022-01-27
9870,Alexandra,Smith,alexandra.smith9870@example.com,Berlin,Saudi Arabia,2023-06-30
9871,Devin,Mcdonald,devin.mcdonald9871@example.com,Dubai,Qatar,2022-07-18
9872,Kathleen,Espinoza,kathleen.espinoza9872@example.com,Giza,UAE,2025-03-15
9873,Taylor,Dougherty,taylor.dougherty9873@example.com,London,Kuwait,2022-08-10
9874,Daniel,Johnson,daniel.johnson9874@example.com,Dubai,France,2023-09-16
9875,Hannah,Rodriguez,hannah.rodriguez9875@example.com,Dubai,Saudi Arabia,2021-02-15
9876,Christina,Daugherty,christina.daugherty9876@example.com,Giza,UAE,2022-09-05
9877,Eric,English,eric.english9877@example.com,Riyadh,United States,2020-04-29
9878,Erica,Koch,erica.koch9878@example.com,Abu Dhabi,UAE,2024-06-30
9879,Brianna,Travis,brianna.travis9879@example.com,Riyadh,UAE,2025-03-02
9880,John,Henry,john.henry9880@example.com,Abu Dhabi,UAE,2026-03-08
9881,David,Gonzalez,david.gonzalez9881@example.com,Jeddah,Germany,2022-01-20
9882,Matthew,Perez,matthew.perez9882@example.com,Riyadh,Saudi Arabia,2020-07-28
9883,Seth,Barnes,seth.barnes9883@example.com,Berlin,Qatar,2025-07-24
9884,Michelle,Yoder,michelle.yoder9884@example.com,Dubai,United Kingdom,2022-02-27
9885,Adam,Yates,adam.yates9885@example.com,Berlin,Qatar,2023-11-28
9886,Amy,Nunez,amy.nunez9886@example.com,Abu Dhabi,Qatar,2020-11-24
9887,Jennifer,Diaz,jennifer.diaz9887@example.com,Abu Dhabi,Germany,2020-06-16
9888,Michael,Camacho,michael.camacho9888@example.com,London,Saudi Arabia,2026-07-22
9889,Vincent,Smith,vincent.smith9889@example.com,Dubai,Qatar,2021-01-19
9890,Denise,Caldwell,denise.caldwell9890@example.com,Giza,France,2023-05-31
9891,Kelly,Lindsey,kelly.lindsey9891@example.com,Riyadh,Qatar,2023-07-04
9892,Dennis,Walter,dennis.walter9892@example.com,Dubai,France,2020-05-08
9893,Tamara,Martin,tamara.martin9893@example.com,Jeddah,UAE,2025-04-25
9894,Madison,Myers,madison.myers9894@example.com,Alexandria,United Kingdom,2021-03-16
9895,Benjamin,Holder,benjamin.holder9895@example.com,Jeddah,France,2022-03-29
9896,Carrie,Hines,carrie.hines9896@example.com,Dubai,France,2022-10-21
9897,Andrea,Bradford,andrea.bradford9897@example.com,Jeddah,Saudi Arabia,2021-07-29
9898,Jordan,Estrada,jordan.estrada9898@example.com,Giza,Qatar,2025-05-02
9899,Andrew,Owen,andrew.owen9899@example.com,Riyadh,Germany,2021-11-14
9900,Evelyn,Kelly,evelyn.kelly9900@example.com,Jeddah,Kuwait,2021-02-19
9901,Samuel,Vaughn,samuel.vaughn9901@example.com,Alexandria,Germany,2020-04-27
9902,John,Atkinson,john.atkinson9902@example.com,Berlin,Kuwait,2025-11-23
9903,Robin,Diaz,robin.diaz9903@example.com,Giza,United Kingdom,2024-12-15
9904,Kaitlyn,Rich,kaitlyn.rich9904@example.com,Jeddah,UAE,2020-02-27
9905,Douglas,Morris,douglas.morris9905@example.com,London,United States,2020-08-30
9906,Jill,Roberson,jill.roberson9906@example.com,Jeddah,United States,2022-08-16
9907,Patricia,Colon,patricia.colon9907@example.com,Giza,United States,2024-11-02
9908,Paul,Smith,paul.smith9908@example.com,Dubai,Egypt,2022-08-20
9909,Sarah,Robinson,sarah.robinson9909@example.com,London,United States,2023-10-08
9910,Michael,Krause,michael.krause9910@example.com,Giza,Germany,2025-07-16
9911,Stephanie,Banks,stephanie.banks9911@example.com,Cairo,Kuwait,2023-10-06
9912,Katie,Orozco,katie.orozco9912@example.com,Cairo,Qatar,2026-08-14
9913,Eric,Allison,eric.allison9913@example.com,Berlin,UAE,2021-05-27
9914,Jacqueline,Neal,jacqueline.neal9914@example.com,Jeddah,France,2022-07-21
9915,Christine,Glenn,christine.glenn9915@example.com,Giza,UAE,2022-05-31
9916,Becky,Roberts,becky.roberts9916@example.com,Abu Dhabi,Jordan,2025-12-15
9917,Melissa,Gordon,melissa.gordon9917@example.com,Berlin,United Kingdom,2020-06-06
9918,Jeffrey,Smith,jeffrey.smith9918@example.com,Abu Dhabi,United Kingdom,2023-11-10
9919,Roberta,Rodgers,roberta.rodgers9919@example.com,Giza,Kuwait,2021-09-15
9920,Caroline,Pacheco,caroline.pacheco9920@example.com,Cairo,UAE,2024-02-21
9921,Lisa,Stewart,lisa.stewart9921@example.com,London,Jordan,2024-06-29
9922,Jeremy,Hernandez,jeremy.hernandez9922@example.com,Abu Dhabi,Qatar,2020-07-08
9923,Micheal,Jones,micheal.jones9923@example.com,Alexandria,United Kingdom,2021-12-20
9924,Thomas,Diaz,thomas.diaz9924@example.com,Dubai,Saudi Arabia,2022-10-05
9925,Lindsey,Pierce,lindsey.pierce9925@example.com,Abu Dhabi,UAE,2025-04-14
9926,Paul,Carter,paul.carter9926@example.com,Riyadh,Qatar,2024-12-13
9927,Jennifer,Sanchez,jennifer.sanchez9927@example.com,Jeddah,France,2022-01-26
9928,Elizabeth,Walls,elizabeth.walls9928@example.com,London,United States,2020-09-18
9929,Michelle,Hall,michelle.hall9929@example.com,Giza,Qatar,2023-04-14
9930,Andrea,Davis,andrea.davis9930@example.com,London,Egypt,2023-03-14
9931,Mark,Wilkins,mark.wilkins9931@example.com,Abu Dhabi,Jordan,2020-12-14
9932,Nicole,Hill,nicole.hill9932@example.com,Berlin,Jordan,2023-05-10
9933,Victor,Green,victor.green9933@example.com,Dubai,Germany,2024-03-05
9934,Victoria,Henry,victoria.henry9934@example.com,Dubai,Saudi Arabia,2020-06-05
9935,Lori,Richards,lori.richards9935@example.com,Alexandria,United States,2025-06-04
9936,Roger,Haley,roger.haley9936@example.com,Amman,Saudi Arabia,2021-03-15
9937,Luke,Wright,luke.wright9937@example.com,Riyadh,Egypt,2024-07-29
9938,Matthew,Garner,matthew.garner9938@example.com,Alexandria,United States,2021-04-14
9939,Robin,Rodriguez,robin.rodriguez9939@example.com,Amman,United States,2021-06-02
9940,Amy,Jones,amy.jones9940@example.com,Jeddah,Qatar,2020-09-20
9941,Shane,Vasquez,shane.vasquez9941@example.com,Amman,Jordan,2021-10-24
9942,Lindsay,Anderson,lindsay.anderson9942@example.com,Berlin,Saudi Arabia,2024-10-16
9943,Brittany,Hubbard,brittany.hubbard9943@example.com,Alexandria,United States,2020-12-07
9944,Tyler,Garcia,tyler.garcia9944@example.com,Cairo,United Kingdom,2025-06-26
9945,Michael,Moore,michael.moore9945@example.com,Dubai,United States,2021-09-29
9946,Melissa,Fowler,melissa.fowler9946@example.com,Alexandria,Saudi Arabia,2026-08-28
9947,Kathryn,Burnett,kathryn.burnett9947@example.com,Berlin,Jordan,2024-06-14
9948,Steven,Perez,steven.perez9948@example.com,London,Saudi Arabia,2023-08-12
9949,Patrick,Hernandez,patrick.hernandez9949@example.com,Amman,Jordan,2025-03-01
9950,Kristin,Graham,kristin.graham9950@example.com,Jeddah,France,2021-04-11
9951,Joanna,Ewing,joanna.ewing9951@example.com,Cairo,Qatar,2021-07-14
9952,Kelsey,Henderson,kelsey.henderson9952@example.com,London,United Kingdom,2025-01-22
9953,Steven,Thomas,steven.thomas9953@example.com,Amman,Egypt,2024-12-15
9954,Michael,Alexander,michael.alexander9954@example.com,Abu Dhabi,Qatar,2026-09-02
9955,Anthony,Harris,anthony.harris9955@example.com,London,Saudi Arabia,2024-03-08
9956,Margaret,Marshall,margaret.marshall9956@example.com,Dubai,Egypt,2022-11-07
9957,Michael,Trujillo,michael.trujillo9957@example.com,Abu Dhabi,Qatar,2020-07-28
9958,Karen,Castillo,karen.castillo9958@example.com,Cairo,UAE,2020-01-25
9959,Wanda,Goodwin,wanda.goodwin9959@example.com,Alexandria,Germany,2025-11-02
9960,Timothy,Sharp,timothy.sharp9960@example.com,Dubai,United Kingdom,2025-07-17
9961,Jay,Tucker,jay.tucker9961@example.com,Berlin,United States,2020-05-20
9962,Kurt,Perez,kurt.perez9962@example.com,Dubai,Kuwait,2023-11-19
9963,Allen,Lopez,allen.lopez9963@example.com,Cairo,UAE,2026-08-31
9964,Scott,Nicholson,scott.nicholson9964@example.com,Riyadh,United Kingdom,2024-06-25
9965,Mary,Gordon,mary.gordon9965@example.com,Amman,Germany,2020-07-12
9966,Mark,Stevens,mark.stevens9966@example.com,Dubai,Egypt,2023-01-19
9967,Herbert,Williams,herbert.williams9967@example.com,Cairo,United States,2022-04-22
9968,Anna,Cook,anna.cook9968@example.com,Abu Dhabi,Germany,2025-02-24
9969,Kaylee,Foster,kaylee.foster9969@example.com,Riyadh,Kuwait,2020-10-08
9970,Allison,Zavala,allison.zavala9970@example.com,Berlin,UAE,2022-09-10
9971,Patricia,Lopez,patricia.lopez9971@example.com,Jeddah,United Kingdom,2025-08-30
9972,Zachary,Evans,zachary.evans9972@example.com,Giza,Egypt,2020-11-05
9973,Brandon,Butler,brandon.butler9973@example.com,Dubai,United Kingdom,2021-06-25
9974,John,Smith,john.smith9974@example.com,Amman,UAE,2020-10-20
9975,Denise,Bennett,denise.bennett9975@example.com,Cairo,Qatar,2021-02-14
9976,Jamie,Mendoza,jamie.mendoza9976@example.com,Dubai,Jordan,2023-02-24
9977,Carlos,Davenport,carlos.davenport9977@example.com,Jeddah,Egypt,2021-02-15
9978,Jamie,Morgan,jamie.morgan9978@example.com,Berlin,Kuwait,2021-10-16
9979,Jessica,Rasmussen,jessica.rasmussen9979@example.com,Alexandria,Egypt,2021-02-07
9980,Richard,Butler,richard.butler9980@example.com,Dubai,United Kingdom,2026-02-18
9981,Devon,Munoz,devon.munoz9981@example.com,Alexandria,Qatar,2022-08-24
9982,Jeffery,Rice,jeffery.rice9982@example.com,Alexandria,Egypt,2026-03-03
9983,Jennifer,Huff,jennifer.huff9983@example.com,Dubai,Saudi Arabia,2024-05-03
9984,Catherine,Russell,catherine.russell9984@example.com,Berlin,Saudi Arabia,2024-08-10
9985,Emily,Johnson,emily.johnson9985@example.com,Dubai,Germany,2020-02-07
9986,Jose,Sellers,jose.sellers9986@example.com,Dubai,United Kingdom,2026-05-04
9987,Alexandra,Long,alexandra.long9987@example.com,Giza,France,2022-10-02
9988,Erin,Thompson,erin.thompson9988@example.com,Jeddah,United States,2020-02-21
9989,Heather,Deleon,heather.deleon9989@example.com,Amman,United Kingdom,2026-08-23
9990,Kimberly,Green,kimberly.green9990@example.com,Abu Dhabi,France,2024-10-20
9991,Michael,Johnson,michael.johnson9991@example.com,Amman,UAE,2020-07-08
9992,Alicia,Flowers,alicia.flowers9992@example.com,Cairo,Egypt,2023-12-19
9993,Kelsey,Wells,kelsey.wells9993@example.com,Alexandria,Saudi Arabia,2022-11-18
9994,Becky,Harmon,becky.harmon9994@example.com,Giza,Egypt,2025-04-25
9995,Susan,Murphy,susan.murphy9995@example.com,Cairo,France,2021-04-12
9996,Melissa,Patterson,melissa.patterson9996@example.com,Jeddah,Jordan,2023-01-06
9997,Jonathan,Smith,jonathan.smith9997@example.com,Berlin,Qatar,2020-04-22
9998,James,Douglas,james.douglas9998@example.com,Berlin,United States,2023-08-06
9999,Marc,Cole,marc.cole9999@example.com,Giza,UAE,2022-06-06
10000,Jillian,Porter,jillian.porter10000@example.com,Amman,Egypt,2025-12-07
